-- MySQL dump 10.13  Distrib 8.0.25, for Linux (x86_64)
--
-- Host: localhost    Database: trashtalk_api_db
-- ------------------------------------------------------
-- Server version	8.0.25

/*!40101 SET @OLD_CHARACTER_SET_CLIENT=@@CHARACTER_SET_CLIENT */;
/*!40101 SET @OLD_CHARACTER_SET_RESULTS=@@CHARACTER_SET_RESULTS */;
/*!40101 SET @OLD_COLLATION_CONNECTION=@@COLLATION_CONNECTION */;
/*!50503 SET NAMES utf8mb4 */;
/*!40103 SET @OLD_TIME_ZONE=@@TIME_ZONE */;
/*!40103 SET TIME_ZONE='+00:00' */;
/*!40014 SET @OLD_UNIQUE_CHECKS=@@UNIQUE_CHECKS, UNIQUE_CHECKS=0 */;
/*!40014 SET @OLD_FOREIGN_KEY_CHECKS=@@FOREIGN_KEY_CHECKS, FOREIGN_KEY_CHECKS=0 */;
/*!40101 SET @OLD_SQL_MODE=@@SQL_MODE, SQL_MODE='NO_AUTO_VALUE_ON_ZERO' */;
/*!40111 SET @OLD_SQL_NOTES=@@SQL_NOTES, SQL_NOTES=0 */;

--
-- Table structure for table `nba_game_data`
--

DROP TABLE IF EXISTS `nba_game_data`;
/*!40101 SET @saved_cs_client     = @@character_set_client */;
/*!50503 SET character_set_client = utf8mb4 */;
CREATE TABLE `nba_game_data` (
  `id` int unsigned NOT NULL AUTO_INCREMENT,
  `nba_api_game_id` int unsigned NOT NULL,
  `start_time_utc` timestamp NULL DEFAULT CURRENT_TIMESTAMP,
  `home_team_nba_api_id` int DEFAULT '0',
  `away_team_nba_api_id` int DEFAULT '0',
  `status` varchar(20) COLLATE utf8mb4_unicode_ci DEFAULT NULL,
  `clock` varchar(20) COLLATE utf8mb4_unicode_ci DEFAULT NULL,
  `quarter` int DEFAULT NULL,
  `home_score` int DEFAULT '0',
  `away_score` int DEFAULT '0',
  `chat_participant_count` int DEFAULT '0',
  PRIMARY KEY (`id`),
  UNIQUE KEY `nba_api_game_id` (`nba_api_game_id`)
) ENGINE=InnoDB AUTO_INCREMENT=3632330 DEFAULT CHARSET=utf8mb4 COLLATE=utf8mb4_unicode_ci;
/*!40101 SET character_set_client = @saved_cs_client */;

--
-- Dumping data for table `nba_game_data`
--

LOCK TABLES `nba_game_data` WRITE;
/*!40000 ALTER TABLE `nba_game_data` DISABLE KEYS */;
INSERT INTO `nba_game_data` VALUES (242940,326409,'2022-11-26 00:00:00',153,154,'finished','00:00',0,99,107,0),(242941,326410,'2022-11-26 00:30:00',151,156,'after over time','00:00',0,129,132,0),(242942,326411,'2022-11-26 01:00:00',148,137,'finished','00:00',0,117,102,0),(242943,326412,'2022-11-26 01:00:00',158,145,'finished','00:00',0,94,105,0),(242944,326413,'2022-11-26 01:00:00',152,136,'after over time','00:00',0,123,119,0),(242945,326414,'2022-11-26 01:00:00',133,157,'finished','00:00',0,122,104,0),(242946,326415,'2022-11-26 01:00:00',147,161,'finished','00:00',0,110,107,0),(242947,326416,'2022-11-26 01:00:00',142,132,'finished','00:00',0,128,122,0),(242948,326417,'2022-11-26 01:00:00',146,150,'finished','00:00',0,132,111,0),(242949,326418,'2022-11-26 01:00:00',143,134,'finished','00:00',0,128,117,0),(242950,326419,'2022-11-26 02:00:00',155,140,'finished','00:00',0,108,102,0),(242951,326420,'2022-11-26 03:00:00',141,160,'finished','00:00',0,129,118,0),(242952,326421,'2022-11-26 03:30:00',144,139,'finished','00:00',0,104,114,0),(242953,326422,'2022-11-26 22:00:00',159,138,'quarter 4','3',0,83,84,0),(242954,326423,'2022-11-27 01:00:00',142,152,'finished','00:00',0,118,105,0),(242955,326424,'2022-11-27 01:00:00',158,145,'finished','00:00',0,138,143,0),(242956,326425,'2022-11-27 02:00:00',155,160,'finished','00:00',0,113,112,0),(242957,326426,'2022-11-27 20:00:00',134,156,'finished','00:00',0,111,97,1),(242958,326427,'2022-11-27 20:30:00',149,141,'finished','00:00',0,114,137,0),(242959,326428,'2022-11-27 21:00:00',144,143,'finished','00:00',0,114,100,0),(242960,326429,'2022-11-27 22:00:00',132,147,'quarter 4','5',0,86,99,0),(242961,326430,'2022-11-27 23:00:00',133,161,'quarter 2','11',0,67,52,0),(242962,326431,'2022-11-27 23:00:00',140,137,'quarter 2','7',0,42,40,0),(242963,326432,'2022-11-27 23:00:00',151,146,'quarter 2','7',0,36,41,0),(242964,326433,'2022-11-27 23:00:00',153,154,'quarter 2','8',0,39,56,0),(242976,326434,'2022-11-28 01:00:00',148,138,'finished','00:00',0,124,115,0),(248577,326435,'2022-11-29 00:00:00',154,132,'finished','00:00',0,104,101,0),(248578,326436,'2022-11-29 00:00:00',161,149,'finished','00:00',0,142,127,0),(248579,326437,'2022-11-29 00:30:00',133,135,'finished','00:00',0,140,105,0),(248580,326438,'2022-11-29 00:30:00',134,153,'finished','00:00',0,109,102,0),(248581,326439,'2022-11-29 00:30:00',159,137,'finished','00:00',0,100,88,0),(248582,326440,'2022-11-29 01:00:00',150,152,'finished','00:00',0,105,101,0),(248583,326441,'2022-11-29 02:00:00',139,142,'finished','00:00',0,129,113,0),(248584,326442,'2022-11-29 02:00:00',160,136,'finished','00:00',0,107,114,0),(248585,326443,'2022-11-29 03:00:00',157,155,'finished','00:00',0,117,122,0),(248586,326444,'2022-11-29 03:30:00',145,143,'finished','00:00',0,115,116,0),(281659,326445,'2022-11-30 00:00:00',140,151,'finished','00:00',0,110,140,0),(281660,326446,'2022-11-30 00:30:00',138,141,'finished','00:00',0,116,113,0),(281661,326447,'2022-11-30 03:00:00',156,144,'finished','00:00',0,112,118,0),(316082,326448,'2022-12-01 00:00:00',137,154,'finished','00:00',0,113,85,0),(316083,326449,'2022-12-01 00:00:00',153,132,'finished','00:00',0,108,125,0),(316084,326450,'2022-12-01 00:30:00',133,147,'finished','00:00',0,134,121,0),(316085,326451,'2022-12-01 00:30:00',134,161,'finished','00:00',0,113,107,0),(316086,326452,'2022-12-01 00:30:00',151,148,'finished','00:00',0,103,109,0),(316087,326453,'2022-12-01 01:00:00',152,158,'finished','00:00',0,119,111,0),(316088,326454,'2022-12-01 01:00:00',149,146,'finished','00:00',0,109,101,0),(316089,326455,'2022-12-01 01:00:00',150,159,'finished','00:00',0,126,108,0),(316090,326456,'2022-12-01 02:00:00',155,136,'finished','00:00',0,132,113,0),(316091,326457,'2022-12-01 02:00:00',160,144,'finished','00:00',0,125,112,0),(316092,326458,'2022-12-01 02:00:00',139,142,'finished','00:00',0,120,100,0),(316093,326459,'2022-12-01 03:00:00',157,143,'finished','00:00',0,137,114,0),(316094,326460,'2022-12-01 03:30:00',145,156,'finished','00:00',0,128,109,0),(357637,326461,'2022-12-02 00:00:00',140,138,'after over time','00:00',0,131,125,1),(400763,326462,'2022-12-03 00:00:00',135,161,'finished','00:00',0,117,116,0),(400764,326463,'2022-12-03 00:30:00',137,153,'finished','00:00',0,107,96,0),(400765,326464,'2022-12-03 00:30:00',148,145,'finished','00:00',0,129,133,0),(400766,326465,'2022-12-03 00:30:00',133,147,'after over time','00:00',0,116,120,0),(400767,326466,'2022-12-03 00:30:00',134,159,'finished','00:00',0,114,105,0),(400768,326467,'2022-12-03 00:30:00',132,139,'finished','00:00',0,117,109,0),(400769,326468,'2022-12-03 01:00:00',146,154,'finished','00:00',0,117,109,0),(400770,326469,'2022-12-03 01:00:00',158,150,'finished','00:00',0,99,117,0),(400771,326470,'2022-12-03 02:00:00',155,142,'finished','00:00',0,121,122,0),(400772,326471,'2022-12-03 02:00:00',160,143,'finished','00:00',0,139,119,0),(400773,326472,'2022-12-03 03:00:00',141,136,'finished','00:00',0,119,111,0),(400774,326473,'2022-12-03 17:30:00',151,138,'finished','00:00',0,100,121,0),(400775,326474,'2022-12-03 21:00:00',144,157,'finished','00:00',0,96,123,0),(400776,326475,'2022-12-03 23:00:00',135,148,'quarter 2','8',0,35,47,0),(442479,326476,'2022-12-04 01:00:00',149,152,'finished','00:00',0,128,135,0),(442480,326477,'2022-12-04 01:00:00',159,153,'finished','00:00',0,121,108,0),(442481,326478,'2022-12-04 01:30:00',141,142,'finished','00:00',0,120,101,0),(442482,326479,'2022-12-04 02:00:00',160,156,'finished','00:00',0,111,116,0),(442483,326480,'2022-12-04 20:30:00',150,139,'finished','00:00',0,121,106,0),(442484,326481,'2022-12-04 21:00:00',158,155,'finished','00:00',0,95,133,0),(442485,326482,'2022-12-04 23:00:00',157,136,'quarter 2','11',0,61,43,0),(442486,326483,'2022-12-04 23:00:00',161,145,'quarter 2','9',0,40,54,0),(442487,326484,'2022-12-04 23:00:00',140,146,'quarter 2','8',0,52,59,0),(442488,326485,'2022-12-04 23:00:00',151,137,'quarter 2','10',0,43,36,0),(442489,326486,'2022-12-04 23:00:00',134,133,'quarter 2','10',0,48,55,0),(500006,326487,'2022-12-05 02:00:00',156,143,'finished','00:00',0,116,100,0),(553189,326488,'2022-12-06 00:00:00',135,144,'finished','00:00',0,117,119,0),(553190,326489,'2022-12-06 00:00:00',153,148,'finished','00:00',0,102,109,0),(553191,326490,'2022-12-06 00:30:00',132,152,'finished','00:00',0,114,121,0),(553192,326491,'2022-12-06 00:30:00',159,133,'finished','00:00',0,110,116,0),(553193,326492,'2022-12-06 01:00:00',146,147,'finished','00:00',0,101,93,0),(553194,326493,'2022-12-06 01:00:00',142,154,'after over time','00:00',0,132,123,0),(553195,326494,'2022-12-06 01:30:00',138,155,'finished','00:00',0,130,111,0),(553196,326495,'2022-12-06 03:00:00',141,143,'finished','00:00',0,104,112,0),(583391,326496,'2022-12-07 00:30:00',147,140,'finished','00:00',0,96,116,0),(583392,326497,'2022-12-07 00:30:00',137,145,'finished','00:00',0,116,102,0),(583393,326498,'2022-12-07 03:00:00',139,138,'finished','00:00',0,115,116,0),(612148,326499,'2022-12-08 00:00:00',153,144,'after over time','00:00',0,116,111,0),(612149,326500,'2022-12-08 00:30:00',134,135,'finished','00:00',0,122,116,0),(612150,326501,'2022-12-08 00:30:00',151,132,'finished','00:00',0,113,89,0),(612151,326502,'2022-12-08 00:30:00',159,145,'finished','00:00',0,126,113,0),(612152,326503,'2022-12-08 01:00:00',149,143,'finished','00:00',0,121,115,0),(612153,326504,'2022-12-08 01:00:00',150,140,'finished','00:00',0,104,98,0),(612154,326505,'2022-12-08 01:00:00',146,152,'finished','00:00',0,123,102,0),(612155,326506,'2022-12-08 01:00:00',148,157,'finished','00:00',0,126,113,0),(612156,326507,'2022-12-08 01:00:00',136,161,'finished','00:00',0,115,111,0),(612157,326508,'2022-12-08 02:00:00',160,141,'finished','00:00',0,124,123,0),(612158,326509,'2022-12-08 03:00:00',155,133,'finished','00:00',0,98,125,0),(648109,326510,'2022-12-09 00:30:00',147,144,'finished','00:00',0,115,110,0),(648110,326511,'2022-12-09 01:30:00',158,142,'finished','00:00',0,118,109,0),(648111,326512,'2022-12-09 03:00:00',156,139,'finished','00:00',0,120,121,0),(688365,326513,'2022-12-10 00:00:00',153,159,'finished','00:00',0,113,109,0),(688366,326514,'2022-12-10 00:00:00',143,161,'finished','00:00',0,121,111,0),(688367,326515,'2022-12-10 00:00:00',135,151,'finished','00:00',0,102,121,0),(688368,326516,'2022-12-10 00:30:00',134,132,'finished','00:00',0,120,116,0),(688369,326517,'2022-12-10 00:30:00',137,157,'finished','00:00',0,95,106,0),(688370,326518,'2022-12-10 00:30:00',154,145,'after over time','00:00',0,133,122,0),(688371,326519,'2022-12-10 01:00:00',146,140,'finished','00:00',0,114,103,0),(688372,326520,'2022-12-10 01:30:00',150,155,'finished','00:00',0,128,117,0),(688373,326521,'2022-12-10 02:00:00',160,149,'finished','00:00',0,108,118,0),(688374,326522,'2022-12-10 03:00:00',138,148,'finished','00:00',0,105,106,0),(688375,326523,'2022-12-10 22:00:00',147,158,'quarter 4','4',0,91,93,0),(728626,326524,'2022-12-11 00:00:00',143,134,'finished','00:00',0,133,136,0),(728627,326525,'2022-12-11 00:00:00',161,144,'finished','00:00',0,107,114,0),(728628,326526,'2022-12-11 00:30:00',137,152,'finished','00:00',0,110,102,1),(728629,326527,'2022-12-11 01:00:00',136,138,'finished','00:00',0,144,115,0),(728630,326528,'2022-12-11 01:30:00',141,133,'finished','00:00',0,123,107,0),(728631,326529,'2022-12-11 02:00:00',139,160,'finished','00:00',0,115,110,0),(728632,326530,'2022-12-11 03:00:00',156,149,'finished','00:00',0,124,118,0),(728633,326531,'2022-12-11 20:30:00',150,155,'after over time','00:00',0,129,124,0),(728634,326532,'2022-12-11 23:00:00',154,135,'quarter 2','10',0,48,40,0),(728635,326533,'2022-12-11 23:00:00',140,145,'quarter 2','11',0,44,56,0),(728636,326534,'2022-12-11 23:00:00',153,159,'quarter 2','7',0,37,29,0),(728637,326535,'2022-12-11 23:00:00',151,157,'quarter 2','6',0,47,32,0),(728638,326536,'2022-12-11 23:30:00',132,136,'quarter 1','7',0,15,14,0),(783282,326537,'2022-12-12 00:00:00',142,148,'finished','00:00',0,97,92,0),(837904,326538,'2022-12-13 00:00:00',143,147,'finished','00:00',0,82,87,0),(837905,326539,'2022-12-13 00:00:00',161,134,'finished','00:00',0,100,112,0),(837906,326540,'2022-12-13 01:00:00',146,132,'finished','00:00',0,128,103,0),(837907,326541,'2022-12-13 01:30:00',138,152,'finished','00:00',0,121,114,0),(837908,326542,'2022-12-13 01:30:00',158,137,'finished','00:00',0,112,111,0),(837909,326543,'2022-12-13 03:00:00',156,149,'finished','00:00',0,133,112,0),(837910,326544,'2022-12-13 03:30:00',144,133,'finished','00:00',0,113,93,0),(869540,326545,'2022-12-14 00:00:00',154,157,'finished','00:00',0,123,103,0),(869541,326546,'2022-12-14 00:30:00',148,141,'finished','00:00',0,128,111,0),(869542,326547,'2022-12-14 01:00:00',142,155,'finished','00:00',0,111,97,0),(869543,326548,'2022-12-14 02:00:00',160,150,'finished','00:00',0,121,100,0),(869544,326549,'2022-12-14 03:00:00',145,133,'after over time','00:00',0,118,122,0),(898255,326550,'2022-12-15 00:00:00',135,140,'after over time','00:00',0,134,141,0),(898256,326551,'2022-12-15 00:00:00',143,141,'finished','00:00',0,125,119,0),(898257,326552,'2022-12-15 00:00:00',153,132,'finished','00:00',0,135,124,0),(898258,326553,'2022-12-15 00:30:00',136,151,'after over time','00:00',0,120,128,0),(898259,326554,'2022-12-15 00:30:00',159,157,'finished','00:00',0,123,124,0),(898260,326555,'2022-12-15 01:00:00',152,147,'finished','00:00',0,108,110,0),(898261,326556,'2022-12-15 01:00:00',158,156,'finished','00:00',0,112,128,0),(898262,326557,'2022-12-15 02:00:00',138,137,'finished','00:00',0,90,105,0),(898263,326558,'2022-12-15 02:00:00',139,161,'finished','00:00',0,141,128,0),(898264,326559,'2022-12-15 03:00:00',144,149,'finished','00:00',0,99,88,0),(937089,326560,'2022-12-16 01:00:00',142,147,'finished','00:00',0,108,111,0),(937090,326561,'2022-12-16 01:00:00',146,148,'finished','00:00',0,142,101,0),(937091,326562,'2022-12-16 02:00:00',160,150,'after over time','00:00',0,132,129,0),(937092,326563,'2022-12-16 03:30:00',144,155,'finished','00:00',0,95,111,0),(978784,326564,'2022-12-17 00:00:00',135,132,'finished','00:00',0,106,125,0),(978785,326565,'2022-12-17 00:00:00',140,157,'finished','00:00',0,113,122,0),(978786,326566,'2022-12-17 00:30:00',133,153,'finished','00:00',0,109,117,0),(978787,326567,'2022-12-17 00:30:00',137,143,'finished','00:00',0,118,112,0),(978788,326568,'2022-12-17 00:30:00',154,141,'finished','00:00',0,118,106,0),(978789,326569,'2022-12-17 00:30:00',159,134,'finished','00:00',0,116,119,0),(978790,326570,'2022-12-17 01:00:00',136,151,'finished','00:00',0,91,114,0),(978791,326571,'2022-12-17 01:00:00',152,149,'finished','00:00',0,110,112,0),(978792,326572,'2022-12-17 01:30:00',138,156,'finished','00:00',0,130,110,0),(978793,326573,'2022-12-17 03:00:00',145,139,'finished','00:00',0,126,108,0),(978794,326574,'2022-12-17 21:00:00',144,161,'finished','00:00',0,102,93,0),(978795,326575,'2022-12-17 22:00:00',158,147,'quarter 3','6',0,65,61,0),(1021934,326576,'2022-12-18 01:00:00',137,138,'after over time','00:00',0,100,99,0),(1021935,326577,'2022-12-18 01:00:00',142,156,'finished','00:00',0,95,107,0),(1021936,326578,'2022-12-18 01:00:00',148,160,'finished','00:00',0,123,97,0),(1021937,326579,'2022-12-18 01:00:00',152,146,'finished','00:00',0,115,109,0),(1021938,326580,'2022-12-18 02:00:00',155,150,'finished','00:00',0,118,114,0),(1021939,326581,'2022-12-18 20:00:00',133,153,'finished','00:00',0,92,95,1),(1021940,326582,'2022-12-18 22:00:00',143,151,'quarter 4','1',0,85,84,0),(1021941,326583,'2022-12-18 23:00:00',140,134,'quarter 2','10',0,61,48,0),(1021942,326584,'2022-12-18 23:00:00',159,141,'quarter 2','7',0,43,56,0),(1075142,326585,'2022-12-19 00:00:00',149,136,'finished','00:00',0,150,126,0),(1075143,326586,'2022-12-19 01:00:00',139,135,'finished','00:00',0,119,115,0),(1075144,326587,'2022-12-19 02:30:00',145,161,'finished','00:00',0,119,117,0),(1122581,326588,'2022-12-20 00:00:00',137,160,'finished','00:00',0,122,99,0),(1122582,326589,'2022-12-20 00:00:00',154,159,'after over time','00:00',0,104,101,0),(1122583,326590,'2022-12-20 00:30:00',132,153,'finished','00:00',0,126,125,0),(1122584,326591,'2022-12-20 01:00:00',152,156,'finished','00:00',0,123,121,0),(1122585,326592,'2022-12-20 01:00:00',149,138,'finished','00:00',0,116,106,0),(1122586,326593,'2022-12-20 01:00:00',150,148,'finished','00:00',0,119,128,0),(1122587,326594,'2022-12-20 01:00:00',142,158,'finished','00:00',0,105,124,0),(1122588,326595,'2022-12-20 02:00:00',155,145,'finished','00:00',0,130,104,0),(1122589,326596,'2022-12-20 03:00:00',157,135,'finished','00:00',0,119,125,0),(1157075,326597,'2022-12-21 00:00:00',140,160,'finished','00:00',0,111,126,0),(1157076,326598,'2022-12-21 00:30:00',147,136,'finished','00:00',0,103,113,0),(1157077,326599,'2022-12-21 00:30:00',151,141,'finished','00:00',0,132,94,0),(1157078,326600,'2022-12-21 02:00:00',155,161,'finished','00:00',0,110,113,0),(1157079,326601,'2022-12-21 03:00:00',139,146,'finished','00:00',0,105,91,0),(1194461,326602,'2022-12-22 00:00:00',137,148,'finished','00:00',0,114,106,0),(1194462,326603,'2022-12-22 00:00:00',154,140,'finished','00:00',0,113,93,0),(1194463,326604,'2022-12-22 00:30:00',132,136,'finished','00:00',0,108,110,0),(1194464,326605,'2022-12-22 00:30:00',133,143,'finished','00:00',0,112,117,0),(1194465,326606,'2022-12-22 00:30:00',134,141,'finished','00:00',0,143,113,0),(1194466,326607,'2022-12-22 00:30:00',151,159,'finished','00:00',0,106,113,0),(1194467,326608,'2022-12-22 01:00:00',142,153,'finished','00:00',0,110,116,0),(1194468,326609,'2022-12-22 01:00:00',149,138,'finished','00:00',0,99,104,0),(1194469,326610,'2022-12-22 01:00:00',152,156,'finished','00:00',0,101,98,0),(1194470,326611,'2022-12-22 03:00:00',157,145,'finished','00:00',0,134,120,0),(1194471,326612,'2022-12-22 03:30:00',144,135,'finished','00:00',0,126,105,0),(1237609,326613,'2022-12-23 01:00:00',150,158,'finished','00:00',0,126,117,0),(1237610,326614,'2022-12-23 02:00:00',160,161,'finished','00:00',0,120,112,0),(1279299,326615,'2022-12-24 00:00:00',153,158,'finished','00:00',0,133,113,0),(1279300,326616,'2022-12-24 00:00:00',154,144,'finished','00:00',0,119,114,0),(1279301,326617,'2022-12-24 00:30:00',132,140,'finished','00:00',0,130,105,0),(1279302,326618,'2022-12-24 00:30:00',133,149,'finished','00:00',0,121,109,0),(1279303,326619,'2022-12-24 00:30:00',134,148,'finished','00:00',0,118,100,0),(1279304,326620,'2022-12-24 00:30:00',137,159,'finished','00:00',0,107,118,0),(1279305,326621,'2022-12-24 00:30:00',151,136,'finished','00:00',0,117,118,0),(1279306,326622,'2022-12-24 01:00:00',152,150,'after over time','00:00',0,125,128,0),(1279307,326623,'2022-12-24 01:00:00',142,138,'finished','00:00',0,106,112,0),(1279308,326624,'2022-12-24 01:00:00',147,143,'finished','00:00',0,108,111,0),(1279309,326625,'2022-12-24 02:00:00',139,156,'finished','00:00',0,120,107,0),(1279310,326626,'2022-12-24 03:00:00',155,146,'finished','00:00',0,100,125,0),(1279311,326627,'2022-12-24 03:00:00',157,161,'finished','00:00',0,111,125,0),(1279312,326628,'2022-12-24 03:30:00',145,135,'finished','00:00',0,130,134,0),(1321016,326629,'2022-12-25 17:00:00',151,154,'finished','00:00',0,112,119,0),(1321017,326630,'2022-12-25 19:30:00',138,145,'finished','00:00',0,124,115,0),(1321018,326631,'2022-12-25 22:00:00',133,148,'quarter 3','9',0,87,79,0),(1368460,326632,'2022-12-26 01:00:00',141,146,'finished','00:00',0,123,109,0),(1368461,326633,'2022-12-26 03:30:00',139,155,'after over time','00:00',0,128,125,0),(1400083,326634,'2022-12-27 00:00:00',137,134,'finished','00:00',0,117,125,0),(1400084,326635,'2022-12-27 00:00:00',140,144,'after over time','00:00',0,131,142,0),(1400085,326636,'2022-12-27 00:30:00',147,149,'finished','00:00',0,113,110,0),(1400086,326637,'2022-12-27 01:00:00',136,142,'finished','00:00',0,118,133,0),(1400087,326638,'2022-12-27 01:00:00',150,143,'finished','00:00',0,113,93,0),(1400088,326639,'2022-12-27 01:00:00',158,160,'finished','00:00',0,126,122,0),(1400089,326640,'2022-12-27 03:00:00',156,135,'finished','00:00',0,124,113,0),(1420224,326641,'2022-12-28 00:00:00',161,154,'finished','00:00',0,116,111,0),(1420225,326642,'2022-12-28 00:00:00',153,145,'finished','00:00',0,110,129,0),(1420226,326643,'2022-12-28 00:30:00',133,142,'finished','00:00',0,126,102,0),(1420227,326644,'2022-12-28 00:30:00',143,132,'finished','00:00',0,129,114,0),(1420228,326645,'2022-12-28 00:30:00',159,144,'finished','00:00',0,113,124,0),(1420229,326646,'2022-12-28 01:00:00',146,155,'finished','00:00',0,108,125,0),(1420230,326647,'2022-12-28 01:00:00',152,158,'finished','00:00',0,130,114,0),(1420231,326648,'2022-12-28 01:30:00',138,151,'after over time','00:00',0,126,121,0),(1420232,326649,'2022-12-28 03:00:00',141,135,'finished','00:00',0,110,105,0),(1420233,326650,'2022-12-28 03:00:00',157,139,'finished','00:00',0,106,113,0),(1457623,326651,'2022-12-29 00:00:00',140,153,'finished','00:00',0,121,101,0),(1457624,326652,'2022-12-29 00:00:00',161,155,'finished','00:00',0,127,102,0),(1457625,326653,'2022-12-29 00:30:00',132,134,'finished','00:00',0,107,108,0),(1457626,326654,'2022-12-29 00:30:00',147,145,'finished','00:00',0,112,98,0),(1457627,326655,'2022-12-29 01:00:00',136,148,'after over time','00:00',0,119,113,0),(1457628,326656,'2022-12-29 01:00:00',150,149,'finished','00:00',0,119,118,0),(1457629,326657,'2022-12-29 03:00:00',141,160,'finished','00:00',0,112,107,0),(1457630,326658,'2022-12-29 03:00:00',157,139,'finished','00:00',0,127,126,0),(1507952,326659,'2022-12-30 00:00:00',135,152,'finished','00:00',0,121,113,0),(1507953,326660,'2022-12-30 00:00:00',143,137,'finished','00:00',0,135,126,0),(1507954,326661,'2022-12-30 00:30:00',133,144,'finished','00:00',0,116,110,0),(1507955,326662,'2022-12-30 00:30:00',159,146,'finished','00:00',0,106,119,0),(1507956,326663,'2022-12-30 01:00:00',158,151,'finished','00:00',0,122,115,0),(1507957,326664,'2022-12-30 01:30:00',138,142,'finished','00:00',0,129,114,0),(1553962,326665,'2022-12-31 00:00:00',153,161,'finished','00:00',0,100,119,0),(1553963,326666,'2022-12-31 00:30:00',132,145,'finished','00:00',0,121,130,0),(1553964,326667,'2022-12-31 00:30:00',159,155,'finished','00:00',0,113,104,0),(1553965,326668,'2022-12-31 01:00:00',136,140,'finished','00:00',0,132,118,0),(1553966,326669,'2022-12-31 01:00:00',148,149,'finished','00:00',0,123,114,0),(1553967,326670,'2022-12-31 01:30:00',150,154,'finished','00:00',0,127,116,0),(1553968,326671,'2022-12-31 02:00:00',139,147,'finished','00:00',0,124,119,0),(1553969,326672,'2022-12-31 03:00:00',141,156,'finished','00:00',0,118,112,0),(1553970,326673,'2022-12-31 03:00:00',157,160,'finished','00:00',0,126,125,0),(1553971,326674,'2022-12-31 20:00:00',143,144,'finished','00:00',0,131,130,0),(1597108,326675,'2023-01-01 00:00:00',135,134,'finished','00:00',0,106,123,0),(1597109,326676,'2023-01-01 00:00:00',136,137,'finished','00:00',0,102,103,0),(1597110,326677,'2023-01-01 00:00:00',142,151,'finished','00:00',0,88,108,0),(1597111,326678,'2023-01-01 00:00:00',158,138,'finished','00:00',0,125,126,0),(1597112,326679,'2023-01-01 01:00:00',152,154,'finished','00:00',0,96,115,0),(1597113,326680,'2023-01-01 01:00:00',149,140,'finished','00:00',0,104,116,0),(1597114,326681,'2023-01-01 01:00:00',146,150,'finished','00:00',0,116,101,0),(1597115,326682,'2023-01-01 02:00:00',160,147,'finished','00:00',0,123,126,0),(1646000,326683,'2023-01-02 01:00:00',139,133,'finished','00:00',0,123,111,0),(1646001,326684,'2023-01-02 01:00:00',146,157,'finished','00:00',0,118,108,0),(1646002,326685,'2023-01-02 01:00:00',148,161,'finished','00:00',0,95,118,0),(1646003,326686,'2023-01-02 20:00:00',151,155,'quarter 4','5',0,94,73,0),(1689130,326687,'2023-01-03 00:00:00',135,145,'finished','00:00',0,115,121,0),(1689131,326688,'2023-01-03 00:00:00',137,136,'after over time','00:00',0,145,134,0),(1689132,326689,'2023-01-03 00:00:00',143,159,'finished','00:00',0,122,114,0),(1689133,326690,'2023-01-03 00:00:00',154,150,'finished','00:00',0,120,111,0),(1689134,326691,'2023-01-03 00:30:00',134,158,'finished','00:00',0,139,103,0),(1689135,326692,'2023-01-03 01:00:00',149,139,'finished','00:00',0,124,111,0),(1689136,326693,'2023-01-03 01:00:00',142,138,'finished','00:00',0,106,111,0),(1689137,326694,'2023-01-03 03:00:00',141,132,'after over time','00:00',0,143,141,0),(1689138,326695,'2023-01-03 03:00:00',156,140,'finished','00:00',0,135,106,0),(1689139,326696,'2023-01-03 03:30:00',144,147,'finished','00:00',0,100,110,0),(1726526,326697,'2023-01-04 01:00:00',148,161,'finished','00:00',0,123,113,0),(1726527,326698,'2023-01-04 01:00:00',152,133,'finished','00:00',0,150,117,0),(1726528,326699,'2023-01-04 02:00:00',160,157,'finished','00:00',0,115,117,0),(1765344,326700,'2023-01-05 00:00:00',154,143,'after over time','00:00',0,129,126,0),(1765345,326701,'2023-01-05 00:00:00',135,146,'finished','00:00',0,107,131,0),(1765346,326702,'2023-01-05 00:00:00',153,152,'finished','00:00',0,126,115,0),(1765347,326703,'2023-01-05 00:00:00',137,155,'finished','00:00',0,90,88,0),(1765348,326704,'2023-01-05 00:30:00',151,158,'finished','00:00',0,117,114,0),(1765349,326705,'2023-01-05 00:30:00',159,148,'after over time','00:00',0,101,104,0),(1765350,326706,'2023-01-05 01:00:00',136,134,'finished','00:00',0,121,112,0),(1765351,326707,'2023-01-05 01:00:00',149,156,'finished','00:00',0,113,106,0),(1765352,326708,'2023-01-05 01:00:00',150,142,'finished','00:00',0,119,108,0),(1765353,326709,'2023-01-05 03:00:00',157,132,'finished','00:00',0,117,120,0),(1765354,326710,'2023-01-05 03:00:00',145,147,'finished','00:00',0,112,109,0),(1765355,326711,'2023-01-05 03:00:00',141,140,'finished','00:00',0,119,122,0),(1805619,326712,'2023-01-06 00:00:00',153,146,'finished','00:00',0,115,123,0),(1805620,326713,'2023-01-06 00:30:00',138,133,'finished','00:00',0,95,124,0),(1805621,326714,'2023-01-06 01:00:00',142,160,'finished','00:00',0,114,131,0),(1805622,326715,'2023-01-06 03:00:00',139,144,'finished','00:00',0,122,91,0),(1850190,326716,'2023-01-07 00:00:00',143,156,'finished','00:00',0,108,99,0),(1850191,326717,'2023-01-07 00:00:00',154,136,'finished','00:00',0,112,126,0),(1850192,326718,'2023-01-07 00:30:00',159,151,'finished','00:00',0,108,112,0),(1850193,326722,'2023-01-07 00:30:00',150,134,'finished','00:00',0,102,108,0),(1850194,326719,'2023-01-07 01:00:00',158,140,'finished','00:00',0,121,109,0),(1850195,326720,'2023-01-07 01:00:00',152,161,'finished','00:00',0,127,110,0),(1850196,326721,'2023-01-07 01:00:00',148,135,'finished','00:00',0,109,138,0),(1850197,326723,'2023-01-07 02:00:00',139,137,'finished','00:00',0,121,108,0),(1850198,326724,'2023-01-07 02:00:00',149,144,'finished','00:00',0,128,115,0),(1850199,326725,'2023-01-07 03:00:00',155,147,'finished','00:00',0,96,104,0),(1850200,326726,'2023-01-07 03:30:00',145,132,'finished','00:00',0,130,114,0),(1850201,326727,'2023-01-07 23:00:00',158,133,'quarter 2','9',0,51,63,0),(1896214,326728,'2023-01-08 01:00:00',136,160,'finished','00:00',0,126,118,0),(1896215,326729,'2023-01-08 01:00:00',138,150,'finished','00:00',0,127,117,0),(1896216,326730,'2023-01-08 01:30:00',141,153,'finished','00:00',0,101,115,0),(1896217,326731,'2023-01-08 03:00:00',157,145,'finished','00:00',0,134,136,0),(1896218,326732,'2023-01-08 20:00:00',140,154,'finished','00:00',0,111,123,0),(1896219,326733,'2023-01-08 20:30:00',159,156,'finished','00:00',0,117,105,0),(1896220,326734,'2023-01-08 22:00:00',143,135,'quarter 4','2',0,76,82,0),(1896221,326735,'2023-01-08 23:00:00',146,160,'quarter 2','10',0,54,48,0),(1896222,326736,'2023-01-08 23:00:00',147,134,'quarter 2','10',0,59,56,0),(1949422,326737,'2023-01-09 00:00:00',142,149,'finished','00:00',0,96,104,0),(1949423,326738,'2023-01-09 00:00:00',152,138,'finished','00:00',0,120,109,0),(1949424,326739,'2023-01-09 01:00:00',155,137,'finished','00:00',0,98,112,0),(1949425,326740,'2023-01-09 02:00:00',144,132,'finished','00:00',0,108,112,0),(1998301,326741,'2023-01-10 00:00:00',161,150,'finished','00:00',0,112,132,0),(1998302,326742,'2023-01-10 00:30:00',133,136,'finished','00:00',0,107,99,0),(1998303,326743,'2023-01-10 00:30:00',151,148,'finished','00:00',0,107,111,0),(1998304,326744,'2023-01-10 01:00:00',146,158,'finished','00:00',0,121,113,0),(1998305,326745,'2023-01-10 02:00:00',139,145,'finished','00:00',0,122,109,0),(1998306,326746,'2023-01-10 03:00:00',157,153,'finished','00:00',0,136,111,0),(2031374,326748,'2023-01-11 00:00:00',154,140,'finished','00:00',0,147,116,0),(2031375,326747,'2023-01-11 00:30:00',147,152,'finished','00:00',0,112,111,0),(2031376,326749,'2023-01-11 00:30:00',159,135,'finished','00:00',0,132,120,0),(2031377,326750,'2023-01-11 02:00:00',160,137,'finished','00:00',0,116,114,0),(2031378,326751,'2023-01-11 03:00:00',141,155,'finished','00:00',0,113,125,0),(2031379,326752,'2023-01-11 03:00:00',156,153,'finished','00:00',0,106,109,0),(2031380,326753,'2023-01-11 03:30:00',144,138,'finished','00:00',0,113,101,0),(2064452,326754,'2023-01-12 00:00:00',140,149,'finished','00:00',0,135,118,0),(2064453,326755,'2023-01-12 00:00:00',161,136,'finished','00:00',0,100,97,0),(2064454,326756,'2023-01-12 00:30:00',132,148,'finished','00:00',0,105,114,0),(2064455,326757,'2023-01-12 00:30:00',133,150,'finished','00:00',0,125,114,0),(2064456,326758,'2023-01-12 00:30:00',151,143,'finished','00:00',0,119,113,0),(2064457,326759,'2023-01-12 01:00:00',146,158,'finished','00:00',0,135,129,0),(2064458,326760,'2023-01-12 03:00:00',139,155,'finished','00:00',0,126,97,0),(2064459,326761,'2023-01-12 03:00:00',157,142,'finished','00:00',0,135,115,0),(2104719,326762,'2023-01-13 00:00:00',154,152,'finished','00:00',0,114,133,0),(2104720,326763,'2023-01-13 00:30:00',134,133,'finished','00:00',0,98,109,0),(2104721,326764,'2023-01-13 00:30:00',147,148,'finished','00:00',0,108,102,0),(2104722,326765,'2023-01-13 00:30:00',159,135,'finished','00:00',0,124,114,0),(2104723,326766,'2023-01-13 03:00:00',145,138,'after over time','00:00',0,115,119,0),(2104724,326767,'2023-01-13 03:00:00',156,137,'finished','00:00',0,113,119,0),(2146418,326768,'2023-01-14 00:00:00',161,151,'finished','00:00',0,108,112,0),(2146419,326769,'2023-01-14 00:00:00',143,132,'finished','00:00',0,111,113,0),(2146420,326770,'2023-01-14 00:00:00',140,150,'finished','00:00',0,110,116,0),(2146421,326771,'2023-01-14 00:30:00',158,141,'finished','00:00',0,113,144,0),(2146422,326772,'2023-01-14 01:00:00',136,152,'finished','00:00',0,110,124,0),(2146423,326773,'2023-01-14 01:00:00',149,155,'finished','00:00',0,121,116,0),(2146424,326774,'2023-01-14 02:00:00',160,153,'finished','00:00',0,112,108,0),(2146425,326775,'2023-01-14 03:00:00',144,139,'finished','00:00',0,103,115,0),(2146426,326776,'2023-01-14 03:00:00',157,142,'finished','00:00',0,139,114,0),(2146427,326777,'2023-01-14 18:00:00',147,148,'finished','00:00',0,111,95,0),(2189564,326778,'2023-01-15 00:00:00',135,133,'finished','00:00',0,106,122,0),(2189565,326779,'2023-01-15 00:00:00',143,146,'finished','00:00',0,112,130,0),(2189566,326780,'2023-01-15 00:30:00',159,132,'finished','00:00',0,103,114,0),(2189567,326781,'2023-01-15 01:00:00',149,137,'finished','00:00',0,110,102,0),(2189568,326782,'2023-01-15 02:00:00',160,154,'finished','00:00',0,117,118,0),(2189569,326783,'2023-01-15 03:00:00',156,138,'finished','00:00',0,136,119,0),(2189570,326784,'2023-01-15 18:00:00',140,151,'finished','00:00',0,104,117,0),(2189571,326785,'2023-01-15 20:00:00',144,142,'finished','00:00',0,121,100,0),(2189572,326786,'2023-01-15 20:30:00',136,141,'finished','00:00',0,132,118,0),(2189573,326787,'2023-01-15 23:00:00',134,152,'quarter 2','7',0,37,41,0),(2241366,326788,'2023-01-16 00:00:00',158,157,'finished','00:00',0,119,132,0),(2241367,326789,'2023-01-16 01:00:00',139,153,'finished','00:00',0,119,116,0),(2241368,326790,'2023-01-16 02:00:00',156,138,'finished','00:00',0,140,123,0),(2241369,326791,'2023-01-16 02:30:00',145,154,'finished','00:00',0,112,113,0),(2241370,326792,'2023-01-16 18:00:00',135,133,'finished','00:00',0,118,130,0),(2241371,326793,'2023-01-16 19:30:00',148,143,'finished','00:00',0,132,119,0),(2241372,326794,'2023-01-16 20:00:00',137,150,'finished','00:00',0,113,103,0),(2241373,326795,'2023-01-16 20:00:00',151,159,'after over time','00:00',0,121,123,0),(2241374,326796,'2023-01-16 20:00:00',161,141,'finished','00:00',0,118,127,0),(2241375,326797,'2023-01-16 20:30:00',132,147,'finished','00:00',0,121,113,0),(2241376,326798,'2023-01-16 21:00:00',149,160,'finished','00:00',0,125,126,0),(2241377,326799,'2023-01-16 23:00:00',146,155,'quarter 2','7',0,49,53,0),(2301724,326800,'2023-01-17 03:30:00',145,142,'finished','00:00',0,140,132,0),(2351986,326801,'2023-01-18 00:30:00',148,159,'finished','00:00',0,130,122,0),(2351987,326802,'2023-01-18 01:00:00',158,134,'finished','00:00',0,106,98,0),(2351988,326803,'2023-01-18 02:00:00',139,156,'finished','00:00',0,122,113,0),(2351989,326804,'2023-01-18 03:00:00',144,154,'finished','00:00',0,110,120,0),(2377865,326805,'2023-01-19 00:30:00',138,132,'finished','00:00',0,122,130,0),(2377866,326806,'2023-01-19 00:30:00',151,161,'finished','00:00',0,105,116,0),(2377867,326807,'2023-01-19 01:00:00',150,147,'finished','00:00',0,98,124,0),(2377868,326808,'2023-01-19 01:00:00',152,143,'finished','00:00',0,126,106,0),(2377869,326809,'2023-01-19 01:00:00',146,137,'finished','00:00',0,115,114,0),(2377870,326810,'2023-01-19 01:00:00',142,135,'finished','00:00',0,117,122,0),(2377871,326811,'2023-01-19 02:00:00',160,144,'finished','00:00',0,126,103,0),(2377872,326812,'2023-01-19 03:00:00',139,149,'finished','00:00',0,122,118,0),(2377873,326813,'2023-01-19 03:30:00',145,157,'finished','00:00',0,111,116,0),(2377874,326814,'2023-01-19 20:00:00',140,136,'finished','00:00',0,108,126,0),(2405202,326815,'2023-01-20 00:30:00',133,141,'after over time','00:00',0,121,118,0),(2405203,326816,'2023-01-20 01:00:00',149,159,'finished','00:00',0,128,126,0),(2405204,326817,'2023-01-20 03:00:00',155,134,'finished','00:00',0,117,112,0),(2405205,326818,'2023-01-20 03:00:00',156,154,'finished','00:00',0,95,105,0),(2445460,326819,'2023-01-21 00:00:00',153,150,'finished','00:00',0,123,110,0),(2445461,326820,'2023-01-21 00:30:00',132,151,'finished','00:00',0,139,124,0),(2445462,326821,'2023-01-21 00:30:00',137,141,'finished','00:00',0,114,120,0),(2445463,326822,'2023-01-21 00:30:00',138,147,'finished','00:00',0,115,90,0),(2445464,326823,'2023-01-21 01:00:00',158,144,'finished','00:00',0,126,131,0),(2445465,326824,'2023-01-21 02:00:00',139,143,'finished','00:00',0,134,111,0),(2445466,326825,'2023-01-21 02:00:00',160,134,'finished','00:00',0,106,117,0),(2445467,326826,'2023-01-21 03:00:00',145,146,'finished','00:00',0,122,121,0),(2445468,326827,'2023-01-21 03:00:00',157,152,'finished','00:00',0,118,113,0),(2445469,326828,'2023-01-21 22:00:00',159,133,'quarter 4','7',0,93,101,0),(2485730,326829,'2023-01-22 00:00:00',161,153,'finished','00:00',0,138,118,0),(2485731,326830,'2023-01-22 00:30:00',132,135,'finished','00:00',0,118,122,0),(2485732,326831,'2023-01-22 00:30:00',137,148,'finished','00:00',0,114,102,0),(2485733,326832,'2023-01-22 01:00:00',149,142,'finished','00:00',0,113,104,0),(2485734,326833,'2023-01-22 02:00:00',155,143,'finished','00:00',0,112,107,0),(2485735,326834,'2023-01-22 03:00:00',157,154,'finished','00:00',0,127,129,0),(2485736,326835,'2023-01-22 20:30:00',147,150,'finished','00:00',0,100,96,0),(2485737,326836,'2023-01-22 23:00:00',159,151,'quarter 2','10',0,54,49,0),(2531748,326837,'2023-01-23 00:30:00',138,144,'finished','00:00',0,98,112,0),(2531749,326838,'2023-01-23 01:00:00',155,146,'finished','00:00',0,112,110,0),(2531750,326839,'2023-01-23 01:00:00',139,152,'finished','00:00',0,99,101,0),(2531751,326840,'2023-01-23 01:30:00',141,134,'finished','00:00',0,116,120,0),(2531752,326841,'2023-01-23 02:00:00',156,145,'finished','00:00',0,112,121,0),(2577388,326842,'2023-01-24 00:00:00',140,148,'finished','00:00',0,130,150,0),(2577389,326843,'2023-01-24 00:00:00',153,133,'finished','00:00',0,113,98,0),(2577390,326844,'2023-01-24 01:00:00',136,132,'finished','00:00',0,111,100,0),(2577391,326845,'2023-01-24 01:00:00',142,149,'finished','00:00',0,119,114,0),(2577392,326846,'2023-01-24 02:00:00',160,135,'finished','00:00',0,120,102,0),(2577393,326847,'2023-01-24 03:00:00',156,158,'finished','00:00',0,147,127,0),(2577394,326848,'2023-01-24 03:30:00',157,146,'finished','00:00',0,133,100,0),(2608335,326849,'2023-01-25 00:00:00',143,136,'finished','00:00',0,116,110,0),(2608336,326850,'2023-01-25 00:30:00',147,133,'finished','00:00',0,98,95,0),(2608337,326851,'2023-01-25 00:30:00',151,137,'finished','00:00',0,105,103,0),(2608338,326852,'2023-01-25 01:00:00',150,139,'finished','00:00',0,98,99,0),(2608339,326853,'2023-01-25 01:30:00',138,161,'finished','00:00',0,126,127,0),(2608340,326854,'2023-01-25 02:00:00',155,135,'finished','00:00',0,128,97,0),(2608341,326855,'2023-01-25 03:00:00',145,144,'finished','00:00',0,115,133,0),(2644263,326856,'2023-01-26 00:00:00',153,143,'finished','00:00',0,126,120,0),(2644264,326857,'2023-01-26 00:30:00',154,134,'finished','00:00',0,137,133,0),(2644265,326858,'2023-01-26 01:00:00',152,132,'finished','00:00',0,132,137,0),(2644266,326859,'2023-01-26 01:00:00',148,139,'finished','00:00',0,107,99,0),(2644267,326860,'2023-01-26 01:00:00',150,149,'finished','00:00',0,102,111,0),(2644268,326861,'2023-01-26 01:00:00',142,161,'finished','00:00',0,103,108,0),(2644269,326862,'2023-01-26 03:00:00',141,146,'finished','00:00',0,122,120,0),(2644270,326863,'2023-01-26 03:00:00',156,160,'finished','00:00',0,134,124,0),(2644271,326864,'2023-01-26 03:00:00',157,159,'finished','00:00',0,95,113,0),(2644272,326865,'2023-01-26 03:30:00',145,158,'finished','00:00',0,113,104,0),(2688847,326866,'2023-01-27 00:30:00',133,151,'after over time','00:00',0,117,120,1),(2688848,326867,'2023-01-27 00:30:00',134,140,'finished','00:00',0,122,130,0),(2688849,326868,'2023-01-27 00:30:00',135,136,'finished','00:00',0,111,96,0),(2688850,326869,'2023-01-27 01:00:00',142,137,'finished','00:00',0,95,113,0),(2688851,326870,'2023-01-27 03:00:00',155,138,'finished','00:00',0,95,99,0),(2688852,326871,'2023-01-27 03:30:00',144,158,'finished','00:00',0,138,100,0),(2736263,326872,'2023-01-28 00:00:00',143,148,'finished','00:00',0,131,141,0),(2736264,326873,'2023-01-28 00:30:00',149,146,'finished','00:00',0,111,100,0),(2736265,326874,'2023-01-28 01:00:00',147,153,'finished','00:00',0,110,105,0),(2736266,326875,'2023-01-28 01:00:00',152,137,'finished','00:00',0,112,100,0),(2736267,326876,'2023-01-28 03:00:00',141,159,'finished','00:00',0,129,117,0),(2736268,326877,'2023-01-28 20:00:00',154,139,'finished','00:00',0,126,119,0),(2736269,326878,'2023-01-28 22:30:00',134,151,'quarter 3','1',0,62,51,0),(2777122,326879,'2023-01-29 00:00:00',140,142,'finished','00:00',0,114,117,0),(2777123,326880,'2023-01-29 00:00:00',153,136,'finished','00:00',0,109,128,0),(2777124,326881,'2023-01-29 00:30:00',132,144,'finished','00:00',0,113,120,0),(2777125,326882,'2023-01-29 01:00:00',149,157,'finished','00:00',0,117,110,0),(2777126,326883,'2023-01-29 01:00:00',150,161,'finished','00:00',0,103,113,0),(2777127,326884,'2023-01-29 01:00:00',158,155,'after over time','00:00',0,118,128,0),(2777128,326885,'2023-01-29 01:30:00',133,145,'after over time','00:00',0,125,121,0),(2777129,326886,'2023-01-29 02:00:00',160,138,'finished','00:00',0,108,100,0),(2777130,326887,'2023-01-29 03:00:00',156,159,'finished','00:00',0,105,123,0),(2777131,326888,'2023-01-29 18:00:00',135,147,'finished','00:00',0,122,117,0),(2777132,326889,'2023-01-29 23:00:00',146,143,'quarter 2','7',0,37,52,0),(2821709,326890,'2023-01-30 00:00:00',137,144,'finished','00:00',0,122,99,0),(2821710,326891,'2023-01-30 01:00:00',148,150,'finished','00:00',0,135,110,0),(2866218,326892,'2023-01-31 00:00:00',154,153,'finished','00:00',0,109,119,0),(2866219,326893,'2023-01-31 00:30:00',134,145,'finished','00:00',0,121,104,0),(2866220,326894,'2023-01-31 01:00:00',149,157,'after over time','00:00',0,111,118,0),(2866221,326895,'2023-01-31 01:00:00',152,141,'finished','00:00',0,120,128,0),(2866222,326896,'2023-01-31 01:00:00',158,161,'finished','00:00',0,106,127,0),(2866223,326897,'2023-01-31 01:30:00',138,140,'finished','00:00',0,111,105,0),(2866224,326898,'2023-01-31 02:00:00',155,159,'finished','00:00',0,114,106,0),(2866225,326899,'2023-01-31 03:00:00',156,132,'finished','00:00',0,129,125,0),(2896269,326900,'2023-02-01 00:00:00',137,147,'finished','00:00',0,97,100,0),(2896270,326901,'2023-02-01 00:30:00',151,145,'after over time','00:00',0,123,129,0),(2896271,326902,'2023-02-01 01:00:00',136,144,'finished','00:00',0,103,108,0),(2896272,326903,'2023-02-01 01:00:00',148,135,'finished','00:00',0,124,115,0),(2896273,326904,'2023-02-01 03:00:00',139,150,'finished','00:00',0,122,113,0),(2929343,326905,'2023-02-02 00:00:00',140,161,'game postponed','00:00',0,0,0,0),(2929344,326906,'2023-02-02 00:00:00',146,156,'finished','00:00',0,112,122,0),(2929345,326907,'2023-02-02 00:00:00',154,153,'finished','00:00',0,105,94,0),(2929346,326908,'2023-02-02 00:30:00',133,134,'finished','00:00',0,139,96,0),(2929347,326909,'2023-02-02 01:00:00',158,157,'finished','00:00',0,109,119,0),(2929348,326910,'2023-02-02 01:00:00',142,152,'finished','00:00',0,112,106,0),(2929349,326911,'2023-02-02 01:00:00',149,141,'after over time','00:00',0,119,114,0),(2929350,326912,'2023-02-02 02:00:00',160,159,'finished','00:00',0,131,128,0),(2929351,326913,'2023-02-02 03:00:00',155,132,'finished','00:00',0,100,132,0),(2967426,326914,'2023-02-03 00:00:00',143,145,'finished','00:00',0,111,112,0),(2967427,326915,'2023-02-03 00:30:00',137,146,'finished','00:00',0,128,113,0),(2967428,326916,'2023-02-03 00:30:00',151,147,'finished','00:00',0,106,104,0),(2967429,326917,'2023-02-03 01:00:00',136,135,'finished','00:00',0,114,98,0),(2967430,326918,'2023-02-03 01:30:00',138,150,'finished','00:00',0,111,106,0),(2967431,326919,'2023-02-03 02:00:00',139,141,'finished','00:00',0,134,117,0),(2967432,326920,'2023-02-03 03:00:00',148,144,'finished','00:00',0,106,105,0),(3010566,326921,'2023-02-04 00:00:00',140,135,'finished','00:00',0,118,112,0),(3010567,326922,'2023-02-04 00:00:00',143,157,'finished','00:00',0,107,104,0),(3010568,326923,'2023-02-04 00:00:00',161,156,'finished','00:00',0,116,124,0),(3010569,326924,'2023-02-04 00:30:00',133,155,'finished','00:00',0,94,106,0),(3010570,326925,'2023-02-04 01:00:00',142,159,'finished','00:00',0,111,117,0),(3010571,326926,'2023-02-04 01:00:00',149,153,'finished','00:00',0,120,127,0),(3010572,326927,'2023-02-04 01:00:00',158,154,'finished','00:00',0,125,137,0),(3010573,326928,'2023-02-04 02:00:00',160,132,'finished','00:00',0,108,115,0),(3010574,326929,'2023-02-04 23:00:00',134,161,'quarter 2','6',0,39,57,0),(3056584,326930,'2023-02-05 00:00:00',140,155,'finished','00:00',0,100,116,0),(3056585,326931,'2023-02-05 00:00:00',151,144,'after over time','00:00',0,128,134,0),(3056586,326932,'2023-02-05 01:00:00',136,156,'finished','00:00',0,129,121,0),(3056587,326933,'2023-02-05 01:00:00',148,147,'finished','00:00',0,123,115,0),(3056588,326934,'2023-02-05 01:00:00',150,145,'quarter 2','4',0,41,42,0),(3056589,326935,'2023-02-05 01:00:00',152,142,'finished','00:00',0,153,121,0),(3056590,326936,'2023-02-05 01:30:00',141,138,'finished','00:00',0,119,113,0),(3056591,326937,'2023-02-05 02:00:00',139,132,'finished','00:00',0,128,108,0),(3056592,326938,'2023-02-05 18:00:00',135,153,'finished','00:00',0,113,119,0),(3056593,326939,'2023-02-05 22:00:00',143,137,'quarter 4','5',0,89,109,0),(3056594,326940,'2023-02-05 23:00:00',146,159,'quarter 2','9',0,53,55,0),(3056595,326941,'2023-02-05 23:00:00',151,154,'quarter 2','4',0,32,35,0),(3110868,326942,'2023-02-06 00:00:00',149,139,'finished','00:00',0,128,98,0),(3110869,326943,'2023-02-06 00:00:00',150,157,'finished','00:00',0,136,104,0),(3159696,326944,'2023-02-07 00:00:00',140,133,'finished','00:00',0,99,111,0),(3159697,326945,'2023-02-07 00:00:00',161,137,'finished','00:00',0,91,114,0),(3159698,326946,'2023-02-07 00:30:00',134,144,'finished','00:00',0,116,124,0),(3159699,326947,'2023-02-07 01:00:00',136,158,'finished','00:00',0,128,104,0),(3159700,326948,'2023-02-07 01:00:00',142,157,'finished','00:00',0,120,140,0),(3159701,326949,'2023-02-07 02:00:00',160,138,'finished','00:00',0,111,124,0),(3159702,326950,'2023-02-07 03:00:00',141,152,'finished','00:00',0,141,114,0),(3159703,326951,'2023-02-07 03:00:00',156,148,'finished','00:00',0,108,127,0),(3192763,326952,'2023-02-08 00:00:00',153,151,'finished','00:00',0,98,102,0),(3192764,326953,'2023-02-08 00:30:00',134,155,'finished','00:00',0,112,116,0),(3192765,326954,'2023-02-08 00:30:00',150,132,'finished','00:00',0,116,107,0),(3192766,326955,'2023-02-08 01:00:00',146,136,'finished','00:00',0,104,89,0),(3192767,326956,'2023-02-08 02:00:00',139,149,'finished','00:00',0,146,112,0),(3192768,326957,'2023-02-08 03:00:00',145,152,'finished','00:00',0,130,133,0),(3227277,326958,'2023-02-09 00:00:00',161,135,'finished','00:00',0,118,104,0),(3227278,326959,'2023-02-09 00:00:00',137,140,'finished','00:00',0,113,85,0),(3227279,326960,'2023-02-09 00:30:00',133,154,'finished','00:00',0,106,99,0),(3227280,326961,'2023-02-09 00:30:00',147,143,'finished','00:00',0,116,111,0),(3227281,326962,'2023-02-09 00:30:00',159,158,'finished','00:00',0,112,98,0),(3227282,326963,'2023-02-09 01:00:00',142,157,'finished','00:00',0,128,130,0),(3227283,326964,'2023-02-09 02:00:00',160,149,'finished','00:00',0,118,143,0),(3227284,326965,'2023-02-09 03:00:00',144,138,'finished','00:00',0,104,110,0),(3227285,326966,'2023-02-09 03:00:00',156,141,'finished','00:00',0,125,122,0),(3268997,326967,'2023-02-10 00:00:00',153,139,'finished','00:00',0,115,104,0),(3268998,326968,'2023-02-10 00:30:00',134,136,'finished','00:00',0,116,105,0),(3268999,326969,'2023-02-10 00:30:00',132,155,'finished','00:00',0,116,107,0),(3269000,326970,'2023-02-10 03:00:00',145,148,'finished','00:00',0,106,115,1),(3309310,326971,'2023-02-11 00:00:00',140,158,'after over time','00:00',0,138,131,0),(3309311,326972,'2023-02-11 00:00:00',143,155,'finished','00:00',0,104,117,0),(3309312,326973,'2023-02-11 00:00:00',154,151,'finished','00:00',0,119,108,0),(3309313,326974,'2023-02-11 00:30:00',133,135,'finished','00:00',0,127,116,0),(3309314,326975,'2023-02-11 00:30:00',159,160,'finished','00:00',0,116,122,0),(3309315,326976,'2023-02-11 01:00:00',146,149,'finished','00:00',0,128,107,0),(3309316,326977,'2023-02-11 01:00:00',147,142,'finished','00:00',0,97,95,0),(3309317,326978,'2023-02-11 03:00:00',157,138,'finished','00:00',0,114,122,0),(3309318,326979,'2023-02-11 03:00:00',150,137,'finished','00:00',0,107,118,0),(3309319,326980,'2023-02-11 03:00:00',156,152,'finished','00:00',0,129,138,0),(3309320,326981,'2023-02-11 03:30:00',144,148,'finished','00:00',0,106,119,0),(3309321,326982,'2023-02-11 23:00:00',134,154,'quarter 2','10',0,52,46,0),(3351081,326983,'2023-02-12 00:00:00',135,139,'finished','00:00',0,105,119,0),(3351082,326984,'2023-02-12 00:00:00',153,147,'after over time','00:00',0,103,107,0),(3351083,326985,'2023-02-12 00:00:00',161,143,'finished','00:00',0,127,113,0),(3351084,326986,'2023-02-12 00:30:00',132,158,'finished','00:00',0,125,106,0),(3351085,326987,'2023-02-12 00:30:00',151,160,'finished','00:00',0,126,120,0),(3351086,326988,'2023-02-12 01:00:00',137,136,'finished','00:00',0,97,89,0),(3351087,326989,'2023-02-12 01:30:00',141,145,'finished','00:00',0,103,109,0),(3351088,326990,'2023-02-12 03:00:00',157,138,'after over time','00:00',0,133,128,0),(3351089,326991,'2023-02-12 19:00:00',133,146,'finished','00:00',0,119,109,0),(3351090,326992,'2023-02-12 20:00:00',159,140,'finished','00:00',0,119,118,0),(3451779,326993,'2023-02-14 00:00:00',135,132,'finished','00:00',0,144,138,0),(3451780,326994,'2023-02-14 00:00:00',137,158,'finished','00:00',0,117,109,0),(3451781,326995,'2023-02-14 00:00:00',143,160,'finished','00:00',0,117,123,0),(3451782,326996,'2023-02-14 00:00:00',154,142,'finished','00:00',0,123,104,0),(3451783,326997,'2023-02-14 00:30:00',151,134,'finished','00:00',0,124,106,0),(3451784,326998,'2023-02-14 00:30:00',147,139,'finished','00:00',0,108,112,0),(3451785,326999,'2023-02-14 01:00:00',136,153,'finished','00:00',0,91,100,0),(3451786,327000,'2023-02-14 01:00:00',152,150,'finished','00:00',0,100,103,0),(3451787,327001,'2023-02-14 01:30:00',138,149,'finished','00:00',0,121,124,0),(3451788,327002,'2023-02-14 03:00:00',141,161,'finished','00:00',0,135,126,0),(3451789,327003,'2023-02-14 03:00:00',156,145,'finished','00:00',0,127,115,0),(3482031,327004,'2023-02-15 00:30:00',148,133,'after over time','00:00',0,131,125,0),(3482032,327005,'2023-02-15 00:30:00',159,153,'finished','00:00',0,123,113,0),(3482033,327006,'2023-02-15 02:00:00',155,157,'finished','00:00',0,120,109,0),(3482034,327007,'2023-02-15 03:00:00',156,161,'finished','00:00',0,101,126,0),(3482035,327008,'2023-02-15 03:00:00',144,141,'finished','00:00',0,134,124,0),(3520910,327009,'2023-02-16 00:00:00',135,158,'finished','00:00',0,120,110,0),(3520911,327010,'2023-02-16 00:00:00',143,136,'finished','00:00',0,117,113,0),(3520912,327011,'2023-02-16 00:30:00',154,137,'finished','00:00',0,118,112,0),(3520913,327012,'2023-02-16 00:30:00',132,151,'finished','00:00',0,101,122,0),(3520914,327013,'2023-02-16 00:30:00',133,140,'finished','00:00',0,127,109,0),(3520915,327014,'2023-02-16 00:30:00',134,147,'finished','00:00',0,116,105,0),(3520916,327015,'2023-02-16 01:00:00',146,160,'finished','00:00',0,117,111,0),(3520917,327016,'2023-02-16 01:00:00',152,142,'finished','00:00',0,133,96,0),(3520918,327017,'2023-02-16 02:00:00',139,138,'finished','00:00',0,118,109,0),(3520919,327018,'2023-02-16 03:00:00',145,150,'finished','00:00',0,120,102,0),(3565539,327019,'2023-02-17 00:30:00',136,148,'finished','00:00',0,100,112,0),(3565540,327020,'2023-02-17 01:00:00',149,161,'finished','00:00',0,106,114,0),(3565541,327021,'2023-02-17 03:00:00',155,144,'finished','00:00',0,107,116,0);
/*!40000 ALTER TABLE `nba_game_data` ENABLE KEYS */;
UNLOCK TABLES;

--
-- Table structure for table `nba_game_links`
--

DROP TABLE IF EXISTS `nba_game_links`;
/*!40101 SET @saved_cs_client     = @@character_set_client */;
/*!50503 SET character_set_client = utf8mb4 */;
CREATE TABLE `nba_game_links` (
  `id` int unsigned NOT NULL AUTO_INCREMENT,
  `nba_game_id` int unsigned NOT NULL,
  `game_link` varchar(300) COLLATE utf8mb4_unicode_ci DEFAULT NULL,
  PRIMARY KEY (`id`),
  KEY `nba_game_id` (`nba_game_id`),
  CONSTRAINT `nba_game_links_ibfk_1` FOREIGN KEY (`nba_game_id`) REFERENCES `nba_game_data` (`id`) ON DELETE CASCADE
) ENGINE=InnoDB AUTO_INCREMENT=2 DEFAULT CHARSET=utf8mb4 COLLATE=utf8mb4_unicode_ci;
/*!40101 SET character_set_client = @saved_cs_client */;

--
-- Dumping data for table `nba_game_links`
--

LOCK TABLES `nba_game_links` WRITE;
/*!40000 ALTER TABLE `nba_game_links` DISABLE KEYS */;
/*!40000 ALTER TABLE `nba_game_links` ENABLE KEYS */;
UNLOCK TABLES;

--
-- Table structure for table `nba_player_data`
--

DROP TABLE IF EXISTS `nba_player_data`;
/*!40101 SET @saved_cs_client     = @@character_set_client */;
/*!50503 SET character_set_client = utf8mb4 */;
CREATE TABLE `nba_player_data` (
  `id` int unsigned NOT NULL AUTO_INCREMENT,
  `first_name` varchar(100) COLLATE utf8mb4_unicode_ci DEFAULT NULL,
  `last_name` varchar(100) COLLATE utf8mb4_unicode_ci DEFAULT NULL,
  `full_name` varchar(150) COLLATE utf8mb4_unicode_ci DEFAULT NULL,
  `team_id` int unsigned DEFAULT '0',
  `team_name` varchar(100) COLLATE utf8mb4_unicode_ci DEFAULT NULL,
  `height` varchar(20) COLLATE utf8mb4_unicode_ci DEFAULT NULL,
  `position` varchar(100) COLLATE utf8mb4_unicode_ci DEFAULT NULL,
  `position_short` varchar(10) COLLATE utf8mb4_unicode_ci DEFAULT NULL,
  `weight` varchar(20) COLLATE utf8mb4_unicode_ci DEFAULT NULL,
  `age` int DEFAULT '0',
  `jersey_number` varchar(20) COLLATE utf8mb4_unicode_ci DEFAULT NULL,
  `games_played` float DEFAULT '0',
  `minutes_per_game` float DEFAULT '0',
  `usage_percent` float DEFAULT '0',
  `turnover_percent` float DEFAULT '0',
  `freethrow_attempts` float DEFAULT '0',
  `freethrow_percent` float DEFAULT '0',
  `twopoint_attempts` float DEFAULT '0',
  `twopoint_percent` float DEFAULT '0',
  `threepoint_attempts` float DEFAULT '0',
  `threepoint_percent` float DEFAULT '0',
  `effective_field_goal_percent` float DEFAULT '0',
  `true_shooting_percent` float DEFAULT '0',
  `points_per_game` float DEFAULT '0',
  `rebounds_per_game` float DEFAULT '0',
  `total_rebound_percent` float DEFAULT '0',
  `assists_per_game` float DEFAULT '0',
  `assists_percent` float DEFAULT '0',
  `steals_per_game` float DEFAULT '0',
  `blocks_per_game` float DEFAULT '0',
  `turnover_per_game` float DEFAULT '0',
  `versatility_index` float DEFAULT '0',
  `offensive_rating` float DEFAULT '0',
  `defensive_rating` float DEFAULT '0',
  `headshot_url` varchar(300) COLLATE utf8mb4_unicode_ci DEFAULT NULL,
  `last_updated` timestamp NULL DEFAULT CURRENT_TIMESTAMP ON UPDATE CURRENT_TIMESTAMP,
  PRIMARY KEY (`id`)
) ENGINE=InnoDB AUTO_INCREMENT=1688 DEFAULT CHARSET=utf8mb4 COLLATE=utf8mb4_unicode_ci;
/*!40101 SET character_set_client = @saved_cs_client */;

--
-- Dumping data for table `nba_player_data`
--

LOCK TABLES `nba_player_data` WRITE;
/*!40000 ALTER TABLE `nba_player_data` DISABLE KEYS */;
INSERT INTO `nba_player_data` VALUES (740,'Juancho','Hernangómez','juancho hernangómez',NULL,'','6\' 9\"','Power Forward','F','214 lbs',25,'#41',41,14.8,9.4,11.1,16,0.563,47,0.66,66,0.258,0.5,0.508,3,3,11.4,0.6,5.1,0.39,0.15,0.37,4.7,108.7,110.8,'https://a.espncdn.com/combiner/i?img=/i/headshots/nba/players/full/4017839.png','2023-02-15 08:00:05'),(741,'Willy','Hernangómez','willy hernangómez',NULL,'','6\' 11\"','Center','C-F','250 lbs',27,'#9',28,13.3,23.8,14.9,85,0.788,131,0.565,9,0.111,0.539,0.614,7.8,5.2,22.1,1,10.8,0.32,0.43,1.11,10.3,120.7,98.8,'https://a.espncdn.com/combiner/i?img=/i/headshots/nba/players/full/2999409.png','2023-02-16 09:00:05'),(742,'Bruno','Caboclo','bruno caboclo',NULL,'',NULL,NULL,NULL,'',0,NULL,0,0,0,0,0,0,0,0,0,0,0,0,0,0,0,0,0,0,0,0,0,0,0,NULL,'2022-11-26 21:27:47'),(743,'Jeenathan','Williams','jeenathan williams',NULL,'','6\' 5\"','Guard',NULL,'205 lbs',23,'#49',0,0,0,0,0,0,0,0,0,0,0,0,0,0,0,0,0,0,0,0,0,0,0,NULL,'2022-11-26 21:27:47'),(744,NULL,NULL,'null null',NULL,'',NULL,NULL,NULL,'',0,NULL,0,0,0,0,0,0,0,0,0,0,0,0,0,0,0,0,0,0,0,0,0,0,0,NULL,'2022-11-26 21:27:47'),(745,'Juhann','Begarin','juhann begarin',NULL,'',NULL,NULL,NULL,'',0,NULL,0,0,0,0,0,0,0,0,0,0,0,0,0,0,0,0,0,0,0,0,0,0,0,NULL,'2022-11-26 21:27:47'),(746,NULL,NULL,'null null',NULL,'',NULL,NULL,NULL,'',0,NULL,0,0,0,0,0,0,0,0,0,0,0,0,0,0,0,0,0,0,0,0,0,0,0,NULL,'2022-11-26 21:27:47'),(747,'LJ','Figueroa','lj figueroa',NULL,'','6\' 6\"','Guard',NULL,'195 lbs',24,'#30',0,0,0,0,0,0,0,0,0,0,0,0,0,0,0,0,0,0,0,0,0,0,0,NULL,'2022-11-26 21:27:47'),(748,NULL,NULL,'null null',NULL,'',NULL,NULL,NULL,'',0,NULL,0,0,0,0,0,0,0,0,0,0,0,0,0,0,0,0,0,0,0,0,0,0,0,NULL,'2022-11-26 21:27:47'),(749,'John','Petty Jr.','john petty jr.',NULL,'','6\' 5\"','Guard',NULL,'186 lbs',23,'#30',0,0,0,0,0,0,0,0,0,0,0,0,0,0,0,0,0,0,0,0,0,0,0,NULL,'2022-11-26 21:27:47'),(750,'Cameron','Thomas','cameron thomas',NULL,'',NULL,NULL,NULL,'',0,NULL,0,0,0,0,0,0,0,0,0,0,0,0,0,0,0,0,0,0,0,0,0,0,0,NULL,'2022-11-26 21:27:47'),(751,NULL,NULL,'null null',NULL,'',NULL,NULL,NULL,'',0,NULL,0,0,0,0,0,0,0,0,0,0,0,0,0,0,0,0,0,0,0,0,0,0,0,NULL,'2022-11-26 21:27:47'),(752,'D.J.','Carton','d.j. carton',NULL,'','6\' 2\"','Point Guard',NULL,'200 lbs',21,'#27',0,0,0,0,0,0,0,0,0,0,0,0,0,0,0,0,0,0,0,0,0,0,0,NULL,'2022-11-26 21:27:47'),(753,'Alex','Morales','alex morales',NULL,'',NULL,NULL,NULL,'',0,NULL,0,0,0,0,0,0,0,0,0,0,0,0,0,0,0,0,0,0,0,0,0,0,0,NULL,'2022-11-26 21:27:47'),(754,'David','Duke','david duke',NULL,'','6\' 5\"','Guard',NULL,'205 lbs',21,'#20',0,0,0,0,0,0,0,0,0,0,0,0,0,0,0,0,0,0,0,0,0,0,0,NULL,'2022-11-26 21:27:47'),(755,NULL,NULL,'null null',NULL,'',NULL,NULL,NULL,'',0,NULL,0,0,0,0,0,0,0,0,0,0,0,0,0,0,0,0,0,0,0,0,0,0,0,NULL,'2022-11-26 21:27:47'),(756,NULL,NULL,'null null',NULL,'',NULL,NULL,NULL,'',0,NULL,0,0,0,0,0,0,0,0,0,0,0,0,0,0,0,0,0,0,0,0,0,0,0,NULL,'2022-11-26 21:27:47'),(757,'Darius','Days','darius days',19,'Houston Rockets','6\' 7\"','Forward','F','245 lbs',23,'#5',3,7.8,21.1,0,2,1,2,1,9,0.333,0.591,0.631,5,2,14.1,0.3,7,0,0.33,0,7.4,139.4,112,NULL,'2023-02-16 09:00:04'),(758,NULL,NULL,'null null',NULL,'',NULL,NULL,NULL,'',0,NULL,0,0,0,0,0,0,0,0,0,0,0,0,0,0,0,0,0,0,0,0,0,0,0,NULL,'2022-11-26 21:27:47'),(759,NULL,NULL,'null null',NULL,'',NULL,NULL,NULL,'',0,NULL,0,0,0,0,0,0,0,0,0,0,0,0,0,0,0,0,0,0,0,0,0,0,0,NULL,'2022-11-26 21:27:47'),(760,'C.J.','Miles','c.j. miles',NULL,'','6\' 6\"','Guard',NULL,'220 lbs',34,'#34',0,0,0,0,0,0,0,0,0,0,0,0,0,0,0,0,0,0,0,0,0,0,0,'https://a.espncdn.com/combiner/i?img=/i/headshots/nba/players/full/2778.png','2022-11-26 21:27:47'),(761,NULL,NULL,'null null',NULL,'',NULL,NULL,NULL,'',0,NULL,0,0,0,0,0,0,0,0,0,0,0,0,0,0,0,0,0,0,0,0,0,0,0,NULL,'2022-11-26 21:27:47'),(762,'Johnny','Hamilton','johnny hamilton',NULL,'','7\' 0\"','Center',NULL,'230 lbs',27,'#24',0,0,0,0,0,0,0,0,0,0,0,0,0,0,0,0,0,0,0,0,0,0,0,NULL,'2022-11-26 21:27:47'),(763,'Anthony','Barber','anthony barber',NULL,'','6\' 2\"','Guard',NULL,'190 lbs',27,'#5',0,0,0,0,0,0,0,0,0,0,0,0,0,0,0,0,0,0,0,0,0,0,0,NULL,'2022-11-26 21:27:47'),(764,NULL,NULL,'null null',NULL,'',NULL,NULL,NULL,'',0,NULL,0,0,0,0,0,0,0,0,0,0,0,0,0,0,0,0,0,0,0,0,0,0,0,NULL,'2022-11-26 21:27:47'),(765,NULL,NULL,'null null',NULL,'',NULL,NULL,NULL,'',0,NULL,0,0,0,0,0,0,0,0,0,0,0,0,0,0,0,0,0,0,0,0,0,0,0,NULL,'2022-11-26 21:27:47'),(766,NULL,NULL,'null null',NULL,'',NULL,NULL,NULL,'',0,NULL,0,0,0,0,0,0,0,0,0,0,0,0,0,0,0,0,0,0,0,0,0,0,0,NULL,'2022-11-26 21:27:47'),(767,'Gabe','Brown','gabe brown',NULL,'',NULL,NULL,NULL,'',0,NULL,0,0,0,0,0,0,0,0,0,0,0,0,0,0,0,0,0,0,0,0,0,0,0,NULL,'2022-11-26 21:27:47'),(768,NULL,NULL,'null null',NULL,'',NULL,NULL,NULL,'',0,NULL,0,0,0,0,0,0,0,0,0,0,0,0,0,0,0,0,0,0,0,0,0,0,0,NULL,'2022-11-26 21:27:47'),(769,NULL,NULL,'null null',NULL,'',NULL,NULL,NULL,'',0,NULL,0,0,0,0,0,0,0,0,0,0,0,0,0,0,0,0,0,0,0,0,0,0,0,NULL,'2022-11-26 21:27:47'),(770,'Abdul','Gaddy','abdul gaddy',NULL,'','6\' 3\"','Guard',NULL,'200 lbs',30,'#14',0,0,0,0,0,0,0,0,0,0,0,0,0,0,0,0,0,0,0,0,0,0,0,NULL,'2022-11-26 21:27:47'),(771,NULL,NULL,'null null',NULL,'',NULL,NULL,NULL,'',0,NULL,0,0,0,0,0,0,0,0,0,0,0,0,0,0,0,0,0,0,0,0,0,0,0,NULL,'2022-11-26 21:27:47'),(772,NULL,NULL,'null null',NULL,'',NULL,NULL,NULL,'',0,NULL,0,0,0,0,0,0,0,0,0,0,0,0,0,0,0,0,0,0,0,0,0,0,0,NULL,'2022-11-26 21:27:47'),(773,'AJ','Lawson','aj lawson',NULL,'','6\' 6\"','Guard',NULL,'179 lbs',21,'#5',0,0,0,0,0,0,0,0,0,0,0,0,0,0,0,0,0,0,0,0,0,0,0,NULL,'2022-11-26 21:27:47'),(774,NULL,NULL,'null null',NULL,'',NULL,NULL,NULL,'',0,NULL,0,0,0,0,0,0,0,0,0,0,0,0,0,0,0,0,0,0,0,0,0,0,0,NULL,'2022-11-26 21:27:47'),(775,NULL,NULL,'null null',NULL,'',NULL,NULL,NULL,'',0,NULL,0,0,0,0,0,0,0,0,0,0,0,0,0,0,0,0,0,0,0,0,0,0,0,NULL,'2022-11-26 21:27:47'),(776,'Wang','Zhelin','wang zhelin',NULL,'',NULL,NULL,NULL,'',0,NULL,0,0,0,0,0,0,0,0,0,0,0,0,0,0,0,0,0,0,0,0,0,0,0,NULL,'2022-11-26 21:27:47'),(777,NULL,NULL,'null null',NULL,'',NULL,NULL,NULL,'',0,NULL,0,0,0,0,0,0,0,0,0,0,0,0,0,0,0,0,0,0,0,0,0,0,0,NULL,'2022-11-26 21:27:47'),(778,NULL,NULL,'null null',NULL,'',NULL,NULL,NULL,'',0,NULL,0,0,0,0,0,0,0,0,0,0,0,0,0,0,0,0,0,0,0,0,0,0,0,NULL,'2022-11-26 21:27:47'),(779,'Matthew','Hurt','matthew hurt',NULL,'','6\' 9\"','Forward',NULL,'233 lbs',22,'#14',0,0,0,0,0,0,0,0,0,0,0,0,0,0,0,0,0,0,0,0,0,0,0,NULL,'2022-11-26 21:27:47'),(780,NULL,NULL,'null null',NULL,'',NULL,NULL,NULL,'',0,NULL,0,0,0,0,0,0,0,0,0,0,0,0,0,0,0,0,0,0,0,0,0,0,0,NULL,'2022-11-26 21:27:47'),(781,NULL,NULL,'null null',NULL,'',NULL,NULL,NULL,'',0,NULL,0,0,0,0,0,0,0,0,0,0,0,0,0,0,0,0,0,0,0,0,0,0,0,NULL,'2022-11-26 21:27:47'),(782,'RaiQuan','Gray','raiquan gray',NULL,'','6\' 7\"','Forward',NULL,'269 lbs',23,'#0',0,0,0,0,0,0,0,0,0,0,0,0,0,0,0,0,0,0,0,0,0,0,0,NULL,'2022-11-26 21:27:47'),(783,NULL,NULL,'null null',NULL,'',NULL,NULL,NULL,'',0,NULL,0,0,0,0,0,0,0,0,0,0,0,0,0,0,0,0,0,0,0,0,0,0,0,NULL,'2022-11-26 21:27:47'),(784,NULL,NULL,'null null',NULL,'',NULL,NULL,NULL,'',0,NULL,0,0,0,0,0,0,0,0,0,0,0,0,0,0,0,0,0,0,0,0,0,0,0,NULL,'2022-11-26 21:27:47'),(785,NULL,NULL,'null null',NULL,'',NULL,NULL,NULL,'',0,NULL,0,0,0,0,0,0,0,0,0,0,0,0,0,0,0,0,0,0,0,0,0,0,0,NULL,'2022-11-26 21:27:47'),(786,NULL,NULL,'null null',NULL,'',NULL,NULL,NULL,'',0,NULL,0,0,0,0,0,0,0,0,0,0,0,0,0,0,0,0,0,0,0,0,0,0,0,NULL,'2022-11-26 21:27:47'),(787,NULL,NULL,'null null',NULL,'',NULL,NULL,NULL,'',0,NULL,0,0,0,0,0,0,0,0,0,0,0,0,0,0,0,0,0,0,0,0,0,0,0,NULL,'2022-11-26 21:27:47'),(788,'Grant','Golden','grant golden',NULL,'','6\' 10\"','Forward',NULL,'255 lbs',24,'#33',0,0,0,0,0,0,0,0,0,0,0,0,0,0,0,0,0,0,0,0,0,0,0,NULL,'2022-11-26 21:27:47'),(789,'Daeqwon','Plowden','daeqwon plowden',NULL,'','6\' 6\"','Guard',NULL,'215 lbs',24,'#29',0,0,0,0,0,0,0,0,0,0,0,0,0,0,0,0,0,0,0,0,0,0,0,NULL,'2022-11-26 21:27:47'),(790,'Marcus','Foster','marcus foster',NULL,'',NULL,'Forward',NULL,'',0,'#00',0,0,0,0,0,0,0,0,0,0,0,0,0,0,0,0,0,0,0,0,0,0,0,NULL,'2022-11-26 21:27:47'),(791,'Nah\'Shon','Hyland','nah\'shon hyland',NULL,'','6\' 2\"','Point Guard',NULL,'169 lbs',21,'#3',0,0,0,0,0,0,0,0,0,0,0,0,0,0,0,0,0,0,0,0,0,0,0,NULL,'2022-11-26 21:27:47'),(792,'Jacob','Gilyard','jacob gilyard',NULL,'','5\' 9\"','Guard',NULL,'160 lbs',24,'#0',0,0,0,0,0,0,0,0,0,0,0,0,0,0,0,0,0,0,0,0,0,0,0,NULL,'2022-11-26 21:27:47'),(793,'Alfonzo','McKinnie','alfonzo mckinnie',NULL,'','6\' 7\"','Forward',NULL,'215 lbs',29,'#28',0,0,0,0,0,0,0,0,0,0,0,0,0,0,0,0,0,0,0,0,0,0,0,'https://a.espncdn.com/combiner/i?img=/i/headshots/nba/players/full/2530923.png','2022-11-26 21:27:47'),(794,'Kevin','Pangos','kevin pangos',NULL,'','6\' 1\"','Guard',NULL,'179 lbs',29,'#6',0,0,0,0,0,0,0,0,0,0,0,0,0,0,0,0,0,0,0,0,0,0,0,'https://a.espncdn.com/combiner/i?img=/i/headshots/nba/players/full/2583962.png','2022-11-26 21:27:47'),(795,'Malik','Ellison','malik ellison',NULL,'',NULL,NULL,NULL,'',0,NULL,0,0,0,0,0,0,0,0,0,0,0,0,0,0,0,0,0,0,0,0,0,0,0,NULL,'2022-11-26 21:27:47'),(796,'Justin','Bean','justin bean',NULL,'','6\' 7\"','Forward',NULL,'210 lbs',25,'#34',0,0,0,0,0,0,0,0,0,0,0,0,0,0,0,0,0,0,0,0,0,0,0,NULL,'2022-11-26 21:27:47'),(797,'Khyri','Thomas','khyri thomas',NULL,'','6\' 3\"','Shooting Guard',NULL,'210 lbs',25,'#13',0,0,0,0,0,0,0,0,0,0,0,0,0,0,0,0,0,0,0,0,0,0,0,'https://a.espncdn.com/combiner/i?img=/i/headshots/nba/players/full/3912334.png','2022-11-26 21:27:47'),(798,'Justin','Tillman','justin tillman',NULL,'','6\' 8\"','Forward',NULL,'220 lbs',25,'#23',0,0,0,0,0,0,0,0,0,0,0,0,0,0,0,0,0,0,0,0,0,0,0,NULL,'2022-11-26 21:27:47'),(799,'Cat','Barber','cat barber',NULL,'','6\' 1\"','Guard',NULL,'173 lbs',27,'#5',0,0,0,0,0,0,0,0,0,0,0,0,0,0,0,0,0,0,0,0,0,0,0,'https://a.espncdn.com/combiner/i?img=/i/headshots/nba/players/full/3059266.png','2022-11-26 21:27:47'),(800,'Mitch','Ballock','mitch ballock',NULL,'',NULL,NULL,NULL,'',0,NULL,0,0,0,0,0,0,0,0,0,0,0,0,0,0,0,0,0,0,0,0,0,0,0,NULL,'2022-11-26 21:27:47'),(801,'Chris','Clemons','chris clemons',NULL,'','5\' 9\"','Guard',NULL,'180 lbs',24,'#3',0,0,0,0,0,0,0,0,0,0,0,0,0,0,0,0,0,0,0,0,0,0,0,'https://a.espncdn.com/combiner/i?img=/i/headshots/nba/players/full/3906603.png','2022-11-26 21:27:47'),(802,'Trevon','Scott','trevon scott',NULL,'',NULL,NULL,NULL,'',0,NULL,0,0,0,0,0,0,0,0,0,0,0,0,0,0,0,0,0,0,0,0,0,0,0,NULL,'2022-11-26 21:27:47'),(803,'Trayvon','Palmer','trayvon palmer',NULL,'','6\' 6\"','Guard',NULL,'200 lbs',27,'#15',0,0,0,0,0,0,0,0,0,0,0,0,0,0,0,0,0,0,0,0,0,0,0,'https://a.espncdn.com/combiner/i?img=/i/headshots/nba/players/full/3151568.png','2022-11-26 21:27:47'),(804,'Alondes','Williams','alondes williams',3,'Brooklyn Nets','6\' 5\"','Guard','G','210 lbs',23,'#31',1,5.3,16.8,100,0,0,0,0,0,0,0,0,0,1,10.7,0,0,0,0,2,0,0,97.6,NULL,'2023-02-16 09:00:07'),(805,'RJ','Nembhard','rj nembhard',NULL,'','6\' 5\"','Shooting Guard',NULL,'200 lbs',22,'#22',0,0,0,0,0,0,0,0,0,0,0,0,0,0,0,0,0,0,0,0,0,0,0,NULL,'2022-11-26 21:27:47'),(806,'Lucas','Williamson','lucas williamson',NULL,'','6\' 4\"','Guard',NULL,'205 lbs',23,'#66',0,0,0,0,0,0,0,0,0,0,0,0,0,0,0,0,0,0,0,0,0,0,0,NULL,'2022-11-26 21:27:47'),(807,'Simi','Shittu','simi shittu',NULL,'','6\' 10\"','Forward',NULL,'240 lbs',22,'#15',0,0,0,0,0,0,0,0,0,0,0,0,0,0,0,0,0,0,0,0,0,0,0,NULL,'2022-11-26 21:27:47'),(808,NULL,NULL,'null null',NULL,'',NULL,NULL,NULL,'',0,NULL,0,0,0,0,0,0,0,0,0,0,0,0,0,0,0,0,0,0,0,0,0,0,0,NULL,'2022-11-26 21:27:47'),(809,'Sacha','Killeya-Jones','sacha killeya-jones',NULL,'','6\' 11\"','Forward',NULL,'220 lbs',24,'#50',0,0,0,0,0,0,0,0,0,0,0,0,0,0,0,0,0,0,0,0,0,0,0,NULL,'2022-11-26 21:27:47'),(810,'Emmanuel','Mudiay','emmanuel mudiay',NULL,'','6\' 3\"','Guard',NULL,'200 lbs',25,'#15',0,0,0,0,0,0,0,0,0,0,0,0,0,0,0,0,0,0,0,0,0,0,0,'https://a.espncdn.com/combiner/i?img=/i/headshots/nba/players/full/3892818.png','2022-11-26 21:27:47'),(811,NULL,NULL,'null null',NULL,'',NULL,NULL,NULL,'',0,NULL,0,0,0,0,0,0,0,0,0,0,0,0,0,0,0,0,0,0,0,0,0,0,0,NULL,'2022-11-26 21:27:47'),(812,NULL,NULL,'null null',NULL,'',NULL,NULL,NULL,'',0,NULL,0,0,0,0,0,0,0,0,0,0,0,0,0,0,0,0,0,0,0,0,0,0,0,NULL,'2022-11-26 21:27:47'),(813,'Isaiah','Whaley','isaiah whaley',NULL,'','6\' 9\"','Forward',NULL,'225 lbs',24,'#55',0,0,0,0,0,0,0,0,0,0,0,0,0,0,0,0,0,0,0,0,0,0,0,NULL,'2022-11-26 21:27:47'),(814,'Ethan','Thompson','ethan thompson',NULL,'','6\' 5\"','Shooting Guard',NULL,'195 lbs',22,'#15',0,0,0,0,0,0,0,0,0,0,0,0,0,0,0,0,0,0,0,0,0,0,0,NULL,'2022-11-26 21:27:47'),(815,'Tyson','Etienne','tyson etienne',NULL,'','6\' 2\"','Guard',NULL,'205 lbs',23,'#25',0,0,0,0,0,0,0,0,0,0,0,0,0,0,0,0,0,0,0,0,0,0,0,NULL,'2022-11-26 21:27:47'),(816,'Ade','Murkey','ade murkey',NULL,'','6\' 5\"','Guard',NULL,'200 lbs',23,'#9',0,0,0,0,0,0,0,0,0,0,0,0,0,0,0,0,0,0,0,0,0,0,0,'https://a.espncdn.com/combiner/i?img=/i/headshots/nba/players/full/4067603.png','2022-11-26 21:27:47'),(817,'Khalifa','Diop','khalifa diop',NULL,'',NULL,NULL,NULL,'',0,NULL,0,0,0,0,0,0,0,0,0,0,0,0,0,0,0,0,0,0,0,0,0,0,0,NULL,'2022-11-26 21:27:47'),(818,'Jaylen','Sims','jaylen sims',NULL,'','6\' 6\"','Guard',NULL,'210 lbs',23,'#30',0,0,0,0,0,0,0,0,0,0,0,0,0,0,0,0,0,0,0,0,0,0,0,NULL,'2022-11-26 21:27:47'),(819,'Quenton','Jackson','quenton jackson',NULL,'','6\' 5\"','Guard','G','173 lbs',24,'#29',3,2.6,16.7,0,0,0,1,1,2,0.5,0.833,0.833,1.7,0.3,7.1,0.3,20.8,0,0,0,8.2,0,0,NULL,'2023-02-17 08:20:05'),(820,'Luke','Travers','luke travers',NULL,'',NULL,NULL,NULL,'',0,NULL,0,0,0,0,0,0,0,0,0,0,0,0,0,0,0,0,0,0,0,0,0,0,0,NULL,'2022-11-26 21:27:47'),(821,'Giorgi','Bezhanishvili','giorgi bezhanishvili',NULL,'','6\' 9\"','Forward',NULL,'245 lbs',22,'#6',0,0,0,0,0,0,0,0,0,0,0,0,0,0,0,0,0,0,0,0,0,0,0,NULL,'2022-11-26 21:27:47'),(822,'Tarik','Black','tarik black',NULL,'','6\' 9\"','Forward',NULL,'260 lbs',29,'#28',0,0,0,0,0,0,0,0,0,0,0,0,0,0,0,0,0,0,0,0,0,0,0,'https://a.espncdn.com/combiner/i?img=/i/headshots/nba/players/full/2528393.png','2022-11-26 21:27:47'),(823,'Mouhamadou','Gueye','mouhamadou gueye',NULL,'','6\' 10\"','Forward',NULL,'200 lbs',24,'#17',0,0,0,0,0,0,0,0,0,0,0,0,0,0,0,0,0,0,0,0,0,0,0,NULL,'2022-11-26 21:27:47'),(824,'Marcus','Bingham Jr.','marcus bingham jr.',NULL,'','7\' 0\"','Forward',NULL,'230 lbs',22,'#30',0,0,0,0,0,0,0,0,0,0,0,0,0,0,0,0,0,0,0,0,0,0,0,NULL,'2022-11-26 21:27:47'),(825,'Stanley','Umude','stanley umude',NULL,'','6\' 6\"','Guard',NULL,'210 lbs',23,'#37',0,0,0,0,0,0,0,0,0,0,0,0,0,0,0,0,0,0,0,0,0,0,0,NULL,'2022-11-26 21:27:47'),(826,'Nate','Pierre-Louis','nate pierre-louis',NULL,'','6\' 4\"','Guard',NULL,'205 lbs',23,'#94',0,0,0,0,0,0,0,0,0,0,0,0,0,0,0,0,0,0,0,0,0,0,0,NULL,'2022-11-26 21:27:47'),(827,'Drake','Jeffries','drake jeffries',NULL,'','6\' 5\"','Guard',NULL,'185 lbs',23,'#55',0,0,0,0,0,0,0,0,0,0,0,0,0,0,0,0,0,0,0,0,0,0,0,NULL,'2022-11-26 21:27:47'),(828,'Marcus','Zegarowski','marcus zegarowski',NULL,'','6\' 1\"','Point Guard',NULL,'181 lbs',24,'#17',0,0,0,0,0,0,0,0,0,0,0,0,0,0,0,0,0,0,0,0,0,0,0,NULL,'2022-11-26 21:27:47'),(829,'Anthony','Duruji','anthony duruji',NULL,'','6\' 7\"','Forward',NULL,'209 lbs',24,'#14',0,0,0,0,0,0,0,0,0,0,0,0,0,0,0,0,0,0,0,0,0,0,0,NULL,'2022-11-26 21:27:47'),(830,'Romeo','Weems','romeo weems',NULL,'','6\' 7\"','Forward',NULL,'215 lbs',21,'#0',0,0,0,0,0,0,0,0,0,0,0,0,0,0,0,0,0,0,0,0,0,0,0,NULL,'2022-11-26 21:27:47'),(831,'Ismael','Kamagate','ismael kamagate',NULL,'',NULL,NULL,NULL,'',0,NULL,0,0,0,0,0,0,0,0,0,0,0,0,0,0,0,0,0,0,0,0,0,0,0,NULL,'2022-11-26 21:27:47'),(832,'Tyler','Johnson','tyler johnson',NULL,'','6\' 3\"','Guard',NULL,'186 lbs',29,'#10',0,0,0,0,0,0,0,0,0,0,0,0,0,0,0,0,0,0,0,0,0,0,0,'https://a.espncdn.com/combiner/i?img=/i/headshots/nba/players/full/2530276.png','2022-11-26 21:27:47'),(833,'Matt','Hurt','matt hurt',NULL,'','6\' 9\"','Forward',NULL,'233 lbs',21,'#14',0,0,0,0,0,0,0,0,0,0,0,0,0,0,0,0,0,0,0,0,0,0,0,NULL,'2022-11-26 21:27:47'),(834,'Jalen','Lecque','jalen lecque',NULL,'','6\' 4\"','Guard',NULL,'185 lbs',21,'#0',0,0,0,0,0,0,0,0,0,0,0,0,0,0,0,0,0,0,0,0,0,0,0,'https://a.espncdn.com/combiner/i?img=/i/headshots/nba/players/full/4423887.png','2022-11-26 21:27:47'),(835,'Mike','James','mike james',NULL,'','6\' 1\"','Point Guard',NULL,'175 lbs',31,'#55',0,0,0,0,0,0,0,0,0,0,0,0,0,0,0,0,0,0,0,0,0,0,0,'https://a.espncdn.com/combiner/i?img=/i/headshots/nba/players/full/2528096.png','2022-11-26 21:27:47'),(836,'Timothe','Luwawu-Cabarrot','timothe luwawu-cabarrot',NULL,'','6\' 7\"','Shooting Guard',NULL,'215 lbs',27,'#7',0,0,0,0,0,0,0,0,0,0,0,0,0,0,0,0,0,0,0,0,0,0,0,'https://a.espncdn.com/combiner/i?img=/i/headshots/nba/players/full/3893019.png','2022-11-26 21:27:47'),(837,NULL,NULL,'null null',NULL,'',NULL,NULL,NULL,'',0,NULL,0,0,0,0,0,0,0,0,0,0,0,0,0,0,0,0,0,0,0,0,0,0,0,NULL,'2022-11-26 21:27:47'),(838,'Trevion','Williams','trevion williams',NULL,'','6\' 10\"','Center',NULL,'255 lbs',22,'#50',0,0,0,0,0,0,0,0,0,0,0,0,0,0,0,0,0,0,0,0,0,0,0,NULL,'2022-11-26 21:27:47'),(839,'Jabari','Parker','jabari parker',NULL,'','6\' 7\"','Power Forward',NULL,'245 lbs',26,'#20',0,0,0,0,0,0,0,0,0,0,0,0,0,0,0,0,0,0,0,0,0,0,0,'https://a.espncdn.com/combiner/i?img=/i/headshots/nba/players/full/3056600.png','2022-11-26 21:27:47'),(840,'Devontae','Shuler','devontae shuler',NULL,'',NULL,'Forward',NULL,'',0,'#99',0,0,0,0,0,0,0,0,0,0,0,0,0,0,0,0,0,0,0,0,0,0,0,NULL,'2022-11-26 21:27:47'),(841,'Juan','Vaulet','juan vaulet',NULL,'','6\' 6\"','Forward',NULL,'200 lbs',25,'#22',0,0,0,0,0,0,0,0,0,0,0,0,0,0,0,0,0,0,0,0,0,0,0,NULL,'2022-11-26 21:27:47'),(842,'Jalen','Crutcher','jalen crutcher',NULL,'','6\' 2\"','Guard',NULL,'175 lbs',23,'#17',0,0,0,0,0,0,0,0,0,0,0,0,0,0,0,0,0,0,0,0,0,0,0,NULL,'2022-11-26 21:27:47'),(843,'Kendall','Brown','kendall brown',8,'Indiana Pacers','6\' 7\"','Shooting Guard','G','205 lbs',19,'#10',6,6.7,10.3,20.2,2,0.5,6,0.667,1,0,0.571,0.571,1.5,1,8.2,0.5,9.9,0.67,0,0.33,5.4,109,93.8,'https://a.espncdn.com/combiner/i?img=/i/headshots/nba/players/full/4433254.png','2023-02-16 09:00:04'),(844,'Balsa','Koprivica','balsa koprivica',NULL,'','7\' 1\"','Center',NULL,'240 lbs',21,'#23',0,0,0,0,0,0,0,0,0,0,0,0,0,0,0,0,0,0,0,0,0,0,0,NULL,'2022-11-26 21:27:47'),(845,'Gabriele','Procida','gabriele procida',NULL,'',NULL,NULL,NULL,'',0,NULL,0,0,0,0,0,0,0,0,0,0,0,0,0,0,0,0,0,0,0,0,0,0,0,NULL,'2022-11-26 21:27:47'),(846,'Javon','Freeman-Liberty','javon freeman-liberty',NULL,'','6\' 4\"','Guard',NULL,'180 lbs',22,'#00',0,0,0,0,0,0,0,0,0,0,0,0,0,0,0,0,0,0,0,0,0,0,0,NULL,'2022-11-26 21:27:47'),(847,'Gui','Santos','gui santos',NULL,'',NULL,NULL,NULL,'',0,NULL,0,0,0,0,0,0,0,0,0,0,0,0,0,0,0,0,0,0,0,0,0,0,0,NULL,'2022-11-26 21:27:47'),(848,'Gabe','York','gabe york',NULL,'','6\' 3\"','Guard',NULL,'185 lbs',29,'#8',0,0,0,0,0,0,0,0,0,0,0,0,0,0,0,0,0,0,0,0,0,0,0,'https://a.espncdn.com/combiner/i?img=/i/headshots/nba/players/full/2991011.png','2022-11-26 21:27:47'),(849,'Skylar','Mays','skylar mays',NULL,'','6\' 4\"','Shooting Guard',NULL,'205 lbs',25,'#4',0,0,0,0,0,0,0,0,0,0,0,0,0,0,0,0,0,0,0,0,0,0,0,'https://a.espncdn.com/combiner/i?img=/i/headshots/nba/players/full/4066269.png','2022-11-26 21:27:47'),(850,'Jordan','Bowden','jordan bowden',NULL,'','6\' 5\"','Guard',NULL,'193 lbs',24,'#24',0,0,0,0,0,0,0,0,0,0,0,0,0,0,0,0,0,0,0,0,0,0,0,NULL,'2022-11-26 21:27:47'),(851,'Brandon','Rachal','brandon rachal',NULL,'','6\' 6\"','Shooting Guard',NULL,'220 lbs',22,'#77',0,0,0,0,0,0,0,0,0,0,0,0,0,0,0,0,0,0,0,0,0,0,0,NULL,'2022-11-26 21:27:47'),(852,NULL,NULL,'null null',NULL,'',NULL,NULL,NULL,'',0,NULL,0,0,0,0,0,0,0,0,0,0,0,0,0,0,0,0,0,0,0,0,0,0,0,NULL,'2022-11-26 21:27:47'),(853,'Javin','DeLaurier','javin delaurier',NULL,'','6\' 10\"','Center',NULL,'234 lbs',23,'#12',0,0,0,0,0,0,0,0,0,0,0,0,0,0,0,0,0,0,0,0,0,0,0,'https://a.espncdn.com/combiner/i?img=/i/headshots/nba/players/full/4065650.png','2022-11-26 21:27:47'),(854,'Stephen','Zimmerman','stephen zimmerman',NULL,'','7\' 0\"','Center',NULL,'240 lbs',26,'#0',0,0,0,0,0,0,0,0,0,0,0,0,0,0,0,0,0,0,0,0,0,0,0,'https://a.espncdn.com/combiner/i?img=/i/headshots/nba/players/full/3936102.png','2022-11-26 21:27:47'),(855,'Lou','Williams','lou williams',NULL,'','6\' 2\"','Shooting Guard',NULL,'175 lbs',35,'#6',0,0,0,0,0,0,0,0,0,0,0,0,0,0,0,0,0,0,0,0,0,0,0,'https://a.espncdn.com/combiner/i?img=/i/headshots/nba/players/full/2799.png','2022-11-26 21:27:47'),(856,'Tyrese','Martin','tyrese martin',1,'Atlanta Hawks','6\' 6\"','Forward','G','215 lbs',23,'#22',13,3.5,16.6,5.6,2,1,11,0.455,5,0.2,0.406,0.444,1.2,0.5,7.1,0,0,0.08,0,0.08,0,0,0,'https://a.espncdn.com/combiner/i?img=/i/headshots/nba/players/full/4397179.png','2023-02-14 08:00:05'),(857,'Adonis','Arms','adonis arms',NULL,'',NULL,NULL,NULL,'',0,NULL,0,0,0,0,0,0,0,0,0,0,0,0,0,0,0,0,0,0,0,0,0,0,0,NULL,'2022-11-26 21:27:47'),(858,NULL,NULL,'null null',NULL,'',NULL,NULL,NULL,'',0,NULL,0,0,0,0,0,0,0,0,0,0,0,0,0,0,0,0,0,0,0,0,0,0,0,NULL,'2022-11-26 21:27:47'),(859,'Trae','Young','trae young',1,'Atlanta Hawks','6\' 1\"','Point Guard','G','164 lbs',24,'#11',52,35.4,33,15,454,0.885,677,0.482,346,0.324,0.483,0.568,26.7,2.9,4.5,10.3,43,1.04,0.15,4.13,10.5,114.9,116.6,'https://a.espncdn.com/combiner/i?img=/i/headshots/nba/players/full/4277905.png','2023-02-16 09:00:07'),(860,'Brandon','Boston','brandon boston',NULL,'','6\' 6\"','Shooting Guard','G','188 lbs',20,'#4',16,9.6,26.2,5.4,26,0.769,53,0.34,23,0.435,0.434,0.492,5.4,1.3,7.5,0.8,13.3,0.38,0,0.31,7.4,107,109.6,'https://a.espncdn.com/combiner/i?img=/i/headshots/nba/players/full/4432162.png','2023-01-18 07:40:04'),(861,'Arnoldas','Kulboka','arnoldas kulboka',NULL,'','6\' 10\"','Power Forward',NULL,'209 lbs',24,'#98',0,0,0,0,0,0,0,0,0,0,0,0,0,0,0,0,0,0,0,0,0,0,0,'https://a.espncdn.com/combiner/i?img=/i/headshots/nba/players/full/4230551.png','2022-11-26 21:27:47'),(862,NULL,NULL,'null null',NULL,'',NULL,NULL,NULL,'',0,NULL,0,0,0,0,0,0,0,0,0,0,0,0,0,0,0,0,0,0,0,0,0,0,0,NULL,'2022-11-26 21:27:47'),(863,'JD','Davison','jd davison',2,'Boston Celtics','6\' 1\"','Shooting Guard','G','195 lbs',20,'#20',6,2.3,28.5,11.1,0,0,5,0.4,3,0,0.25,0.25,0.7,0.3,8,0.2,10.1,0.17,0,0.17,6,0,0,'https://a.espncdn.com/combiner/i?img=/i/headshots/nba/players/full/4576085.png','2023-02-16 09:00:04'),(864,'Mario','Chalmers','mario chalmers',NULL,'','6\' 2\"','Guard',NULL,'190 lbs',35,'#15',0,0,0,0,0,0,0,0,0,0,0,0,0,0,0,0,0,0,0,0,0,0,0,'https://a.espncdn.com/combiner/i?img=/i/headshots/nba/players/full/3419.png','2022-11-26 21:27:47'),(865,NULL,NULL,'null null',NULL,'',NULL,NULL,NULL,'',0,NULL,0,0,0,0,0,0,0,0,0,0,0,0,0,0,0,0,0,0,0,0,0,0,0,NULL,'2022-11-26 21:27:47'),(866,'EJ','Onu','ej onu',NULL,'','6\' 11\"','Center',NULL,'230 lbs',23,'#23',0,0,0,0,0,0,0,0,0,0,0,0,0,0,0,0,0,0,0,0,0,0,0,NULL,'2022-11-26 21:27:47'),(867,NULL,NULL,'null null',NULL,'',NULL,NULL,NULL,'',0,NULL,0,0,0,0,0,0,0,0,0,0,0,0,0,0,0,0,0,0,0,0,0,0,0,NULL,'2022-11-26 21:27:47'),(868,'Scottie','Lewis','scottie lewis',NULL,'','6\' 5\"','Shooting Guard',NULL,'185 lbs',22,'#16',0,0,0,0,0,0,0,0,0,0,0,0,0,0,0,0,0,0,0,0,0,0,0,'https://a.espncdn.com/combiner/i?img=/i/headshots/nba/players/full/4432812.png','2022-11-26 21:27:47'),(869,NULL,NULL,'null null',NULL,'',NULL,NULL,NULL,'',0,NULL,0,0,0,0,0,0,0,0,0,0,0,0,0,0,0,0,0,0,0,0,0,0,0,NULL,'2022-11-26 21:27:47'),(870,'Cole','Swider','cole swider',21,'Los Angeles Lakers','6\' 9\"','Forward','F','220 lbs',23,'#20',6,6.7,9.5,0,0,0,1,0,8,0.375,0.5,0.5,1.5,1.2,9.3,0.7,12.2,0,0,0,6.4,123.8,111,'https://a.espncdn.com/combiner/i?img=/i/headshots/nba/players/full/4397134.png','2023-02-16 09:00:06'),(871,'Jamal','Cain','jamal cain',9,'Miami Heat','6\' 7\"','Forward','F','191 lbs',23,'#8',13,13.9,14.4,6.8,16,0.75,37,0.622,11,0.182,0.542,0.581,4.9,2.9,12.1,0.6,6.6,0.62,0,0.31,5.9,123.6,104.2,'https://a.espncdn.com/combiner/i?img=/i/headshots/nba/players/full/4278572.png','2023-02-16 09:00:04'),(872,'Moses','Wright','moses wright',NULL,'','6\' 8\"','Forward',NULL,'226 lbs',23,'#5',0,0,0,0,0,0,0,0,0,0,0,0,0,0,0,0,0,0,0,0,0,0,0,'https://a.espncdn.com/combiner/i?img=/i/headshots/nba/players/full/4277871.png','2022-11-26 21:27:47'),(873,NULL,NULL,'null null',NULL,'',NULL,NULL,NULL,'',0,NULL,0,0,0,0,0,0,0,0,0,0,0,0,0,0,0,0,0,0,0,0,0,0,0,NULL,'2022-11-26 21:27:47'),(874,'Dru','Smith','dru smith',9,'Miami Heat','6\' 3\"','Guard','G','203 lbs',24,'#9',3,9.9,15.1,10,0,0,5,0.8,4,0.25,0.611,0.611,3.7,2,11.5,1.7,23.7,1.33,0,0.33,9.4,124.8,99.3,'https://a.espncdn.com/combiner/i?img=/i/headshots/nba/players/full/4066993.png','2023-02-17 19:10:05'),(875,'MarJon','Beauchamp','marjon beauchamp',10,'Milwaukee Bucks','6\' 7\"','Guard','F','197 lbs',22,'#0',38,14.8,18.7,14.4,29,0.724,83,0.506,118,0.322,0.493,0.512,5.8,2.4,8.3,0.7,6.4,0.47,0.11,0.95,5.8,99.9,103.7,'https://a.espncdn.com/combiner/i?img=/i/headshots/nba/players/full/4432179.png','2023-02-17 08:20:04'),(876,'A.J.','Green','a.j. green',10,'Milwaukee Bucks','6\' 4\"','Guard','G','190 lbs',23,'#20',26,9.4,17.3,6.9,4,1,15,0.6,77,0.429,0.636,0.645,4.7,1.1,5.9,0.5,7.1,0.15,0,0.27,5.8,124.7,105.4,'https://a.espncdn.com/combiner/i?img=/i/headshots/nba/players/full/4397475.png','2023-02-17 08:20:04'),(877,'Marial','Shayok','marial shayok',NULL,'','6\' 5\"','Forward',NULL,'198 lbs',27,'#35',0,0,0,0,0,0,0,0,0,0,0,0,0,0,0,0,0,0,0,0,0,0,0,'https://a.espncdn.com/combiner/i?img=/i/headshots/nba/players/full/3138201.png','2022-11-26 21:27:47'),(878,'Hugo','Besson','hugo besson',NULL,'',NULL,NULL,NULL,'',0,NULL,0,0,0,0,0,0,0,0,0,0,0,0,0,0,0,0,0,0,0,0,0,0,0,NULL,'2022-11-26 21:27:47'),(879,'Serge','Ibaka','serge ibaka',10,'Milwaukee Bucks','6\' 10\"','Forward','F','235 lbs',33,'#25',16,11.6,16,15.6,13,0.615,36,0.556,18,0.333,0.537,0.553,4.1,2.8,12.3,0.3,3,0.13,0.44,0.69,5.2,104.9,101.3,'https://a.espncdn.com/combiner/i?img=/i/headshots/nba/players/full/3439.png','2023-02-17 08:20:05'),(880,'Joe','Ingles','joe ingles',10,'Milwaukee Bucks','6\' 8\"','Shooting Guard','F-G','220 lbs',35,'#7',25,22.5,13.1,16.6,13,0.846,29,0.517,111,0.342,0.514,0.532,6.2,2.9,6.6,3.2,18.7,0.56,0.12,1.16,6.9,110.8,107.3,'https://a.espncdn.com/combiner/i?img=/i/headshots/nba/players/full/2968436.png','2023-02-17 08:20:05'),(881,NULL,NULL,'null null',NULL,'',NULL,NULL,NULL,'',0,NULL,0,0,0,0,0,0,0,0,0,0,0,0,0,0,0,0,0,0,0,0,0,0,0,NULL,'2022-11-26 21:27:47'),(882,'Justin','Lewis','justin lewis',NULL,'','6\' 7\"','Forward',NULL,'245 lbs',20,'#34',0,0,0,0,0,0,0,0,0,0,0,0,0,0,0,0,0,0,0,0,0,0,0,NULL,'2022-11-26 21:27:47'),(883,'Collin','Gillespie','collin gillespie',17,'Denver Nuggets','6\' 1\"','Guard',NULL,'195 lbs',23,'#21',0,0,0,0,0,0,0,0,0,0,0,0,0,0,0,0,0,0,0,0,0,0,0,NULL,'2022-11-26 21:27:47'),(884,'John','Collins','john collins',1,'Atlanta Hawks','6\' 9\"','Power Forward','F-C','226 lbs',25,'#20',50,31.1,17,9.4,128,0.813,351,0.624,161,0.248,0.545,0.582,13.2,7.1,12.3,1.2,5.4,0.68,1.24,1.18,6.2,114.2,106.3,'https://a.espncdn.com/combiner/i?img=/i/headshots/nba/players/full/3908845.png','2023-02-16 09:00:04'),(885,'Rob','Edwards','rob edwards',NULL,'',NULL,NULL,NULL,'',0,NULL,0,0,0,0,0,0,0,0,0,0,0,0,0,0,0,0,0,0,0,0,0,0,0,NULL,'2022-11-26 21:27:47'),(886,'Jeriah','Horne','jeriah horne',NULL,'',NULL,NULL,NULL,'',0,NULL,0,0,0,0,0,0,0,0,0,0,0,0,0,0,0,0,0,0,0,0,0,0,0,NULL,'2022-11-26 21:27:47'),(887,'Miye','Oni','miye oni',NULL,'','6\' 5\"','Shooting Guard',NULL,'206 lbs',24,'#81',0,0,0,0,0,0,0,0,0,0,0,0,0,0,0,0,0,0,0,0,0,0,0,'https://a.espncdn.com/combiner/i?img=/i/headshots/nba/players/full/4066851.png','2022-11-26 21:27:47'),(888,'Amida','Brimah','amida brimah',NULL,'','6\' 10\"','Center',NULL,'230 lbs',27,'#37',0,0,0,0,0,0,0,0,0,0,0,0,0,0,0,0,0,0,0,0,0,0,0,'https://a.espncdn.com/combiner/i?img=/i/headshots/nba/players/full/3074748.png','2022-11-26 21:27:47'),(889,'Alex','O\'Connell','alex o\'connell',NULL,'',NULL,NULL,NULL,'',0,NULL,0,0,0,0,0,0,0,0,0,0,0,0,0,0,0,0,0,0,0,0,0,0,0,NULL,'2022-11-26 21:27:47'),(890,'AJ','Griffin','aj griffin',1,'Atlanta Hawks','6\' 6\"','Forward','F','222 lbs',19,'#14',55,20.4,17.8,7,30,0.867,218,0.555,208,0.394,0.573,0.585,9.3,2.1,5.5,1,6.7,0.69,0.13,0.6,5.3,115,113.9,'https://a.espncdn.com/combiner/i?img=/i/headshots/nba/players/full/4432585.png','2023-02-16 09:00:05'),(891,'De\'Andre','Hunter','de\'andre hunter',1,'Atlanta Hawks','6\' 8\"','Small Forward','F-G','221 lbs',24,'#12',49,32,20.1,8.2,170,0.829,392,0.515,217,0.359,0.524,0.57,15.9,4.4,7.4,1.4,6.1,0.55,0.2,1.24,5.8,112.1,110.1,'https://a.espncdn.com/combiner/i?img=/i/headshots/nba/players/full/4065732.png','2023-02-16 09:00:05'),(892,'Jalen','Johnson','jalen johnson',1,'Atlanta Hawks','6\' 8\"','Small Forward','F','219 lbs',20,'#1',54,14.6,15.4,9.3,61,0.656,154,0.578,81,0.284,0.526,0.548,5.3,4,14.6,0.9,8.2,0.46,0.44,0.5,7.3,113.6,105.7,'https://a.espncdn.com/combiner/i?img=/i/headshots/nba/players/full/4701230.png','2023-02-16 09:00:05'),(893,'Onyeka','Okongwu','onyeka okongwu',1,'Atlanta Hawks','6\' 8\"','Power Forward','F-C','240 lbs',21,'#17',57,23.9,14.2,12,116,0.741,347,0.637,5,0.2,0.632,0.659,9.3,7.3,16.5,1,5.7,0.67,1.28,0.96,6.8,132.1,102.6,'https://a.espncdn.com/combiner/i?img=/i/headshots/nba/players/full/4431680.png','2023-02-16 09:00:06'),(894,'Pat','Spencer','pat spencer',NULL,'','6\' 3\"','Guard',NULL,'205 lbs',26,'#61',0,0,0,0,0,0,0,0,0,0,0,0,0,0,0,0,0,0,0,0,0,0,0,NULL,'2022-11-26 21:27:47'),(895,'Tyler','Hall','tyler hall',NULL,'','6\' 5\"','Guard',NULL,'209 lbs',25,'#9',0,0,0,0,0,0,0,0,0,0,0,0,0,0,0,0,0,0,0,0,0,0,0,'https://a.espncdn.com/combiner/i?img=/i/headshots/nba/players/full/3934695.png','2022-11-26 21:27:47'),(896,'James','Banks III','james banks iii',NULL,'',NULL,NULL,NULL,'',0,NULL,0,0,0,0,0,0,0,0,0,0,0,0,0,0,0,0,0,0,0,0,0,0,0,NULL,'2022-11-26 21:27:47'),(897,'Tyrone','Wallace','tyrone wallace',NULL,'','6\' 5\"','Guard',NULL,'198 lbs',27,'#6',0,0,0,0,0,0,0,0,0,0,0,0,0,0,0,0,0,0,0,0,0,0,0,'https://a.espncdn.com/combiner/i?img=/i/headshots/nba/players/full/3002137.png','2022-11-26 21:27:47'),(898,'Danilo','Gallinari','danilo gallinari',2,'Boston Celtics','6\' 10\"','Power Forward',NULL,'236 lbs',34,'#8',0,0,0,0,0,0,0,0,0,0,0,0,0,0,0,0,0,0,0,0,0,0,0,'https://a.espncdn.com/combiner/i?img=/i/headshots/nba/players/full/3428.png','2022-11-26 21:27:47'),(899,'Izaiah','Brockington','izaiah brockington',NULL,'',NULL,NULL,NULL,'',0,NULL,0,0,0,0,0,0,0,0,0,0,0,0,0,0,0,0,0,0,0,0,0,0,0,NULL,'2022-11-26 21:27:47'),(900,'Sharife','Cooper','sharife cooper',NULL,'','6\' 1\"','Point Guard',NULL,'176 lbs',21,'#2',0,0,0,0,0,0,0,0,0,0,0,0,0,0,0,0,0,0,0,0,0,0,0,'https://a.espncdn.com/combiner/i?img=/i/headshots/nba/players/full/4432173.png','2022-11-26 21:27:47'),(901,'David','Roddy','david roddy',22,'Memphis Grizzlies','6\' 5\"','Guard','F','252 lbs',21,'#27',46,17.8,16.5,13.1,48,0.625,132,0.545,133,0.293,0.492,0.509,6.3,2.7,7.9,0.7,4.8,0.52,0.26,0.93,5.1,98.8,106.2,'https://a.espncdn.com/combiner/i?img=/i/headshots/nba/players/full/4593041.png','2023-02-16 09:00:06'),(902,'Kyle','Anderson','kyle anderson',23,'Minnesota Timberwolves','6\' 9\"','Small Forward','F-G','230 lbs',29,'#5',48,26.1,14,16,104,0.779,232,0.526,68,0.426,0.552,0.596,8.6,4.7,10.1,4.1,20.3,1.19,0.83,1.38,8.4,120.6,108.3,'https://a.espncdn.com/combiner/i?img=/i/headshots/nba/players/full/2993874.png','2023-02-17 08:20:04'),(903,'Kellan','Grady','kellan grady',NULL,'','6\' 5\"','Guard',NULL,'205 lbs',25,'#34',0,0,0,0,0,0,0,0,0,0,0,0,0,0,0,0,0,0,0,0,0,0,0,NULL,'2022-11-26 21:27:47'),(904,'Luka','Garza','luka garza',23,'Minnesota Timberwolves','6\' 10\"','Center','C','243 lbs',23,'#55',22,9.3,26.9,7,43,0.767,65,0.615,36,0.361,0.589,0.634,6.9,2.4,14.5,0.6,10.9,0.09,0.05,0.41,9.2,130.6,102.4,'https://a.espncdn.com/combiner/i?img=/i/headshots/nba/players/full/4277951.png','2023-02-17 08:20:04'),(905,'Tacko','Fall','tacko fall',NULL,'','7\' 6\"','Center',NULL,'311 lbs',26,'#99',0,0,0,0,0,0,0,0,0,0,0,0,0,0,0,0,0,0,0,0,0,0,0,'https://a.espncdn.com/combiner/i?img=/i/headshots/nba/players/full/3904625.png','2022-11-26 21:27:47'),(906,'Jordan','McLaughlin','jordan mclaughlin',23,'Minnesota Timberwolves','5\' 11\"','Point Guard','G','185 lbs',26,'#6',24,15.3,12.1,18.3,9,1,40,0.6,41,0.22,0.463,0.494,3.5,1.6,5.8,3.2,26,0.79,0.08,0.79,6.8,114.5,116.2,'https://a.espncdn.com/combiner/i?img=/i/headshots/nba/players/full/3134916.png','2023-02-17 08:20:05'),(907,'Lester','Quinones','lester quinones',NULL,'','6\' 5\"','Guard',NULL,'205 lbs',21,'#25',0,0,0,0,0,0,0,0,0,0,0,0,0,0,0,0,0,0,0,0,0,0,0,NULL,'2022-11-26 21:27:47'),(908,'Nate','Darling','nate darling',NULL,'','6\' 6\"','Guard',NULL,'200 lbs',24,'#30',0,0,0,0,0,0,0,0,0,0,0,0,0,0,0,0,0,0,0,0,0,0,0,'https://a.espncdn.com/combiner/i?img=/i/headshots/nba/players/full/4067069.png','2022-11-26 21:27:47'),(909,'Jules','Bernard','jules bernard',NULL,'','6\' 6\"','Guard',NULL,'205 lbs',22,'#24',0,0,0,0,0,0,0,0,0,0,0,0,0,0,0,0,0,0,0,0,0,0,0,NULL,'2022-11-26 21:27:47'),(910,'Josh','Minott','josh minott',23,'Minnesota Timberwolves','6\' 8\"','Forward','F','205 lbs',20,'#8',11,6.2,18.5,0,6,1,23,0.565,4,0.25,0.537,0.59,3.2,2,18.1,0.3,6.4,0.27,0.55,0,8,132.1,102.8,NULL,'2023-02-17 08:20:05'),(911,'Ibi','Watson','ibi watson',NULL,'','6\' 5\"','Guard',NULL,'200 lbs',23,'#16',0,0,0,0,0,0,0,0,0,0,0,0,0,0,0,0,0,0,0,0,0,0,0,NULL,'2022-11-26 21:27:47'),(912,'Matt','Mooney','matt mooney',NULL,'','6\' 2\"','Shooting Guard',NULL,'199 lbs',26,'#31',0,0,0,0,0,0,0,0,0,0,0,0,0,0,0,0,0,0,0,0,0,0,0,'https://a.espncdn.com/combiner/i?img=/i/headshots/nba/players/full/3149036.png','2022-11-26 21:27:47'),(913,'Josh','Gray','josh gray',NULL,'','6\' 0\"','Guard',NULL,'180 lbs',28,'#5',0,0,0,0,0,0,0,0,0,0,0,0,0,0,0,0,0,0,0,0,0,0,0,'https://a.espncdn.com/combiner/i?img=/i/headshots/nba/players/full/3001308.png','2022-11-26 21:27:47'),(914,'Kenny','Lofton Jr.','kenny lofton jr.',NULL,'','6\' 7\"','Forward',NULL,'275 lbs',20,'#6',0,0,0,0,0,0,0,0,0,0,0,0,0,0,0,0,0,0,0,0,0,0,0,'https://a.espncdn.com/combiner/i?img=/i/headshots/nba/players/full/4585610.png','2022-11-26 21:27:47'),(915,'Bryce','Brown','bryce brown',NULL,'','6\' 3\"','Guard',NULL,'198 lbs',24,'#99',0,0,0,0,0,0,0,0,0,0,0,0,0,0,0,0,0,0,0,0,0,0,0,NULL,'2022-11-26 21:27:47'),(916,'Noah','Vonleh','noah vonleh',2,'Boston Celtics','6\' 10\"','Power Forward','F','257 lbs',27,'#4',23,7.5,9.1,30.7,2,1,20,0.5,4,0.25,0.479,0.502,1.1,2.1,15.4,0.3,5.1,0.09,0.35,0.48,4.7,102.9,92.9,'https://a.espncdn.com/combiner/i?img=/i/headshots/nba/players/full/3078284.png','2023-02-16 09:00:06'),(917,'Bryce','McGowens','bryce mcgowens',4,'Charlotte Hornets','6\' 7\"','Guard','G','179 lbs',20,'#7',26,14.7,13.3,12.3,28,0.786,62,0.387,33,0.364,0.442,0.494,4.1,1.7,6.1,1,9.2,0.27,0.15,0.58,5.2,101.8,116.4,'https://a.espncdn.com/combiner/i?img=/i/headshots/nba/players/full/4576086.png','2023-02-16 09:00:06'),(918,'Nicolo','Melli','nicolo melli',NULL,'','6\' 9\"','Power Forward',NULL,'236 lbs',30,'#44',0,0,0,0,0,0,0,0,0,0,0,0,0,0,0,0,0,0,0,0,0,0,0,'https://a.espncdn.com/combiner/i?img=/i/headshots/nba/players/full/4341.png','2022-11-26 21:27:47'),(919,'Terry','Rozier','terry rozier',4,'Charlotte Hornets','6\' 1\"','Shooting Guard','G','190 lbs',28,'#3',49,35.6,26.9,9.2,172,0.82,544,0.482,402,0.333,0.489,0.522,21.8,4.3,6.4,4.9,21.5,1.1,0.27,2.1,8.7,107.4,115.9,'https://a.espncdn.com/combiner/i?img=/i/headshots/nba/players/full/3074752.png','2023-02-16 09:00:06'),(920,'JT','Thor','jt thor',4,'Charlotte Hornets','6\' 9\"','Power Forward','F','203 lbs',20,'#21',47,10.8,12.6,14.4,29,0.621,58,0.5,60,0.25,0.436,0.463,2.6,1.7,8.5,0.4,4.6,0.23,0.23,0.47,4.5,93.8,113.9,'https://a.espncdn.com/combiner/i?img=/i/headshots/nba/players/full/4702233.png','2023-02-16 09:00:06'),(921,'Charles','Brown Jr.','charles brown jr.',NULL,'','6\' 7\"','Forward',NULL,'199 lbs',24,'#44',0,0,0,0,0,0,0,0,0,0,0,0,0,0,0,0,0,0,0,0,0,0,0,'https://a.espncdn.com/combiner/i?img=/i/headshots/nba/players/full/4066508.png','2022-11-26 21:27:47'),(922,'Jack','White','jack white',17,'Denver Nuggets','6\' 7\"','Forward','F','225 lbs',25,'#10',14,3.1,15.6,6.5,1,1,8,0.5,6,0.167,0.393,0.416,0.9,0.5,9.5,0,0,0.07,0.14,0.07,0,0,0,'https://a.espncdn.com/combiner/i?img=/i/headshots/nba/players/full/4065653.png','2023-02-16 09:00:07'),(923,'Nemanja','Bjelica','nemanja bjelica',NULL,'','6\' 9\"','Power Forward',NULL,'234 lbs',34,'#8',0,0,0,0,0,0,0,0,0,0,0,0,0,0,0,0,0,0,0,0,0,0,0,'https://a.espncdn.com/combiner/i?img=/i/headshots/nba/players/full/4269.png','2022-11-26 21:27:47'),(924,'Patrick','Baldwin Jr.','patrick baldwin jr.',18,'Golden State Warriors','6\' 9\"','Forward','F','220 lbs',20,'#7',16,8.1,23.2,9.8,6,0.667,13,0.385,49,0.449,0.613,0.619,5,1.3,8.9,0.2,3.4,0.38,0.06,0.44,5.4,105.3,111.8,'https://a.espncdn.com/combiner/i?img=/i/headshots/nba/players/full/4433246.png','2023-02-15 08:00:04'),(925,'Wendell','Moore Jr.','wendell moore jr.',23,'Minnesota Timberwolves','6\' 5\"','Guard','G','213 lbs',21,'#7',24,5.8,14.5,16.9,5,0.8,21,0.619,16,0.125,0.432,0.459,1.5,0.7,6.5,0.7,14.7,0.25,0.21,0.33,6.2,93.9,108.7,'https://a.espncdn.com/combiner/i?img=/i/headshots/nba/players/full/4592187.png','2023-02-17 08:20:05'),(926,'Jaylen','Nowell','jaylen nowell',23,'Minnesota Timberwolves','6\' 4\"','Shooting Guard','G','201 lbs',23,'#4',61,19.7,24.8,8.7,97,0.784,372,0.538,222,0.297,0.503,0.529,11,2.7,7.6,2,15.5,0.64,0.07,1,7.9,106.7,110.9,'https://a.espncdn.com/combiner/i?img=/i/headshots/nba/players/full/4278541.png','2023-02-17 08:20:05'),(927,'AJ','Green','aj green',NULL,'','6\' 4\"','Guard',NULL,'190 lbs',23,'#20',0,0,0,0,0,0,0,0,0,0,0,0,0,0,0,0,0,0,0,0,0,0,0,'https://a.espncdn.com/combiner/i?img=/i/headshots/nba/players/full/4397475.png','2022-11-26 21:27:47'),(928,'Zion','Williamson','zion williamson',24,'New Orleans Pelicans','6\' 6\"','Power Forward','F','284 lbs',22,'#1',29,33,30.1,14.6,248,0.714,450,0.618,19,0.368,0.615,0.652,26,7,11.9,4.6,24.3,1.1,0.55,3.41,11.4,120.6,108.6,'https://a.espncdn.com/combiner/i?img=/i/headshots/nba/players/full/4395628.png','2023-02-16 09:00:07'),(929,'Quentin','Grimes','quentin grimes',11,'New York Knicks','6\' 4\"','Shooting Guard','G','210 lbs',22,'#6',49,30.2,13.7,10.6,70,0.8,137,0.628,256,0.348,0.559,0.584,10.1,3.4,6.1,1.9,8.7,0.65,0.41,1.02,5.3,118.4,110,'https://a.espncdn.com/combiner/i?img=/i/headshots/nba/players/full/4397014.png','2023-02-16 09:00:05'),(930,'Ishmail','Wainright','ishmail wainright',NULL,'','6\' 5\"','Power Forward',NULL,'260 lbs',26,'#12',0,0,0,0,0,0,0,0,0,0,0,0,0,0,0,0,0,0,0,0,0,0,0,NULL,'2022-11-26 21:27:47'),(931,'Rokas','Jokubaitis','rokas jokubaitis',NULL,'',NULL,NULL,NULL,'',0,NULL,0,0,0,0,0,0,0,0,0,0,0,0,0,0,0,0,0,0,0,0,0,0,0,NULL,'2022-11-26 21:27:47'),(932,'Matteo','Spagnolo','matteo spagnolo',NULL,'',NULL,NULL,NULL,'',0,NULL,0,0,0,0,0,0,0,0,0,0,0,0,0,0,0,0,0,0,0,0,0,0,0,NULL,'2022-11-26 21:27:47'),(933,'Aric','Holman','aric holman',NULL,'','6\' 9\"','Forward',NULL,'225 lbs',24,'#35',0,0,0,0,0,0,0,0,0,0,0,0,0,0,0,0,0,0,0,0,0,0,0,NULL,'2022-11-26 21:27:47'),(934,'Jamorko','Pickett','jamorko pickett',NULL,'','6\' 9\"','Forward',NULL,'206 lbs',24,'#24',0,0,0,0,0,0,0,0,0,0,0,0,0,0,0,0,0,0,0,0,0,0,0,'https://a.espncdn.com/combiner/i?img=/i/headshots/nba/players/full/4278566.png','2022-11-26 21:27:47'),(935,'E.J.','Liddell','e.j. liddell',NULL,'',NULL,NULL,NULL,'',0,NULL,0,0,0,0,0,0,0,0,0,0,0,0,0,0,0,0,0,0,0,0,0,0,0,NULL,'2022-11-26 21:27:47'),(936,'Karlo','Matkovic','karlo matkovic',NULL,'',NULL,NULL,NULL,'',0,NULL,0,0,0,0,0,0,0,0,0,0,0,0,0,0,0,0,0,0,0,0,0,0,0,NULL,'2022-11-26 21:27:47'),(937,'David','Duke Jr.','david duke jr.',3,'Brooklyn Nets','6\' 4\"','Small Forward','G','204 lbs',23,'#6',16,8.8,20.4,20.1,8,0.5,42,0.5,6,0,0.438,0.446,2.9,0.9,6,0.8,11.6,0.38,0.06,0.81,5.8,84.6,100.7,'https://a.espncdn.com/combiner/i?img=/i/headshots/nba/players/full/4397107.png','2023-02-14 08:00:04'),(938,'Kai','Jones','kai jones',4,'Charlotte Hornets','6\' 10\"','Power Forward','C-F','221 lbs',21,'#23',27,8.8,12.9,12.3,12,0.667,48,0.583,11,0.273,0.551,0.568,2.7,1.9,11.6,0.2,2.9,0.19,0.41,0.33,4.6,112.7,107.1,'https://a.espncdn.com/combiner/i?img=/i/headshots/nba/players/full/4431699.png','2023-02-16 09:00:05'),(939,'Brandon','Knight','brandon knight',NULL,'','6\' 2\"','Point Guard',NULL,'182 lbs',30,'#20',0,0,0,0,0,0,0,0,0,0,0,0,0,0,0,0,0,0,0,0,0,0,0,'https://a.espncdn.com/combiner/i?img=/i/headshots/nba/players/full/6448.png','2022-11-26 21:27:47'),(940,'JaQuori','McLaughlin','jaquori mclaughlin',NULL,'','6\' 4\"','Point Guard',NULL,'190 lbs',23,'#30',0,0,0,0,0,0,0,0,0,0,0,0,0,0,0,0,0,0,0,0,0,0,0,'https://a.espncdn.com/combiner/i?img=/i/headshots/nba/players/full/4066496.png','2022-11-26 21:27:47'),(941,'Mark','Williams','mark williams',4,'Charlotte Hornets','7\' 0\"','Center','C','242 lbs',20,'#5',29,15.9,17,11.7,63,0.73,138,0.63,0,0,0.63,0.664,7.6,5.6,18.6,0.3,2.6,0.72,1.17,0.76,5.9,126.7,101.8,'https://a.espncdn.com/combiner/i?img=/i/headshots/nba/players/full/4701232.png','2023-02-16 09:00:07'),(942,'Javante','McCoy','javante mccoy',NULL,'','6\' 5\"','Guard',NULL,'180 lbs',24,'#28',0,0,0,0,0,0,0,0,0,0,0,0,0,0,0,0,0,0,0,0,0,0,0,NULL,'2022-11-26 21:27:47'),(943,'DeMar','DeRozan','demar derozan',5,'Chicago Bulls','6\' 6\"','Small Forward','G-F','220 lbs',33,'#11',53,36.3,28.4,9.5,396,0.881,870,0.525,85,0.318,0.521,0.595,25.4,4.7,7.2,5.1,22.5,0.96,0.53,2.25,9.3,118.4,109.2,'https://a.espncdn.com/combiner/i?img=/i/headshots/nba/players/full/3978.png','2023-02-17 08:20:04'),(944,'Ayo','Dosunmu','ayo dosunmu',5,'Chicago Bulls','6\' 4\"','Shooting Guard','G','200 lbs',22,'#12',57,28.4,14.8,14.3,67,0.806,294,0.592,145,0.324,0.557,0.58,9.5,3,6,2.8,13.5,0.68,0.35,1.37,6.1,111.8,108.6,'https://a.espncdn.com/combiner/i?img=/i/headshots/nba/players/full/4397002.png','2023-02-17 08:20:04'),(945,'Malcolm','Hill','malcolm hill',5,'Chicago Bulls','6\' 6\"','Forward','F','220 lbs',27,'#14',5,1.8,19.2,0,0,0,1,1,3,0.333,0.625,0.625,1,0.6,18.5,0,0,0,0,0,0,0,0,'https://a.espncdn.com/combiner/i?img=/i/headshots/nba/players/full/3056245.png','2023-02-17 08:20:05'),(946,'Ryan','Rollins','ryan rollins',18,'Golden State Warriors','6\' 4\"','Guard','G','180 lbs',20,'#2',12,5.2,26.1,41.4,6,1,11,0.364,9,0.333,0.425,0.508,1.9,1,10.6,0.5,12.4,0.08,0.08,1.33,7.6,70.2,102.3,'https://a.espncdn.com/combiner/i?img=/i/headshots/nba/players/full/4591725.png','2023-02-15 08:00:06'),(947,'Tari','Eason','tari eason',19,'Houston Rockets','6\' 8\"','Forward','F','215 lbs',21,'#17',58,19.4,19.9,11.4,99,0.758,324,0.478,113,0.345,0.489,0.522,8.7,5.5,15.5,0.9,7.5,1.05,0.57,1.07,7.2,109.9,107.1,'https://a.espncdn.com/combiner/i?img=/i/headshots/nba/players/full/4433192.png','2023-02-16 09:00:05'),(948,'Jerome','Robinson','jerome robinson',NULL,'','6\' 4\"','Shooting Guard',NULL,'190 lbs',25,'#8',0,0,0,0,0,0,0,0,0,0,0,0,0,0,0,0,0,0,0,0,0,0,0,'https://a.espncdn.com/combiner/i?img=/i/headshots/nba/players/full/3943606.png','2022-11-26 21:27:47'),(949,'TyTy','Washington Jr.','tyty washington jr.',19,'Houston Rockets','6\' 3\"','Guard','G','195 lbs',21,'#0',23,12.7,17.7,7.2,11,0.545,61,0.508,50,0.18,0.401,0.41,4.1,1.3,5.8,1.4,16.4,0.39,0.04,0.39,6.2,95.7,113.2,'https://a.espncdn.com/combiner/i?img=/i/headshots/nba/players/full/4683749.png','2023-02-16 09:00:06'),(950,'Matt','Lewis','matt lewis',NULL,'','6\' 5\"','Shooting Guard',NULL,'200 lbs',22,'#14',0,0,0,0,0,0,0,0,0,0,0,0,0,0,0,0,0,0,0,0,0,0,0,NULL,'2022-11-26 21:27:47'),(951,'A.J.','Lawson','a.j. lawson',23,'Minnesota Timberwolves','6\' 6\"','Guard','G','179 lbs',22,'#00',11,5.5,20.7,3.7,3,0.333,9,0.556,16,0.438,0.62,0.608,2.9,0.7,7.9,0.1,2.7,0.09,0,0.09,4.3,116.7,107.7,'https://a.espncdn.com/combiner/i?img=/i/headshots/nba/players/full/4067017.png','2023-02-17 19:10:05'),(952,'Michael','Carter-Williams','michael carter-williams',NULL,'','6\' 5\"','Point Guard',NULL,'190 lbs',30,'#7',0,0,0,0,0,0,0,0,0,0,0,0,0,0,0,0,0,0,0,0,0,0,0,'https://a.espncdn.com/combiner/i?img=/i/headshots/nba/players/full/2596108.png','2022-11-26 21:27:47'),(953,'Robert','Franks','robert franks',NULL,'','6\' 7\"','Forward',NULL,'225 lbs',24,'#22',0,0,0,0,0,0,0,0,0,0,0,0,0,0,0,0,0,0,0,0,0,0,0,'https://a.espncdn.com/combiner/i?img=/i/headshots/nba/players/full/3922235.png','2022-11-26 21:27:47'),(954,'Yogi','Ferrell','yogi ferrell',NULL,'','6\' 0\"','Point Guard',NULL,'178 lbs',28,'#11',0,0,0,0,0,0,0,0,0,0,0,0,0,0,0,0,0,0,0,0,0,0,0,'https://a.espncdn.com/combiner/i?img=/i/headshots/nba/players/full/2991018.png','2022-11-26 21:27:47'),(955,'Cheick','Diallo','cheick diallo',NULL,'','6\' 8\"','Forward',NULL,'219 lbs',25,'#00',0,0,0,0,0,0,0,0,0,0,0,0,0,0,0,0,0,0,0,0,0,0,0,'https://a.espncdn.com/combiner/i?img=/i/headshots/nba/players/full/3919335.png','2022-11-26 21:27:47'),(956,'Michael','Devoe','michael devoe',NULL,'',NULL,NULL,NULL,'',0,NULL,0,0,0,0,0,0,0,0,0,0,0,0,0,0,0,0,0,0,0,0,0,0,0,NULL,'2022-11-26 21:27:47'),(957,'Keaton','Wallace','keaton wallace',NULL,'','6\' 3\"','Guard',NULL,'195 lbs',23,'#32',0,0,0,0,0,0,0,0,0,0,0,0,0,0,0,0,0,0,0,0,0,0,0,NULL,'2022-11-26 21:27:47'),(958,'Marko','Simonovic','marko simonovic',5,'Chicago Bulls','6\' 11\"','Center','C','220 lbs',23,'#19',3,1.5,9.5,0,0,0,0,0,1,0,0,0,0,0,0,0,0,0,0,0,0,0,0,'https://a.espncdn.com/combiner/i?img=/i/headshots/nba/players/full/4683622.png','2023-02-17 08:20:05'),(959,'Mac','McClung','mac mcclung',NULL,'','6\' 2\"','Shooting Guard',NULL,'185 lbs',23,'#55',0,0,0,0,0,0,0,0,0,0,0,0,0,0,0,0,0,0,0,0,0,0,0,'https://a.espncdn.com/combiner/i?img=/i/headshots/nba/players/full/4397071.png','2022-11-26 21:27:47'),(960,'Dalen','Terry','dalen terry',5,'Chicago Bulls','6\' 7\"','Forward','F','195 lbs',20,'#25',23,5,17.4,13.1,6,0.5,25,0.52,12,0.167,0.432,0.441,1.5,0.7,8.3,0.6,16.4,0.17,0.17,0.26,6.9,98.4,109,'https://a.espncdn.com/combiner/i?img=/i/headshots/nba/players/full/4433159.png','2023-02-17 08:20:06'),(961,'Johnny','O\'Bryant III','johnny o\'bryant iii',NULL,'','6\' 9\"','Forward',NULL,'257 lbs',28,'#97',0,0,0,0,0,0,0,0,0,0,0,0,0,0,0,0,0,0,0,0,0,0,0,'https://a.espncdn.com/combiner/i?img=/i/headshots/nba/players/full/2581084.png','2022-11-26 21:27:47'),(962,'Ben','McLemore','ben mclemore',NULL,'','6\' 3\"','Shooting Guard',NULL,'195 lbs',29,'#23',0,0,0,0,0,0,0,0,0,0,0,0,0,0,0,0,0,0,0,0,0,0,0,'https://a.espncdn.com/combiner/i?img=/i/headshots/nba/players/full/2578213.png','2022-11-26 21:27:47'),(963,'Nikola','Vucevic','nikola vucevic',5,'Chicago Bulls','6\' 10\"','Center','C','260 lbs',32,'#9',59,34,21.6,10.3,112,0.821,563,0.593,275,0.356,0.574,0.594,17.9,11.5,18.9,3.4,15.1,0.69,0.81,1.73,10.4,118.2,106.3,'https://a.espncdn.com/combiner/i?img=/i/headshots/nba/players/full/6478.png','2023-02-17 08:20:06'),(964,'Isaiah','Mobley','isaiah mobley',6,'Cleveland Cavaliers','6\' 8\"','Forward','F','238 lbs',23,'#15',8,3.3,13.7,0,0,0,6,0.5,2,0.5,0.563,0.563,1.1,1.4,24.9,0,0,0.13,0,0,0,0,0,'https://a.espncdn.com/combiner/i?img=/i/headshots/nba/players/full/4432815.png','2023-02-11 08:30:06'),(965,'Tyler','Dorsey','tyler dorsey',16,'Dallas Mavericks','6\' 4\"','Guard','G','195 lbs',26,'#22',3,2.8,27.4,0,0,0,3,1,2,0.5,0.9,0.9,3,0.7,14.2,0,0,0,0,0,0,0,0,'https://a.espncdn.com/combiner/i?img=/i/headshots/nba/players/full/3915560.png','2023-01-19 07:40:04'),(966,'Will','Magnay','will magnay',NULL,'','6\' 10\"','Power Forward',NULL,'234 lbs',22,'#25',0,0,0,0,0,0,0,0,0,0,0,0,0,0,0,0,0,0,0,0,0,0,0,'https://a.espncdn.com/combiner/i?img=/i/headshots/nba/players/full/4278783.png','2022-11-26 21:27:47'),(967,'Jaden','Hardy','jaden hardy',16,'Dallas Mavericks','6\' 4\"','Guard','G','198 lbs',20,'#3',31,11.8,25.8,12.5,48,0.875,90,0.489,71,0.338,0.497,0.555,6.5,1.4,6.9,0.8,10.9,0.29,0.1,0.84,6.6,102.6,107.4,'https://a.espncdn.com/combiner/i?img=/i/headshots/nba/players/full/4868423.png','2023-02-16 09:00:05'),(968,'McKinley','Wright IV','mckinley wright iv',16,'Dallas Mavericks','5\' 11\"','Point Guard','G','192 lbs',24,'#23',19,10.8,14.6,18.2,11,0.636,35,0.543,14,0.286,0.51,0.529,3,1.4,7.5,1.9,25.9,0.37,0.16,0.63,7.4,113.3,109.8,'https://a.espncdn.com/combiner/i?img=/i/headshots/nba/players/full/4278507.png','2023-02-16 09:00:07'),(969,'Joe','Johnson','joe johnson',NULL,'','6\' 7\"','Guard',NULL,'240 lbs',40,'#55',0,0,0,0,0,0,0,0,0,0,0,0,0,0,0,0,0,0,0,0,0,0,0,'https://a.espncdn.com/combiner/i?img=/i/headshots/nba/players/full/1007.png','2022-11-26 21:27:47'),(970,'Christian','Braun','christian braun',17,'Denver Nuggets','6\' 6\"','Guard','G','220 lbs',21,'#0',54,15.5,12.2,10.2,37,0.595,132,0.553,62,0.371,0.554,0.564,4.4,2.4,8.9,0.8,6.3,0.48,0.2,0.44,5.3,115.1,109.6,'https://a.espncdn.com/combiner/i?img=/i/headshots/nba/players/full/4431767.png','2023-02-16 09:00:04'),(971,'Filip','Petrusev','filip petrusev',NULL,'',NULL,NULL,NULL,'',0,NULL,0,0,0,0,0,0,0,0,0,0,0,0,0,0,0,0,0,0,0,0,0,0,0,NULL,'2022-11-26 21:27:47'),(972,NULL,NULL,'null null',NULL,'',NULL,NULL,NULL,'',0,NULL,0,0,0,0,0,0,0,0,0,0,0,0,0,0,0,0,0,0,0,0,0,0,0,NULL,'2022-11-26 21:27:47'),(973,NULL,NULL,'null null',NULL,'',NULL,NULL,NULL,'',0,NULL,0,0,0,0,0,0,0,0,0,0,0,0,0,0,0,0,0,0,0,0,0,0,0,NULL,'2022-11-26 21:27:47'),(974,'Greg','Brown','greg brown',NULL,'',NULL,NULL,NULL,'',0,NULL,0,0,0,0,0,0,0,0,0,0,0,0,0,0,0,0,0,0,0,0,0,0,0,NULL,'2022-11-26 21:27:47'),(975,'Enes','Kanter','enes kanter',NULL,'','6\' 10\"','Center',NULL,'250 lbs',29,'#13',0,0,0,0,0,0,0,0,0,0,0,0,0,0,0,0,0,0,0,0,0,0,0,'https://a.espncdn.com/combiner/i?img=/i/headshots/nba/players/full/6447.png','2022-11-26 21:27:47'),(976,'Buddy','Hield','buddy hield',8,'Indiana Pacers','6\' 4\"','Shooting Guard','G','220 lbs',29,'#24',60,32,21.2,11.5,92,0.87,279,0.505,540,0.426,0.593,0.612,17.5,4.9,8.5,2.7,12.9,1.13,0.32,1.87,7.7,114.1,114.2,'https://a.espncdn.com/combiner/i?img=/i/headshots/nba/players/full/2990984.png','2023-02-16 09:00:05'),(977,'Isaiah','Hartenstein','isaiah hartenstein',11,'New York Knicks','7\' 0\"','Center','C-F','250 lbs',24,'#55',60,19.7,11.9,15,53,0.755,221,0.561,34,0.235,0.533,0.561,5.2,6.6,18,0.9,6,0.57,0.83,0.82,6.4,122.6,101.3,'https://a.espncdn.com/combiner/i?img=/i/headshots/nba/players/full/4222252.png','2023-02-16 09:00:05'),(978,'Mason','Jones','mason jones',NULL,'','6\' 4\"','Guard',NULL,'200 lbs',24,'#40',0,0,0,0,0,0,0,0,0,0,0,0,0,0,0,0,0,0,0,0,0,0,0,'https://a.espncdn.com/combiner/i?img=/i/headshots/nba/players/full/4395704.png','2022-11-26 21:27:47'),(979,'Isaiah','Miller','isaiah miller',NULL,'',NULL,NULL,NULL,'',0,NULL,0,0,0,0,0,0,0,0,0,0,0,0,0,0,0,0,0,0,0,0,0,0,0,NULL,'2022-11-26 21:27:47'),(980,'John','Henson','john henson',NULL,'','6\' 9\"','Forward',NULL,'219 lbs',30,'#31',0,0,0,0,0,0,0,0,0,0,0,0,0,0,0,0,0,0,0,0,0,0,0,'https://a.espncdn.com/combiner/i?img=/i/headshots/nba/players/full/6592.png','2022-11-26 21:27:47'),(981,'MJ','Walker','mj walker',NULL,'','6\' 5\"','Guard',NULL,'213 lbs',23,'#21',0,0,0,0,0,0,0,0,0,0,0,0,0,0,0,0,0,0,0,0,0,0,0,'https://a.espncdn.com/combiner/i?img=/i/headshots/nba/players/full/4277854.png','2022-11-26 21:27:47'),(982,'Sekou','Doumbouya','sekou doumbouya',NULL,'','6\' 9\"','Small Forward',NULL,'230 lbs',21,'#45',0,0,0,0,0,0,0,0,0,0,0,0,0,0,0,0,0,0,0,0,0,0,0,'https://a.espncdn.com/combiner/i?img=/i/headshots/nba/players/full/4423314.png','2022-11-26 21:27:47'),(983,'Semi','Ojeleye','semi ojeleye',NULL,'','6\' 6\"','Power Forward',NULL,'240 lbs',27,'#37',0,0,0,0,0,0,0,0,0,0,0,0,0,0,0,0,0,0,0,0,0,0,0,'https://a.espncdn.com/combiner/i?img=/i/headshots/nba/players/full/3056602.png','2022-11-26 21:27:47'),(984,'Chris','Smith','chris smith',NULL,'','6\' 9\"','Small Forward',NULL,'215 lbs',22,'#0',0,0,0,0,0,0,0,0,0,0,0,0,0,0,0,0,0,0,0,0,0,0,0,NULL,'2022-11-26 21:27:47'),(985,'Daulton','Hommes','daulton hommes',NULL,'','6\' 8\"','Small Forward',NULL,'215 lbs',25,'#34',0,0,0,0,0,0,0,0,0,0,0,0,0,0,0,0,0,0,0,0,0,0,0,NULL,'2022-11-26 21:27:47'),(986,'Bogdan','Bogdanovic','bogdan bogdanovic',1,'Atlanta Hawks','6\' 6\"','Shooting Guard','G','225 lbs',30,'#13',34,29.9,20.3,8.2,47,0.766,185,0.486,243,0.383,0.536,0.552,14.6,3.3,6,3,13.9,0.85,0.32,1.18,7,111.3,113.9,'https://a.espncdn.com/combiner/i?img=/i/headshots/nba/players/full/3037789.png','2023-02-16 09:00:04'),(987,'Aamir','Simms','aamir simms',NULL,'','6\' 8\"','Power Forward',NULL,'245 lbs',22,'#25',0,0,0,0,0,0,0,0,0,0,0,0,0,0,0,0,0,0,0,0,0,0,0,NULL,'2022-11-26 21:27:47'),(988,'Trevor','Ariza','trevor ariza',NULL,'','6\' 8\"','Small Forward',NULL,'215 lbs',36,'#1',0,0,0,0,0,0,0,0,0,0,0,0,0,0,0,0,0,0,0,0,0,0,0,'https://a.espncdn.com/combiner/i?img=/i/headshots/nba/players/full/2426.png','2022-11-26 21:27:47'),(989,'Jake','Layman','jake layman',NULL,'','6\' 8\"','Forward',NULL,'209 lbs',28,'#10',0,0,0,0,0,0,0,0,0,0,0,0,0,0,0,0,0,0,0,0,0,0,0,'https://a.espncdn.com/combiner/i?img=/i/headshots/nba/players/full/2982268.png','2022-11-26 21:27:47'),(990,'Chet','Holmgren','chet holmgren',25,'Oklahoma City Thunder','7\' 1\"','Power Forward',NULL,'195 lbs',20,'#7',0,0,0,0,0,0,0,0,0,0,0,0,0,0,0,0,0,0,0,0,0,0,0,NULL,'2022-11-26 21:27:47'),(991,'Jamaree','Bouyea','jamaree bouyea',NULL,'','6\' 2\"','Guard','G','170 lbs',23,'#11',4,16.3,12.1,22.4,2,0.5,8,0.5,5,0.4,0.538,0.54,3.8,1.3,4.4,1,8.6,1,0.5,1,4.2,93,105.8,NULL,'2023-02-16 09:00:04'),(992,'Carsen','Edwards','carsen edwards',NULL,'','5\' 11\"','Point Guard',NULL,'200 lbs',24,'#4',0,0,0,0,0,0,0,0,0,0,0,0,0,0,0,0,0,0,0,0,0,0,0,'https://a.espncdn.com/combiner/i?img=/i/headshots/nba/players/full/4066407.png','2022-11-26 21:27:47'),(993,'Clint','Capela','clint capela',1,'Atlanta Hawks','6\' 10\"','Center','C','256 lbs',28,'#15',43,26.9,16.4,7.8,80,0.613,377,0.629,1,0,0.627,0.633,12.2,11.3,22.7,0.8,4.3,0.7,1.19,0.81,7.1,134.2,106.5,'https://a.espncdn.com/combiner/i?img=/i/headshots/nba/players/full/3102529.png','2023-02-16 09:00:04'),(994,'Dwight','Howard','dwight howard',NULL,'','6\' 10\"','Center',NULL,'265 lbs',36,'#39',0,0,0,0,0,0,0,0,0,0,0,0,0,0,0,0,0,0,0,0,0,0,0,'https://a.espncdn.com/combiner/i?img=/i/headshots/nba/players/full/2384.png','2022-11-26 21:27:47'),(995,'Wayne','Ellington','wayne ellington',NULL,'','6\' 4\"','Shooting Guard',NULL,'207 lbs',34,'#2',0,0,0,0,0,0,0,0,0,0,0,0,0,0,0,0,0,0,0,0,0,0,0,'https://a.espncdn.com/combiner/i?img=/i/headshots/nba/players/full/3981.png','2022-11-26 21:27:47'),(996,'Peyton','Watson','peyton watson',17,'Denver Nuggets','6\' 7\"','Forward','G','200 lbs',20,'#8',12,3.2,22.5,10.1,2,0,15,0.533,2,0.5,0.559,0.531,1.6,0.7,12.2,0.1,3.8,0,0.08,0.17,6,0,0,'https://a.espncdn.com/combiner/i?img=/i/headshots/nba/players/full/4576087.png','2023-02-16 09:00:07'),(997,'Marvin','Bagley III','marvin bagley iii',7,'Detroit Pistons','6\' 11\"','Power Forward','F','235 lbs',23,'#35',25,21.3,19.6,8.9,52,0.769,168,0.589,33,0.273,0.56,0.592,10.6,5.9,15.4,0.6,4.3,0.52,0.72,0.88,6.3,119.1,110.8,'https://a.espncdn.com/combiner/i?img=/i/headshots/nba/players/full/4277848.png','2023-02-16 09:00:04'),(998,'Buddy','Boeheim','buddy boeheim',7,'Detroit Pistons','6\' 6\"','Guard','F','195 lbs',23,'#27',1,1,0,0,0,0,0,0,0,0,0,0,0,0,0,0,0,0,0,0,0,0,0,'https://a.espncdn.com/combiner/i?img=/i/headshots/nba/players/full/4395676.png','2022-11-26 21:27:50'),(999,'Jalen','Duren','jalen duren',7,'Detroit Pistons','6\' 10\"','Center','C','250 lbs',19,'#0',51,25.1,13.1,15.4,113,0.611,284,0.655,1,0,0.653,0.659,8.6,8.7,19.3,1.1,6.3,0.61,0.9,1.2,6.9,129.4,108.7,'https://a.espncdn.com/combiner/i?img=/i/headshots/nba/players/full/4433621.png','2023-02-16 09:00:05'),(1000,'Moussa','Diabate','moussa diabate',20,'LA Clippers','6\' 11\"','Forward','F','210 lbs',20,'#25',17,10,14.4,16.1,16,0.625,38,0.526,2,0.5,0.538,0.563,3.1,2.6,14.6,0.2,2.5,0.29,0.35,0.53,4.7,119.6,109.7,'https://a.espncdn.com/combiner/i?img=/i/headshots/nba/players/full/4433249.png','2023-02-17 08:20:04'),(1001,'Scotty','Pippen Jr.','scotty pippen jr.',21,'Los Angeles Lakers','6\' 3\"','Guard','G','185 lbs',22,'#14',6,5.3,24.1,11.1,9,0.556,9,0.333,3,0.333,0.375,0.439,2.3,0.7,6.8,0.3,8.3,0.33,0.17,0.33,5.9,92.6,107.5,'https://a.espncdn.com/combiner/i?img=/i/headshots/nba/players/full/4431785.png','2023-02-16 09:00:06'),(1002,'Austin','Reaves','austin reaves',21,'Los Angeles Lakers','6\' 5\"','Shooting Guard','G','197 lbs',24,'#15',41,27.9,14.2,14,119,0.874,143,0.601,137,0.372,0.58,0.645,10.5,3,5.7,2.2,10.1,0.51,0.37,1.32,5.9,121.3,113.2,'https://a.espncdn.com/combiner/i?img=/i/headshots/nba/players/full/4066457.png','2023-02-16 09:00:06'),(1003,NULL,NULL,'null null',NULL,'',NULL,NULL,NULL,'',0,NULL,0,0,0,0,0,0,0,0,0,0,0,0,0,0,0,0,0,0,0,0,0,0,0,NULL,'2022-11-26 21:27:47'),(1004,NULL,NULL,'null null',NULL,'',NULL,NULL,NULL,'',0,NULL,0,0,0,0,0,0,0,0,0,0,0,0,0,0,0,0,0,0,0,0,0,0,0,NULL,'2022-11-26 21:27:47'),(1005,NULL,NULL,'null null',NULL,'',NULL,NULL,NULL,'',0,NULL,0,0,0,0,0,0,0,0,0,0,0,0,0,0,0,0,0,0,0,0,0,0,0,NULL,'2022-11-26 21:27:47'),(1006,NULL,NULL,'null null',NULL,'',NULL,NULL,NULL,'',0,NULL,0,0,0,0,0,0,0,0,0,0,0,0,0,0,0,0,0,0,0,0,0,0,0,NULL,'2022-11-26 21:27:47'),(1007,'RJ','Nembhard Jr.','rj nembhard jr.',NULL,'','6\' 4\"','Shooting Guard',NULL,'200 lbs',23,'#5',0,0,0,0,0,0,0,0,0,0,0,0,0,0,0,0,0,0,0,0,0,0,0,'https://a.espncdn.com/combiner/i?img=/i/headshots/nba/players/full/4277916.png','2022-11-26 21:27:47'),(1008,'Josh','Hall','josh hall',NULL,'','6\' 9\"','Small Forward',NULL,'190 lbs',20,'#15',0,0,0,0,0,0,0,0,0,0,0,0,0,0,0,0,0,0,0,0,0,0,0,'https://a.espncdn.com/combiner/i?img=/i/headshots/nba/players/full/4433157.png','2022-11-26 21:27:47'),(1009,'Malik','Newman','malik newman',NULL,'','6\' 3\"','Guard',NULL,'190 lbs',24,'#14',0,0,0,0,0,0,0,0,0,0,0,0,0,0,0,0,0,0,0,0,0,0,0,'https://a.espncdn.com/combiner/i?img=/i/headshots/nba/players/full/3907359.png','2022-11-26 21:27:47'),(1010,'Royce','O\'Neale','royce o\'neale',3,'Brooklyn Nets','6\' 5\"','Power Forward','F','226 lbs',29,'#00',55,33.4,13.3,16,44,0.727,136,0.382,306,0.402,0.535,0.547,9.2,4.7,8.1,3.9,15,0.84,0.71,1.6,6.6,108.7,109.4,'https://a.espncdn.com/combiner/i?img=/i/headshots/nba/players/full/2583632.png','2023-02-16 09:00:06'),(1011,'Evan','Mobley','evan mobley',6,'Cleveland Cavaliers','6\' 11\"','Power Forward','C','215 lbs',21,'#4',59,34.2,20.2,13.2,218,0.693,620,0.592,72,0.194,0.561,0.588,15.7,8.9,15.4,2.7,11.9,0.78,1.36,2.03,8.5,115.8,102.8,'https://a.espncdn.com/combiner/i?img=/i/headshots/nba/players/full/4432158.png','2023-02-16 09:00:06'),(1012,'Killian','Hayes','killian hayes',7,'Detroit Pistons','6\' 5\"','Point Guard','G','216 lbs',21,'#7',55,26.7,20,15.8,53,0.792,349,0.413,213,0.305,0.43,0.448,9.5,2.7,5.7,5.8,32,1.31,0.33,2,7.9,98.5,110.4,'https://a.espncdn.com/combiner/i?img=/i/headshots/nba/players/full/4683024.png','2023-02-16 09:00:05'),(1013,NULL,NULL,'null null',NULL,'',NULL,NULL,NULL,'',0,NULL,0,0,0,0,0,0,0,0,0,0,0,0,0,0,0,0,0,0,0,0,0,0,0,NULL,'2022-11-26 21:27:47'),(1014,'Marcus','Garrett','marcus garrett',NULL,'','6\' 5\"','Shooting Guard',NULL,'205 lbs',23,'#0',0,0,0,0,0,0,0,0,0,0,0,0,0,0,0,0,0,0,0,0,0,0,0,'https://a.espncdn.com/combiner/i?img=/i/headshots/nba/players/full/4277892.png','2022-11-26 21:27:47'),(1015,'Jaden','Ivey','jaden ivey',7,'Detroit Pistons','6\' 4\"','Point Guard','G','200 lbs',20,'#23',55,30.1,24.4,16.4,265,0.725,449,0.465,229,0.332,0.476,0.527,15.2,3.9,7.3,4.6,23.6,0.93,0.24,2.84,8.6,103.7,111.9,'https://a.espncdn.com/combiner/i?img=/i/headshots/nba/players/full/4433218.png','2023-02-16 09:00:05'),(1016,'Petr','Cornelie','petr cornelie',NULL,'','6\' 11\"','Forward',NULL,'220 lbs',26,'#21',0,0,0,0,0,0,0,0,0,0,0,0,0,0,0,0,0,0,0,0,0,0,0,'https://a.espncdn.com/combiner/i?img=/i/headshots/nba/players/full/3899009.png','2022-11-26 21:27:47'),(1017,'Javonte','Smart','javonte smart',NULL,'','6\' 3\"','Guard',NULL,'205 lbs',23,'#15',0,0,0,0,0,0,0,0,0,0,0,0,0,0,0,0,0,0,0,0,0,0,0,'https://a.espncdn.com/combiner/i?img=/i/headshots/nba/players/full/4396972.png','2022-11-26 21:27:47'),(1018,'Kelan','Martin','kelan martin',NULL,'','6\' 5\"','Shooting Guard',NULL,'230 lbs',27,'#4',0,0,0,0,0,0,0,0,0,0,0,0,0,0,0,0,0,0,0,0,0,0,0,'https://a.espncdn.com/combiner/i?img=/i/headshots/nba/players/full/3133596.png','2022-11-26 21:27:47'),(1019,'Karim','Mane','karim mane',NULL,'','6\' 3\"','Shooting Guard',NULL,'190 lbs',20,'#4',0,0,0,0,0,0,0,0,0,0,0,0,0,0,0,0,0,0,0,0,0,0,0,'https://a.espncdn.com/combiner/i?img=/i/headshots/nba/players/full/4432528.png','2022-11-26 21:27:47'),(1020,'Cory','Joseph','cory joseph',7,'Detroit Pistons','6\' 3\"','Point Guard','G','200 lbs',31,'#18',40,15.8,14.6,13.7,37,0.757,93,0.452,79,0.316,0.462,0.497,4.7,1.3,4.6,3.3,29.1,0.43,0.13,0.75,6.9,113.1,114.4,'https://a.espncdn.com/combiner/i?img=/i/headshots/nba/players/full/6446.png','2023-02-16 09:00:05'),(1021,'Isaiah','Livers','isaiah livers',7,'Detroit Pistons','6\' 7\"','Power Forward','F','230 lbs',24,'#12',37,21.1,11,10.9,28,0.786,39,0.538,129,0.357,0.536,0.56,5.5,2.4,6.3,0.6,4,0.51,0.54,0.59,3.8,109.6,113.8,'https://a.espncdn.com/combiner/i?img=/i/headshots/nba/players/full/4277957.png','2023-02-16 09:00:05'),(1022,'Orlando','Robinson','orlando robinson',NULL,'','6\' 11\"','Center','C','244 lbs',22,'#25',29,13.7,12.6,13.2,29,0.724,81,0.568,5,0,0.535,0.572,3.9,4.1,17.1,0.7,7.6,0.41,0.41,0.52,6.5,122.5,98.6,'https://a.espncdn.com/combiner/i?img=/i/headshots/nba/players/full/4593049.png','2023-02-16 09:00:06'),(1023,'Brandon','Goodwin','brandon goodwin',NULL,'','6\' 0\"','Guard',NULL,'180 lbs',26,'#00',0,0,0,0,0,0,0,0,0,0,0,0,0,0,0,0,0,0,0,0,0,0,0,'https://a.espncdn.com/combiner/i?img=/i/headshots/nba/players/full/3057198.png','2022-11-26 21:27:47'),(1024,'LiAngelo','Ball','liangelo ball',NULL,'','6\' 5\"','Guard',NULL,'230 lbs',23,'#18',0,0,0,0,0,0,0,0,0,0,0,0,0,0,0,0,0,0,0,0,0,0,0,NULL,'2022-11-26 21:27:47'),(1025,'Luca','Vildoza','luca vildoza',NULL,'','6\' 3\"','Guard',NULL,'190 lbs',27,'#6',0,0,0,0,0,0,0,0,0,0,0,0,0,0,0,0,0,0,0,0,0,0,0,NULL,'2022-11-26 21:27:47'),(1026,'Lindell','Wigginton','lindell wigginton',NULL,'','6\' 1\"','Guard',NULL,'189 lbs',24,'#28',0,0,0,0,0,0,0,0,0,0,0,0,0,0,0,0,0,0,0,0,0,0,0,'https://a.espncdn.com/combiner/i?img=/i/headshots/nba/players/full/4277887.png','2022-11-26 21:27:47'),(1027,'Maxi','Kleber','maxi kleber',16,'Dallas Mavericks','6\' 10\"','Power Forward','F','240 lbs',30,'#42',22,25.7,9.9,10.6,14,0.786,39,0.692,65,0.369,0.606,0.622,6.2,3.5,8.2,1,5.2,0.32,1,0.59,4.3,122.7,111.2,'https://a.espncdn.com/combiner/i?img=/i/headshots/nba/players/full/2960236.png','2023-02-16 09:00:05'),(1028,'Carlik','Jones','carlik jones',NULL,'','6\' 0\"','Guard','G','174 lbs',24,'#22',2,11.4,14.9,12.9,4,0.25,4,0.25,1,0,0.2,0.222,1.5,1.5,7.4,1,10.6,0,0,0.5,4.6,63,115.1,'https://a.espncdn.com/combiner/i?img=/i/headshots/nba/players/full/4067735.png','2023-02-17 08:20:05'),(1029,'Nicolas','Claxton','nicolas claxton',NULL,'','6\' 11\"','Power Forward',NULL,'215 lbs',22,'#33',0,0,0,0,0,0,0,0,0,0,0,0,0,0,0,0,0,0,0,0,0,0,0,'https://a.espncdn.com/combiner/i?img=/i/headshots/nba/players/full/4278067.png','2022-11-26 21:27:47'),(1030,'Jeff','Green','jeff green',17,'Denver Nuggets','6\' 8\"','Power Forward','F','235 lbs',36,'#32',37,19.2,17.8,11.7,76,0.697,162,0.599,62,0.242,0.533,0.567,7.9,2.5,7.6,1.2,8.2,0.41,0.24,0.92,6,110.6,108.5,'https://a.espncdn.com/combiner/i?img=/i/headshots/nba/players/full/3209.png','2023-02-16 09:00:05'),(1031,'Bones','Hyland','bones hyland',17,'Denver Nuggets','6\' 2\"','Point Guard','G','169 lbs',22,'#3',2,15.9,22.1,18.7,7,0.714,6,0.333,4,0.5,0.5,0.573,7.5,3.5,12.2,1.5,13.3,1,0,1.5,8.6,111.2,94.3,'https://a.espncdn.com/combiner/i?img=/i/headshots/nba/players/full/4592492.png','2023-02-17 19:10:06'),(1032,'Cade','Cunningham','cade cunningham',7,'Detroit Pistons','6\' 6\"','Point Guard','G','220 lbs',21,'#2',12,33.4,29.9,13.8,43,0.837,163,0.466,61,0.279,0.453,0.492,19.9,6.2,10.3,6,30.5,0.83,0.58,3.25,10.8,100,112.7,'https://a.espncdn.com/combiner/i?img=/i/headshots/nba/players/full/4432166.png','2023-02-16 09:00:04'),(1033,'George','King','george king',NULL,'','6\' 6\"','Forward',NULL,'220 lbs',28,'#8',0,0,0,0,0,0,0,0,0,0,0,0,0,0,0,0,0,0,0,0,0,0,0,'https://a.espncdn.com/combiner/i?img=/i/headshots/nba/players/full/3064320.png','2022-11-26 21:27:47'),(1034,'Trevor','Hudgins','trevor hudgins',19,'Houston Rockets','6\' 0\"','Guard','G','180 lbs',23,'#12',4,6.7,17.5,8.8,3,1,1,0,8,0.25,0.333,0.436,2.3,0,0,0.8,15,0,0,0.25,0,102.6,123.6,'https://a.espncdn.com/combiner/i?img=/i/headshots/nba/players/full/5075393.png','2023-02-16 09:00:05'),(1035,'Boban','Marjanovic','boban marjanovic',19,'Houston Rockets','7\' 4\"','Center','C','290 lbs',34,'#51',19,4.4,22.2,11.2,17,0.824,31,0.677,1,0,0.656,0.709,2.9,1.5,19.1,0.2,8.5,0.05,0.05,0.26,8.7,135.2,116.1,'https://a.espncdn.com/combiner/i?img=/i/headshots/nba/players/full/4376.png','2023-02-16 09:00:05'),(1036,'Jabari','Smith Jr.','jabari smith jr.',19,'Houston Rockets','6\' 11\"','Power Forward','F','220 lbs',19,'#1',55,29.9,18.5,11,136,0.794,306,0.471,290,0.303,0.463,0.503,12,7,12.8,1.2,5.8,0.51,0.96,1.47,6.2,103,110.2,'https://a.espncdn.com/combiner/i?img=/i/headshots/nba/players/full/4432639.png','2023-02-16 09:00:06'),(1037,'Goga','Bitadze','goga bitadze',8,'Indiana Pacers','6\' 11\"','Center','C-F','250 lbs',23,'#88',21,9.6,15.5,16.1,24,0.458,38,0.605,14,0.286,0.558,0.551,3.3,2.3,13.4,0.9,12.4,0.43,0.48,0.57,7.9,115,102.1,'https://a.espncdn.com/combiner/i?img=/i/headshots/nba/players/full/4348700.png','2023-02-16 09:00:04'),(1038,NULL,NULL,'null null',NULL,'',NULL,NULL,NULL,'',0,NULL,0,0,0,0,0,0,0,0,0,0,0,0,0,0,0,0,0,0,0,0,0,0,0,NULL,'2022-11-26 21:27:47'),(1039,NULL,NULL,'null null',NULL,'',NULL,NULL,NULL,'',0,NULL,0,0,0,0,0,0,0,0,0,0,0,0,0,0,0,0,0,0,0,0,0,0,0,NULL,'2022-11-26 21:27:47'),(1040,'Tyrese','Haliburton','tyrese haliburton',8,'Indiana Pacers','6\' 5\"','Point Guard','G','185 lbs',22,'#0',48,33.4,23.7,13.9,147,0.864,372,0.556,346,0.399,0.577,0.61,19.9,3.8,6.2,10.1,47.1,1.75,0.4,2.63,10.9,125.5,117.3,'https://a.espncdn.com/combiner/i?img=/i/headshots/nba/players/full/4396993.png','2023-02-16 09:00:05'),(1041,'Matt','Ryan','matt ryan',21,'Los Angeles Lakers','6\' 7\"','Forward','F','215 lbs',25,'#37',20,8.7,16,6.1,7,0.857,10,0.6,48,0.396,0.595,0.614,3.8,0.6,3.6,0.6,8.5,0.15,0.05,0.2,5.1,121.5,113.8,'https://a.espncdn.com/combiner/i?img=/i/headshots/nba/players/full/3908336.png','2023-02-17 19:10:05'),(1042,'Melvin','Frazier Jr.','melvin frazier jr.',NULL,'','6\' 5\"','Guard',NULL,'215 lbs',26,'#6',0,0,0,0,0,0,0,0,0,0,0,0,0,0,0,0,0,0,0,0,0,0,0,'https://a.espncdn.com/combiner/i?img=/i/headshots/nba/players/full/3913546.png','2022-11-26 21:27:47'),(1043,NULL,NULL,'null null',NULL,'',NULL,NULL,NULL,'',0,NULL,0,0,0,0,0,0,0,0,0,0,0,0,0,0,0,0,0,0,0,0,0,0,0,NULL,'2022-11-26 21:27:47'),(1044,'Didi','Louzada','didi louzada',NULL,'','6\' 5\"','Small Forward',NULL,'188 lbs',23,'#0',0,0,0,0,0,0,0,0,0,0,0,0,0,0,0,0,0,0,0,0,0,0,0,'https://a.espncdn.com/combiner/i?img=/i/headshots/nba/players/full/4423885.png','2022-11-26 21:27:47'),(1045,'Luke','Kornet','luke kornet',2,'Boston Celtics','7\' 2\"','Center','F-C','250 lbs',27,'#40',51,11.9,11.3,12.2,34,0.853,113,0.726,9,0.333,0.709,0.737,4,2.9,13.4,0.7,8.3,0.2,0.78,0.37,6.8,149.5,103.2,'https://a.espncdn.com/combiner/i?img=/i/headshots/nba/players/full/3064560.png','2023-02-16 09:00:05'),(1046,NULL,NULL,'null null',NULL,'',NULL,NULL,NULL,'',0,NULL,0,0,0,0,0,0,0,0,0,0,0,0,0,0,0,0,0,0,0,0,0,0,0,NULL,'2022-11-26 21:27:47'),(1047,'Kenyon','Martin Jr.','kenyon martin jr.',19,'Houston Rockets','6\' 7\"','Forward','F','215 lbs',21,'#6',58,26.3,16.4,11.2,141,0.638,319,0.674,156,0.327,0.614,0.627,11.6,5.6,11.5,1.5,8.9,0.45,0.4,1.17,7,122.3,115,'https://a.espncdn.com/combiner/i?img=/i/headshots/nba/players/full/4431828.png','2023-02-16 09:00:06'),(1048,'Isaiah','Thomas','isaiah thomas',NULL,'','5\' 9\"','Guard',NULL,'185 lbs',33,'#4',0,0,0,0,0,0,0,0,0,0,0,0,0,0,0,0,0,0,0,0,0,0,0,'https://a.espncdn.com/combiner/i?img=/i/headshots/nba/players/full/6472.png','2022-11-26 21:27:47'),(1049,'D.J.','Stewart Jr.','d.j. stewart jr.',NULL,'','6\' 6\"','Forward',NULL,'205 lbs',23,'#16',0,0,0,0,0,0,0,0,0,0,0,0,0,0,0,0,0,0,0,0,0,0,0,NULL,'2022-11-26 21:27:47'),(1050,'Marquese','Chriss','marquese chriss',NULL,'','6\' 9\"','Small Forward',NULL,'240 lbs',25,'#14',0,0,0,0,0,0,0,0,0,0,0,0,0,0,0,0,0,0,0,0,0,0,0,'https://a.espncdn.com/combiner/i?img=/i/headshots/nba/players/full/3907487.png','2022-11-26 21:27:47'),(1051,'Daishen','Nix','daishen nix',19,'Houston Rockets','6\' 4\"','Shooting Guard','G','226 lbs',20,'#15',41,15.5,14.1,26.8,31,0.71,51,0.412,94,0.309,0.445,0.476,3.7,1.7,6.1,2.5,21.9,0.63,0.15,1.41,6.5,93.9,115.7,'https://a.espncdn.com/combiner/i?img=/i/headshots/nba/players/full/4432176.png','2023-02-16 09:00:06'),(1052,'Bennedict','Mathurin','bennedict mathurin',8,'Indiana Pacers','6\' 6\"','Shooting Guard','G-F','210 lbs',20,'#00',60,28.2,25.5,10.7,357,0.829,503,0.485,260,0.319,0.483,0.561,17.2,4.1,8,1.4,7.6,0.6,0.1,1.83,6.6,109.2,114.5,'https://a.espncdn.com/combiner/i?img=/i/headshots/nba/players/full/4683634.png','2023-02-16 09:00:06'),(1053,'Andrew','Nembhard','andrew nembhard',8,'Indiana Pacers','6\' 3\"','Point Guard','G-F','191 lbs',22,'#2',53,27.1,14.8,18,30,0.867,218,0.495,183,0.339,0.501,0.517,8.1,2.8,5.6,4.2,20.9,1,0.19,1.72,6.7,104,111.5,'https://a.espncdn.com/combiner/i?img=/i/headshots/nba/players/full/4395712.png','2023-02-16 09:00:06'),(1054,'Nicolas','Batum','nicolas batum',20,'LA Clippers','6\' 8\"','Power Forward','G-F','230 lbs',33,'#33',57,21.7,11.8,11.4,41,0.659,52,0.538,225,0.378,0.561,0.573,5.9,4.2,10.8,1.5,9.1,0.6,0.7,0.67,6.2,117.5,106.1,'https://a.espncdn.com/combiner/i?img=/i/headshots/nba/players/full/3416.png','2023-02-17 08:20:04'),(1055,'Moses','Brown','moses brown',20,'LA Clippers','7\' 2\"','Center','C','245 lbs',23,'#6',35,8.2,21.5,9.9,72,0.458,96,0.635,0,0,0.635,0.607,4.4,4,26.7,0.1,2.2,0.09,0.4,0.4,5.9,125.6,99.4,'https://a.espncdn.com/combiner/i?img=/i/headshots/nba/players/full/4397126.png','2023-02-17 08:20:04'),(1056,'Reggie','Jackson','reggie jackson',20,'LA Clippers','6\' 2\"','Point Guard','G','208 lbs',32,'#1',52,25.7,20.9,15.1,66,0.924,292,0.469,220,0.35,0.493,0.523,10.9,2.2,4.8,3.5,20.3,0.73,0.1,1.85,6.8,103.2,111.3,'https://a.espncdn.com/combiner/i?img=/i/headshots/nba/players/full/6443.png','2023-02-17 08:20:05'),(1057,'Kawhi','Leonard','kawhi leonard',20,'LA Clippers','6\' 7\"','Small Forward','F','225 lbs',31,'#2',34,32.4,26.9,7.5,169,0.87,401,0.541,150,0.38,0.549,0.601,22.1,6.2,10.6,4,21.2,1.38,0.53,1.5,10.1,123.5,110.9,'https://a.espncdn.com/combiner/i?img=/i/headshots/nba/players/full/6450.png','2023-02-17 08:20:05'),(1058,'Marcus','Morris Sr.','marcus morris sr.',20,'LA Clippers','6\' 8\"','Small Forward','F','218 lbs',33,'#8',53,28.7,18.6,7,82,0.78,292,0.476,273,0.381,0.522,0.544,12.3,4.2,8.2,1.8,9.5,0.62,0.4,0.85,6.3,110.5,109.2,'https://a.espncdn.com/combiner/i?img=/i/headshots/nba/players/full/6462.png','2023-02-17 08:20:05'),(1059,'Jason','Preston','jason preston',20,'LA Clippers','6\' 3\"','Point Guard','G','181 lbs',23,'#17',13,9.4,18.6,19.3,2,0,23,0.565,18,0.278,0.5,0.489,3.2,1.7,10,2.1,32.2,0.15,0,0.77,9.6,102.3,110.8,'https://a.espncdn.com/combiner/i?img=/i/headshots/nba/players/full/4397916.png','2023-02-17 08:20:05'),(1060,'Dennis','Schroder','dennis schroder',21,'Los Angeles Lakers','6\' 1\"','Point Guard','G','172 lbs',29,'#17',45,30.7,17.5,12.4,163,0.865,273,0.465,156,0.346,0.485,0.556,12.4,2.6,4.6,4.2,18,0.71,0.11,1.58,6.7,112.6,111.7,'https://a.espncdn.com/combiner/i?img=/i/headshots/nba/players/full/3032979.png','2023-02-16 09:00:06'),(1061,'CJ','Elleby','cj elleby',NULL,'','6\' 6\"','Shooting Guard',NULL,'200 lbs',22,'#16',0,0,0,0,0,0,0,0,0,0,0,0,0,0,0,0,0,0,0,0,0,0,0,'https://a.espncdn.com/combiner/i?img=/i/headshots/nba/players/full/4397166.png','2022-11-26 21:27:47'),(1062,'Jaden','Shackelford','jaden shackelford',NULL,'','6\' 3\"','Guard',NULL,'200 lbs',21,'#14',0,0,0,0,0,0,0,0,0,0,0,0,0,0,0,0,0,0,0,0,0,0,0,NULL,'2022-11-26 21:27:47'),(1063,'Patrick','McCaw','patrick mccaw',NULL,'','6\' 7\"','Small Forward',NULL,'181 lbs',25,'#22',0,0,0,0,0,0,0,0,0,0,0,0,0,0,0,0,0,0,0,0,0,0,0,'https://a.espncdn.com/combiner/i?img=/i/headshots/nba/players/full/3137730.png','2022-11-26 21:27:47'),(1064,'Sean','McDermott','sean mcdermott',NULL,'','6\' 6\"','Forward',NULL,'195 lbs',25,'#30',0,0,0,0,0,0,0,0,0,0,0,0,0,0,0,0,0,0,0,0,0,0,0,'https://a.espncdn.com/combiner/i?img=/i/headshots/nba/players/full/3908903.png','2022-11-26 21:27:47'),(1065,'Ben','Simmons','ben simmons',3,'Brooklyn Nets','6\' 11\"','Point Guard','G-F','240 lbs',26,'#10',42,26.3,14.4,27.2,57,0.439,233,0.571,2,0,0.566,0.559,6.9,6.3,13.6,6.1,30.6,1.29,0.55,2.31,9.8,111.6,101.5,'https://a.espncdn.com/combiner/i?img=/i/headshots/nba/players/full/3907387.png','2023-02-16 09:00:06'),(1066,'Goran','Dragic','goran dragic',5,'Chicago Bulls','6\' 3\"','Point Guard','G','190 lbs',36,'#7',50,15.6,20.8,14.8,41,0.659,170,0.482,128,0.352,0.502,0.516,6.5,1.4,5,2.8,25.1,0.2,0.08,1.1,7.5,103.7,110.6,'https://a.espncdn.com/combiner/i?img=/i/headshots/nba/players/full/3423.png','2023-02-17 08:20:04'),(1067,NULL,NULL,'null null',NULL,'',NULL,NULL,NULL,'',0,NULL,0,0,0,0,0,0,0,0,0,0,0,0,0,0,0,0,0,0,0,0,0,0,0,NULL,'2022-11-26 21:27:47'),(1068,'Patrick','Beverley','patrick beverley',21,'Los Angeles Lakers','6\' 1\"','Point Guard','G','180 lbs',34,'#21',45,26.9,10.6,13.8,50,0.78,83,0.506,158,0.348,0.517,0.548,6.4,3.1,6.2,2.6,12,0.89,0.56,0.93,5.5,112,107.7,'https://a.espncdn.com/combiner/i?img=/i/headshots/nba/players/full/3964.png','2023-02-16 09:00:04'),(1069,'Troy','Brown Jr.','troy brown jr.',21,'Los Angeles Lakers','6\' 6\"','Small Forward','G-F','215 lbs',23,'#7',53,24.1,12.2,10,27,0.963,137,0.54,185,0.362,0.542,0.562,7.1,4.3,9.4,1.1,5.7,0.74,0.15,0.7,5.4,112.2,110.7,'https://a.espncdn.com/combiner/i?img=/i/headshots/nba/players/full/4278508.png','2023-02-16 09:00:04'),(1070,'Jontay','Porter','jontay porter',NULL,'','6\' 11\"','Power Forward',NULL,'240 lbs',21,'#4',0,0,0,0,0,0,0,0,0,0,0,0,0,0,0,0,0,0,0,0,0,0,0,'https://a.espncdn.com/combiner/i?img=/i/headshots/nba/players/full/4278103.png','2022-11-26 21:27:47'),(1071,'Louis','King','louis king',NULL,'','6\' 7\"','Power Forward',NULL,'205 lbs',22,'#23',0,0,0,0,0,0,0,0,0,0,0,0,0,0,0,0,0,0,0,0,0,0,0,'https://a.espncdn.com/combiner/i?img=/i/headshots/nba/players/full/4397103.png','2022-11-26 21:27:47'),(1072,'Ahmad','Caver','ahmad caver',NULL,'',NULL,NULL,NULL,'',0,NULL,0,0,0,0,0,0,0,0,0,0,0,0,0,0,0,0,0,0,0,0,0,0,0,NULL,'2022-11-26 21:27:47'),(1073,'Max','Christie','max christie',21,'Los Angeles Lakers','6\' 6\"','Guard','G','190 lbs',19,'#10',35,14.2,10.3,9.8,16,0.875,41,0.415,62,0.419,0.544,0.573,3.6,2.1,7.9,0.5,4.7,0.23,0.2,0.34,4.4,111.5,111.6,'https://a.espncdn.com/combiner/i?img=/i/headshots/nba/players/full/4432582.png','2023-02-16 09:00:04'),(1074,'Santi','Aldama','santi aldama',22,'Memphis Grizzlies','6\' 11\"','Power Forward','F-C','215 lbs',21,'#7',54,22.1,16,8.6,103,0.738,180,0.594,201,0.373,0.576,0.604,9.5,4.7,11.2,1.2,7.4,0.69,0.7,0.74,6.8,122.7,104.6,'https://a.espncdn.com/combiner/i?img=/i/headshots/nba/players/full/4593125.png','2023-02-16 09:00:04'),(1075,'Desmond','Bane','desmond bane',22,'Memphis Grizzlies','6\' 5\"','Shooting Guard','G','215 lbs',24,'#22',35,31.2,26.3,11,133,0.902,317,0.495,248,0.427,0.559,0.603,21.5,4.9,8.2,4.2,20.3,1,0.37,2.2,9.8,119,106.1,'https://a.espncdn.com/combiner/i?img=/i/headshots/nba/players/full/4066320.png','2023-02-16 09:00:04'),(1076,'Kennedy','Chandler','kennedy chandler',22,'Memphis Grizzlies','6\' 0\"','Guard','G','171 lbs',20,'#1',24,9.2,16.1,18.4,11,0.455,52,0.462,14,0.143,0.409,0.416,2.5,1.3,7.1,1.9,26.5,0.42,0.21,0.67,8,96,108.3,'https://a.espncdn.com/combiner/i?img=/i/headshots/nba/players/full/4432646.png','2023-02-16 09:00:04'),(1077,'Frank','Jackson','frank jackson',NULL,'','6\' 3\"','Point Guard',NULL,'205 lbs',24,'#5',0,0,0,0,0,0,0,0,0,0,0,0,0,0,0,0,0,0,0,0,0,0,0,'https://a.espncdn.com/combiner/i?img=/i/headshots/nba/players/full/4065651.png','2022-11-26 21:27:47'),(1078,'Jake','LaRavia','jake laravia',22,'Memphis Grizzlies','6\' 8\"','Forward','F','235 lbs',21,'#3',30,12.7,11.6,16.7,9,0.778,24,0.542,62,0.339,0.517,0.534,3.2,2,8.1,0.7,6.8,0.4,0.13,0.6,5.2,104.5,102.1,'https://a.espncdn.com/combiner/i?img=/i/headshots/nba/players/full/4592691.png','2023-02-16 09:00:05'),(1079,'Kenneth','Lofton Jr.','kenneth lofton jr.',22,'Memphis Grizzlies','6\' 7\"','Forward','F','275 lbs',20,'#6',8,3.9,29.4,9,5,0.6,15,0.467,3,0,0.389,0.421,2.1,0.6,8.5,0.5,19.2,0,0,0.25,8.8,0,0,'https://a.espncdn.com/combiner/i?img=/i/headshots/nba/players/full/4585610.png','2023-02-16 09:00:05'),(1080,'Joel','Ayayi','joel ayayi',NULL,'','6\' 4\"','Guard',NULL,'180 lbs',22,'#17',0,0,0,0,0,0,0,0,0,0,0,0,0,0,0,0,0,0,0,0,0,0,0,'https://a.espncdn.com/combiner/i?img=/i/headshots/nba/players/full/4280150.png','2022-11-26 21:27:47'),(1081,'Georgios','Kalaitzakis','georgios kalaitzakis',NULL,'','6\' 7\"','Small Forward',NULL,'192 lbs',23,'#18',0,0,0,0,0,0,0,0,0,0,0,0,0,0,0,0,0,0,0,0,0,0,0,'https://a.espncdn.com/combiner/i?img=/i/headshots/nba/players/full/4683022.png','2022-11-26 21:27:47'),(1082,NULL,NULL,'null null',NULL,'',NULL,NULL,NULL,'',0,NULL,0,0,0,0,0,0,0,0,0,0,0,0,0,0,0,0,0,0,0,0,0,0,0,NULL,'2022-11-26 21:27:47'),(1083,'Aaron','Holiday','aaron holiday',1,'Atlanta Hawks','6\' 0\"','Guard','G','185 lbs',26,'#3',50,14.5,13.3,12.7,28,0.857,112,0.42,75,0.413,0.5,0.529,4.2,1.3,4.9,1.3,11.1,0.54,0.2,0.58,5.3,108.7,110.5,'https://a.espncdn.com/combiner/i?img=/i/headshots/nba/players/full/3922230.png','2023-02-16 09:00:05'),(1084,'Justin','Jackson','justin jackson',2,'Boston Celtics','6\' 8\"','Small Forward','F','220 lbs',27,'#44',23,4.7,12.2,6.7,2,0.5,7,0.286,20,0.25,0.352,0.359,0.9,0.7,8.7,0.4,10.6,0.17,0.17,0.09,5.4,89.5,107.2,'https://a.espncdn.com/combiner/i?img=/i/headshots/nba/players/full/3138156.png','2023-02-15 08:00:05'),(1085,'Makur','Maker','makur maker',NULL,'','6\' 10\"','Center',NULL,'235 lbs',21,'#4',0,0,0,0,0,0,0,0,0,0,0,0,0,0,0,0,0,0,0,0,0,0,0,NULL,'2022-11-26 21:27:47'),(1086,'James','Nunnally','james nunnally',NULL,'','6\' 7\"','Small Forward',NULL,'205 lbs',31,'#21',0,0,0,0,0,0,0,0,0,0,0,0,0,0,0,0,0,0,0,0,0,0,0,'https://a.espncdn.com/combiner/i?img=/i/headshots/nba/players/full/2326411.png','2022-11-26 21:27:47'),(1087,'Tony','Bradley','tony bradley',5,'Chicago Bulls','6\' 10\"','Center','C-F','248 lbs',24,'#13',12,2.8,19.3,6.8,4,1,7,0.429,5,0.6,0.625,0.69,1.6,0.9,18.4,0.1,4.3,0.08,0.08,0.08,7.5,0,0,'https://a.espncdn.com/combiner/i?img=/i/headshots/nba/players/full/4065673.png','2023-02-17 08:20:04'),(1088,'Chris','Chiozza','chris chiozza',NULL,'','5\' 11\"','Guard',NULL,'175 lbs',26,'#2',0,0,0,0,0,0,0,0,0,0,0,0,0,0,0,0,0,0,0,0,0,0,0,'https://a.espncdn.com/combiner/i?img=/i/headshots/nba/players/full/3137795.png','2022-11-26 21:27:47'),(1089,'DeAndre','Jordan','deandre jordan',17,'Denver Nuggets','6\' 11\"','Center','C','265 lbs',34,'#6',34,14.6,13.6,26.9,41,0.439,95,0.768,1,1,0.776,0.732,4.9,4.9,19.5,0.9,8.1,0.24,0.65,1.24,7.6,115.9,101.1,'https://a.espncdn.com/combiner/i?img=/i/headshots/nba/players/full/3442.png','2023-02-16 09:00:05'),(1090,'Andre','Iguodala','andre iguodala',18,'Golden State Warriors','6\' 6\"','Forward','G-F','215 lbs',38,'#9',3,14.1,8.9,55.6,0,0,2,1,2,0.5,0.875,0.875,2.3,2.3,9.1,1.7,14.4,0.33,0.33,1.67,5.9,92.6,106.7,'https://a.espncdn.com/combiner/i?img=/i/headshots/nba/players/full/2386.png','2023-02-15 08:00:05'),(1091,'Jonathan','Kuminga','jonathan kuminga',18,'Golden State Warriors','6\' 8\"','Power Forward','F','210 lbs',20,'#00',46,19.3,19.3,16.4,87,0.644,207,0.57,96,0.333,0.548,0.568,8.4,3.1,8.8,1.8,12.6,0.48,0.43,1.46,7.5,106.2,107.2,'https://a.espncdn.com/combiner/i?img=/i/headshots/nba/players/full/4433247.png','2023-02-15 08:00:05'),(1092,'James','Johnson','james johnson',8,'Indiana Pacers','6\' 7\"','Power Forward','F','240 lbs',35,'#16',12,8.2,14.5,14.8,4,0.75,17,0.412,10,0.3,0.426,0.452,2.2,1.3,9,0.6,9.5,0.33,0.42,0.42,5.8,90.7,93,'https://a.espncdn.com/combiner/i?img=/i/headshots/nba/players/full/3999.png','2023-02-16 09:00:05'),(1093,'Damian','Jones','damian jones',21,'Los Angeles Lakers','6\' 11\"','Center','C','245 lbs',27,'#30',22,8,13.1,16.4,20,0.75,34,0.588,3,0,0.541,0.6,2.5,2.5,16.7,0.2,2.9,0.14,0.55,0.41,5.4,118.3,106,'https://a.espncdn.com/combiner/i?img=/i/headshots/nba/players/full/3064559.png','2023-02-16 09:00:05'),(1094,'Gabriel','Lundberg','gabriel lundberg',NULL,'','6\' 4\"','Forward',NULL,'203 lbs',27,'#19',0,0,0,0,0,0,0,0,0,0,0,0,0,0,0,0,0,0,0,0,0,0,0,'https://a.espncdn.com/combiner/i?img=/i/headshots/nba/players/full/4981257.png','2022-11-26 21:27:47'),(1095,'Derrick','White','derrick white',2,'Boston Celtics','6\' 4\"','Point Guard','G','190 lbs',28,'#9',59,27.7,17.3,9.7,130,0.862,253,0.522,275,0.385,0.551,0.593,11.8,3.3,6.6,3.9,19.6,0.75,0.92,1.07,7.7,123.5,107.4,'https://a.espncdn.com/combiner/i?img=/i/headshots/nba/players/full/3078576.png','2023-02-16 09:00:07'),(1096,'Maurice','Harkless','maurice harkless',NULL,'',NULL,NULL,NULL,'',0,NULL,0,0,0,0,0,0,0,0,0,0,0,0,0,0,0,0,0,0,0,0,0,0,0,NULL,'2022-11-26 21:27:47'),(1097,'T.J.','Warren','t.j. warren',3,'Brooklyn Nets','6\' 8\"','Small Forward','F','220 lbs',29,'#1',2,7.6,14,0,0,0,4,0.5,1,1,0.7,0.7,3.5,2.5,18.3,0,0,0.5,0,0,0,142.6,104,'https://a.espncdn.com/combiner/i?img=/i/headshots/nba/players/full/2982334.png','2023-02-17 19:10:06'),(1098,'Joshua','Primo','joshua primo',NULL,'','6\' 6\"','Shooting Guard','G','200 lbs',19,'#11',4,23.4,18.2,26.9,9,0.778,14,0.429,12,0.25,0.404,0.467,7,3.3,7.7,4.5,24.3,0.25,0.5,2.75,8,90.4,116.4,'https://a.espncdn.com/combiner/i?img=/i/headshots/nba/players/full/4702176.png','2023-02-16 09:00:06'),(1099,'Greg','Monroe','greg monroe',NULL,'','6\' 10\"','Center',NULL,'250 lbs',32,'#15',0,0,0,0,0,0,0,0,0,0,0,0,0,0,0,0,0,0,0,0,0,0,0,'https://a.espncdn.com/combiner/i?img=/i/headshots/nba/players/full/4260.png','2022-11-26 21:27:47'),(1100,'Reggie','Bullock','reggie bullock',16,'Dallas Mavericks','6\' 6\"','Small Forward','G-F','205 lbs',31,'#25',58,30.4,9.8,7.4,35,0.686,53,0.528,284,0.37,0.55,0.56,6.8,3.5,6.7,1.4,6.2,0.78,0.22,0.48,4.2,114.7,111.9,'https://a.espncdn.com/combiner/i?img=/i/headshots/nba/players/full/2528779.png','2023-02-16 09:00:04'),(1101,'Frank','Ntilikina','frank ntilikina',16,'Dallas Mavericks','6\' 4\"','Point Guard','G','200 lbs',24,'#21',36,12,13.6,18.6,18,0.667,45,0.511,52,0.212,0.407,0.434,2.5,1.3,6.3,1.1,12.7,0.22,0.11,0.67,5.1,88,108,'https://a.espncdn.com/combiner/i?img=/i/headshots/nba/players/full/4230547.png','2023-02-16 09:00:06'),(1102,NULL,NULL,'null null',NULL,'',NULL,NULL,NULL,'',0,NULL,0,0,0,0,0,0,0,0,0,0,0,0,0,0,0,0,0,0,0,0,0,0,0,NULL,'2022-11-26 21:27:47'),(1103,'Theo','Pinson','theo pinson',16,'Dallas Mavericks','6\' 5\"','Guard','G-F','212 lbs',27,'#1',31,7.4,14.3,12.4,11,0.818,17,0.294,42,0.357,0.466,0.501,2.1,1.2,9.7,0.9,16.8,0.1,0.03,0.29,7.1,111.8,108.6,'https://a.espncdn.com/combiner/i?img=/i/headshots/nba/players/full/3138154.png','2023-02-16 09:00:06'),(1104,'Wes','Iwundu','wes iwundu',NULL,'','6\' 6\"','Forward',NULL,'195 lbs',27,'#4',0,0,0,0,0,0,0,0,0,0,0,0,0,0,0,0,0,0,0,0,0,0,0,'https://a.espncdn.com/combiner/i?img=/i/headshots/nba/players/full/3074797.png','2022-11-26 21:27:47'),(1105,'Alperen','Sengun','alperen sengun',19,'Houston Rockets','6\' 11\"','Center','C','243 lbs',20,'#28',53,28.3,21.7,16.9,215,0.753,521,0.58,38,0.316,0.572,0.614,15.1,8.8,16.9,3.7,21,0.85,0.96,2.51,11.2,119.3,106.9,'https://a.espncdn.com/combiner/i?img=/i/headshots/nba/players/full/4871144.png','2023-02-16 09:00:06'),(1106,'Johnny','Juzang','johnny juzang',30,'Utah Jazz','6\' 6\"','Guard',NULL,'209 lbs',21,'#33',0,0,0,0,0,0,0,0,0,0,0,0,0,0,0,0,0,0,0,0,0,0,0,NULL,'2022-11-26 21:27:47'),(1107,'Darius','Miller','darius miller',NULL,'','6\' 6\"','Small Forward',NULL,'225 lbs',31,'#12',0,0,0,0,0,0,0,0,0,0,0,0,0,0,0,0,0,0,0,0,0,0,0,'https://a.espncdn.com/combiner/i?img=/i/headshots/nba/players/full/6610.png','2022-11-26 21:27:47'),(1108,'Chaundee','Brown','chaundee brown',NULL,'','6\' 5\"','Guard',NULL,'215 lbs',23,'#38',0,0,0,0,0,0,0,0,0,0,0,0,0,0,0,0,0,0,0,0,0,0,0,'https://a.espncdn.com/combiner/i?img=/i/headshots/nba/players/full/4278045.png','2022-11-26 21:27:47'),(1109,'Trevelin','Queen','trevelin queen',8,'Indiana Pacers','6\' 6\"','Shooting Guard','G','190 lbs',25,'#8',7,10,22.9,18.3,5,1,14,0.357,15,0.133,0.276,0.337,3,2.4,13.4,0.9,11.4,0.29,0.71,1,7.5,78.5,114.8,'https://a.espncdn.com/combiner/i?img=/i/headshots/nba/players/full/4409222.png','2023-02-16 09:00:06'),(1110,'Xavier','Tillman Sr.','xavier tillman sr.',NULL,'','6\' 8\"','Center',NULL,'245 lbs',22,'#2',0,0,0,0,0,0,0,0,0,0,0,0,0,0,0,0,0,0,0,0,0,0,0,'https://a.espncdn.com/combiner/i?img=/i/headshots/nba/players/full/4277964.png','2022-11-26 21:27:47'),(1111,'Keifer','Sykes','keifer sykes',NULL,'','5\' 11\"','Guard',NULL,'167 lbs',28,'#28',0,0,0,0,0,0,0,0,0,0,0,0,0,0,0,0,0,0,0,0,0,0,0,'https://a.espncdn.com/combiner/i?img=/i/headshots/nba/players/full/2596247.png','2022-11-26 21:27:47'),(1112,NULL,NULL,'null null',NULL,'',NULL,NULL,NULL,'',0,NULL,0,0,0,0,0,0,0,0,0,0,0,0,0,0,0,0,0,0,0,0,0,0,0,NULL,'2022-11-26 21:27:47'),(1113,'John','Butler','john butler',NULL,'','7\' 1\"','Forward',NULL,'190 lbs',19,'#12',0,0,0,0,0,0,0,0,0,0,0,0,0,0,0,0,0,0,0,0,0,0,0,NULL,'2022-11-26 21:27:47'),(1114,'Nikola','Jovic','nikola jovic',9,'Miami Heat','6\' 11\"','Forward','F','223 lbs',19,'#5',15,13.6,18.9,11.4,19,0.947,34,0.588,35,0.229,0.464,0.53,5.5,2.1,8.8,0.7,7.3,0.47,0.13,0.67,5.9,105.9,104.7,'https://a.espncdn.com/combiner/i?img=/i/headshots/nba/players/full/4997528.png','2023-02-16 09:00:05'),(1115,'Myles','Powell','myles powell',NULL,'','6\' 2\"','Guard',NULL,'195 lbs',25,'#5',0,0,0,0,0,0,0,0,0,0,0,0,0,0,0,0,0,0,0,0,0,0,0,'https://a.espncdn.com/combiner/i?img=/i/headshots/nba/players/full/4065816.png','2022-11-26 21:27:47'),(1116,'Eugene','Omoruyi','eugene omoruyi',25,'Oklahoma City Thunder','6\' 6\"','Forward','F','235 lbs',25,'#97',23,11.8,18.8,13.1,28,0.607,63,0.571,31,0.258,0.511,0.531,4.9,2.3,10.3,0.5,5.5,0.61,0,0.7,6,105.5,99.4,'https://a.espncdn.com/combiner/i?img=/i/headshots/nba/players/full/4066410.png','2023-02-16 09:00:06'),(1117,'Ibou','Badji','ibou badji',27,'Portland Trail Blazers','7\' 1\"','Center',NULL,'240 lbs',20,'#41',0,0,0,0,0,0,0,0,0,0,0,0,0,0,0,0,0,0,0,0,0,0,0,NULL,'2022-11-26 21:27:47'),(1118,'Jared','Rhoden','jared rhoden',NULL,'','6\' 6\"','Forward','G','210 lbs',23,'#32',1,12,10.6,0,0,0,2,0.5,1,0,0.333,0.333,2,1,4.6,0,0,0,0,0,0,72.1,98.5,NULL,'2023-02-16 09:00:06'),(1119,'Zavier','Simpson','zavier simpson',NULL,'','6\' 0\"','Guard',NULL,'190 lbs',25,'#8',0,0,0,0,0,0,0,0,0,0,0,0,0,0,0,0,0,0,0,0,0,0,0,'https://a.espncdn.com/combiner/i?img=/i/headshots/nba/players/full/4066377.png','2022-11-26 21:27:47'),(1120,'LaMarcus','Aldridge','lamarcus aldridge',NULL,'','6\' 11\"','Center',NULL,'250 lbs',37,'#21',0,0,0,0,0,0,0,0,0,0,0,0,0,0,0,0,0,0,0,0,0,0,0,'https://a.espncdn.com/combiner/i?img=/i/headshots/nba/players/full/2983.png','2022-11-26 21:27:47'),(1121,'Malik','Fitts','malik fitts',NULL,'','6\' 5\"','Forward',NULL,'230 lbs',25,'#8',0,0,0,0,0,0,0,0,0,0,0,0,0,0,0,0,0,0,0,0,0,0,0,'https://a.espncdn.com/combiner/i?img=/i/headshots/nba/players/full/4066467.png','2022-11-26 21:27:47'),(1122,'Rajon','Rondo','rajon rondo',NULL,'','6\' 1\"','Point Guard',NULL,'180 lbs',36,'#1',0,0,0,0,0,0,0,0,0,0,0,0,0,0,0,0,0,0,0,0,0,0,0,'https://a.espncdn.com/combiner/i?img=/i/headshots/nba/players/full/3026.png','2022-11-26 21:27:47'),(1123,'James','Ennis III','james ennis iii',NULL,'','6\' 6\"','Forward',NULL,'215 lbs',31,'#11',0,0,0,0,0,0,0,0,0,0,0,0,0,0,0,0,0,0,0,0,0,0,0,'https://a.espncdn.com/combiner/i?img=/i/headshots/nba/players/full/2579321.png','2022-11-26 21:27:47'),(1124,'Nic','Claxton','nic claxton',3,'Brooklyn Nets','6\' 11\"','Power Forward','F-C','215 lbs',23,'#33',54,29.5,15.8,12.2,178,0.506,415,0.725,2,0,0.722,0.699,12.8,9,17.4,1.6,8.1,0.74,2.57,1.28,7.7,134,105.5,'https://a.espncdn.com/combiner/i?img=/i/headshots/nba/players/full/4278067.png','2023-02-16 09:00:04'),(1125,'Vince','Williams Jr.','vince williams jr.',22,'Memphis Grizzlies','6\' 6\"','Forward','G','205 lbs',22,'#5',9,5.4,11.8,7.1,0,0,4,0.5,9,0.111,0.269,0.269,0.8,0.8,7.6,0.3,7.4,0.44,0.11,0.11,4.3,75.7,99.5,'https://a.espncdn.com/combiner/i?img=/i/headshots/nba/players/full/4397227.png','2023-02-16 09:00:07'),(1126,'Tyler','Herro','tyler herro',9,'Miami Heat','6\' 5\"','Point Guard','G','195 lbs',22,'#14',45,35.4,26,11.9,128,0.922,405,0.499,366,0.369,0.525,0.56,20.6,5.7,9.3,4.4,20.9,0.87,0.31,2.49,9.1,108.4,109.4,'https://a.espncdn.com/combiner/i?img=/i/headshots/nba/players/full/4395725.png','2023-02-16 09:00:05'),(1127,'Haywood','Highsmith','haywood highsmith',9,'Miami Heat','6\' 7\"','Forward','F','220 lbs',25,'#24',43,19.7,12.1,15,24,0.458,89,0.506,98,0.357,0.521,0.521,4.8,3.7,10.9,0.7,5,0.77,0.35,0.81,4.7,101.8,104.8,'https://a.espncdn.com/combiner/i?img=/i/headshots/nba/players/full/4291678.png','2023-02-16 09:00:05'),(1128,'Lindy','Waters III','lindy waters iii',25,'Oklahoma City Thunder','6\' 6\"','Forward','F','215 lbs',25,'#12',23,11.2,15,6.5,7,0.714,6,0.667,77,0.364,0.554,0.563,4.2,1.5,7.1,0.7,8.1,0.3,0.26,0.26,5.9,117.3,110.4,'https://a.espncdn.com/combiner/i?img=/i/headshots/nba/players/full/4066317.png','2023-02-16 09:00:06'),(1129,'Jaylin','Williams','jaylin williams',25,'Oklahoma City Thunder','6\' 9\"','Forward','F','240 lbs',20,'#6',25,15.7,14,12.1,21,0.667,67,0.478,40,0.45,0.551,0.568,5.3,4.6,15.7,1.4,11.5,0.4,0.16,0.64,8.3,117.3,102.1,'https://a.espncdn.com/combiner/i?img=/i/headshots/nba/players/full/4432823.png','2023-02-16 09:00:07'),(1130,'Paolo','Banchero','paolo banchero',12,'Orlando Magic','6\' 10\"','Power Forward','F','250 lbs',20,'#5',52,33.7,27.7,12.6,393,0.753,590,0.469,217,0.281,0.457,0.527,19.9,6.6,11.2,3.6,16.7,0.94,0.48,2.71,9.2,105.1,109.7,'https://a.espncdn.com/combiner/i?img=/i/headshots/nba/players/full/4432573.png','2023-02-15 08:00:04'),(1131,NULL,NULL,'null null',NULL,'',NULL,NULL,NULL,'',0,NULL,0,0,0,0,0,0,0,0,0,0,0,0,0,0,0,0,0,0,0,0,0,0,0,NULL,'2022-11-26 21:27:47'),(1132,'Caleb','Houstan','caleb houstan',12,'Orlando Magic','6\' 8\"','Forward','G','205 lbs',19,'#2',34,16.1,11,8.6,13,0.846,37,0.459,85,0.388,0.545,0.564,4.2,2.2,7.9,0.5,4.4,0.21,0.09,0.35,4.1,116.8,110.1,'https://a.espncdn.com/combiner/i?img=/i/headshots/nba/players/full/4433623.png','2023-02-15 08:00:05'),(1133,'Eric','Paschall','eric paschall',NULL,'','6\' 6\"','Forward',NULL,'255 lbs',25,'#9',0,0,0,0,0,0,0,0,0,0,0,0,0,0,0,0,0,0,0,0,0,0,0,'https://a.espncdn.com/combiner/i?img=/i/headshots/nba/players/full/3133817.png','2022-11-26 21:27:47'),(1134,'Mikal','Bridges','mikal bridges',26,'Phoenix Suns','6\' 6\"','Small Forward','F','209 lbs',26,'#25',3,33,28.7,11,15,0.867,36,0.528,14,0.571,0.62,0.663,25,6.3,10.9,3,15,1.33,1,2.33,9.4,124.8,113.3,'https://a.espncdn.com/combiner/i?img=/i/headshots/nba/players/full/3147657.png','2023-02-17 19:10:04'),(1135,'Torrey','Craig','torrey craig',26,'Phoenix Suns','6\' 7\"','Small Forward','F','221 lbs',31,'#0',57,25.9,13.1,13,37,0.73,190,0.511,187,0.401,0.556,0.567,7.8,5.7,12.3,1.6,8.1,0.68,0.63,1.04,6.4,115.9,107.1,'https://a.espncdn.com/combiner/i?img=/i/headshots/nba/players/full/2528693.png','2023-02-17 08:20:04'),(1136,'P.J.','Dozier','p.j. dozier',NULL,'','6\' 6\"','Shooting Guard',NULL,'205 lbs',25,'#35',0,0,0,0,0,0,0,0,0,0,0,0,0,0,0,0,0,0,0,0,0,0,0,'https://a.espncdn.com/combiner/i?img=/i/headshots/nba/players/full/3923250.png','2022-11-26 21:27:47'),(1137,'Jae','Crowder','jae crowder',26,'Phoenix Suns','6\' 6\"','Power Forward',NULL,'235 lbs',32,'#99',0,0,0,0,0,0,0,0,0,0,0,0,0,0,0,0,0,0,0,0,0,0,0,'https://a.espncdn.com/combiner/i?img=/i/headshots/nba/players/full/6581.png','2022-11-26 21:27:47'),(1138,'Jock','Landale','jock landale',26,'Phoenix Suns','6\' 11\"','Center','C','255 lbs',27,'#11',51,14.1,19.5,14.3,82,0.78,172,0.64,74,0.23,0.551,0.594,6.6,4,15.7,0.9,9.3,0.25,0.45,0.92,8.2,117.5,102.8,'https://a.espncdn.com/combiner/i?img=/i/headshots/nba/players/full/3146557.png','2023-02-17 08:20:05'),(1139,'Duane','Washington Jr.','duane washington jr.',26,'Phoenix Suns','6\' 3\"','Point Guard','G','197 lbs',22,'#4',31,12.7,32.6,11.3,24,0.667,145,0.372,111,0.36,0.445,0.458,7.9,1.2,5.1,2,25.7,0.19,0.13,1.1,8.4,93.3,113.3,'https://a.espncdn.com/combiner/i?img=/i/headshots/nba/players/full/4397235.png','2023-02-17 08:20:06'),(1140,'DeMarcus','Cousins','demarcus cousins',NULL,'','6\' 10\"','Center',NULL,'270 lbs',32,'#4',0,0,0,0,0,0,0,0,0,0,0,0,0,0,0,0,0,0,0,0,0,0,0,'https://a.espncdn.com/combiner/i?img=/i/headshots/nba/players/full/4258.png','2022-11-26 21:27:47'),(1141,'Wayne','Selden','wayne selden',NULL,'','6\' 4\"','Forward',NULL,'232 lbs',27,'#11',0,0,0,0,0,0,0,0,0,0,0,0,0,0,0,0,0,0,0,0,0,0,0,'https://a.espncdn.com/combiner/i?img=/i/headshots/nba/players/full/4895499.png','2022-11-26 21:27:47'),(1142,'Lance','Stephenson','lance stephenson',NULL,'','6\' 5\"','Guard',NULL,'210 lbs',32,'#6',0,0,0,0,0,0,0,0,0,0,0,0,0,0,0,0,0,0,0,0,0,0,0,'https://a.espncdn.com/combiner/i?img=/i/headshots/nba/players/full/4244.png','2022-11-26 21:27:47'),(1143,'Braxton','Key','braxton key',7,'Detroit Pistons','6\' 8\"','Guard','F','230 lbs',25,'#8',3,3,8.8,0,2,1,1,1,0,0,1,1.064,1.3,0.3,6.1,0,0,0,0,0,0,0,0,'https://a.espncdn.com/combiner/i?img=/i/headshots/nba/players/full/4066240.png','2023-02-16 09:00:05'),(1144,'Terry','Taylor','terry taylor',8,'Indiana Pacers','6\' 4\"','Small Forward','G','230 lbs',23,'#21',26,8.8,14.2,11.7,7,0.714,47,0.553,18,0.222,0.492,0.507,2.7,1.5,9.4,0.4,6.1,0.12,0.19,0.35,5.3,108.3,112.2,'https://a.espncdn.com/combiner/i?img=/i/headshots/nba/players/full/4279815.png','2023-02-16 09:00:06'),(1145,'Brandon','Boston Jr.','brandon boston jr.',20,'LA Clippers','6\' 6\"','Shooting Guard','G','188 lbs',20,'#4',21,11.7,26.6,8,38,0.763,92,0.424,29,0.414,0.471,0.519,6.8,1.4,6.5,0.9,12.3,0.43,0,0.57,7,106,108.5,'https://a.espncdn.com/combiner/i?img=/i/headshots/nba/players/full/4432162.png','2023-02-17 08:20:04'),(1146,'Xavier','Moon','xavier moon',NULL,'','6\' 2\"','Point Guard',NULL,'165 lbs',27,'#15',0,0,0,0,0,0,0,0,0,0,0,0,0,0,0,0,0,0,0,0,0,0,0,'https://a.espncdn.com/combiner/i?img=/i/headshots/nba/players/full/3914075.png','2022-11-26 21:27:47'),(1147,'Amir','Coffey','amir coffey',20,'LA Clippers','6\' 7\"','Shooting Guard','G-F','210 lbs',25,'#7',39,14.6,13.6,9.6,55,0.818,99,0.434,37,0.27,0.426,0.502,4.1,1.3,5,1.3,11.6,0.18,0.08,0.44,5.2,110.8,110.8,'https://a.espncdn.com/combiner/i?img=/i/headshots/nba/players/full/4066387.png','2023-02-17 08:20:04'),(1148,'Paul','George','paul george',20,'LA Clippers','6\' 8\"','Shooting Guard','F','220 lbs',32,'#13',44,34.2,29.3,14.4,207,0.874,433,0.522,340,0.382,0.545,0.592,23.3,6.1,9.9,5.3,25.6,1.45,0.34,3.3,10.6,112.4,106.8,'https://a.espncdn.com/combiner/i?img=/i/headshots/nba/players/full/4251.png','2023-02-17 08:20:04'),(1149,'Jevon','Carter','jevon carter',10,'Milwaukee Bucks','6\' 1\"','Point Guard','G','200 lbs',27,'#5',58,22.5,14.5,14,27,0.815,157,0.452,218,0.417,0.553,0.565,7.5,2.6,5.9,2.6,15.4,0.98,0.45,1.09,6.6,112.9,104.6,'https://a.espncdn.com/combiner/i?img=/i/headshots/nba/players/full/3133635.png','2023-02-17 08:20:04'),(1150,'Taurean','Prince','taurean prince',23,'Minnesota Timberwolves','6\' 6\"','Power Forward','F','218 lbs',28,'#12',37,21.3,16.1,15.2,36,0.833,110,0.609,126,0.397,0.602,0.623,8.5,2.4,6.4,1.6,10.3,0.51,0.38,1.22,6,111.7,107.8,'https://a.espncdn.com/combiner/i?img=/i/headshots/nba/players/full/2990962.png','2023-02-17 08:20:05'),(1151,'Aron','Baynes','aron baynes',NULL,'','6\' 10\"','Center',NULL,'260 lbs',34,'#46',0,0,0,0,0,0,0,0,0,0,0,0,0,0,0,0,0,0,0,0,0,0,0,'https://a.espncdn.com/combiner/i?img=/i/headshots/nba/players/full/2968439.png','2022-11-26 21:27:47'),(1152,'Ty-Shon','Alexander','ty-shon alexander',NULL,'','6\' 3\"','Shooting Guard',NULL,'195 lbs',23,'#0',0,0,0,0,0,0,0,0,0,0,0,0,0,0,0,0,0,0,0,0,0,0,0,'https://a.espncdn.com/combiner/i?img=/i/headshots/nba/players/full/4278555.png','2022-11-26 21:27:47'),(1153,'Kris','Dunn','kris dunn',NULL,'','6\' 3\"','Point Guard',NULL,'205 lbs',28,'#18',0,0,0,0,0,0,0,0,0,0,0,0,0,0,0,0,0,0,0,0,0,0,0,'https://a.espncdn.com/combiner/i?img=/i/headshots/nba/players/full/2991139.png','2022-11-26 21:27:47'),(1154,'Sindarius','Thornwell','sindarius thornwell',NULL,'','6\' 4\"','Shooting Guard',NULL,'215 lbs',27,'#15',0,0,0,0,0,0,0,0,0,0,0,0,0,0,0,0,0,0,0,0,0,0,0,'https://a.espncdn.com/combiner/i?img=/i/headshots/nba/players/full/3064539.png','2022-11-26 21:27:47'),(1155,'Reggie','Perry','reggie perry',NULL,'','6\' 8\"','Forward',NULL,'250 lbs',22,'#10',0,0,0,0,0,0,0,0,0,0,0,0,0,0,0,0,0,0,0,0,0,0,0,'https://a.espncdn.com/combiner/i?img=/i/headshots/nba/players/full/4396959.png','2022-11-26 21:27:47'),(1156,'Elijah','Hughes','elijah hughes',NULL,'','6\' 5\"','Forward',NULL,'215 lbs',24,'#19',0,0,0,0,0,0,0,0,0,0,0,0,0,0,0,0,0,0,0,0,0,0,0,'https://a.espncdn.com/combiner/i?img=/i/headshots/nba/players/full/4066446.png','2022-11-26 21:27:47'),(1157,'Michael','Foster Jr.','michael foster jr.',NULL,'','6\' 8\"','Forward','F','250 lbs',19,'#35',1,1,0,0,0,0,0,0,0,0,0,0,0,0,0,0,0,0,0,0,0,0,0,'https://a.espncdn.com/combiner/i?img=/i/headshots/nba/players/full/4820852.png','2022-11-26 21:27:51'),(1158,'Jaysean','Paige','jaysean paige',NULL,'','6\' 2\"','Guard',NULL,'200 lbs',27,'#42',0,0,0,0,0,0,0,0,0,0,0,0,0,0,0,0,0,0,0,0,0,0,0,'https://a.espncdn.com/combiner/i?img=/i/headshots/nba/players/full/3133637.png','2022-11-26 21:27:47'),(1159,'Cassius','Stanley','cassius stanley',NULL,'','6\' 5\"','Guard',NULL,'190 lbs',22,'#2',0,0,0,0,0,0,0,0,0,0,0,0,0,0,0,0,0,0,0,0,0,0,0,'https://a.espncdn.com/combiner/i?img=/i/headshots/nba/players/full/4431686.png','2022-11-26 21:27:47'),(1160,'Tony','Snell','tony snell',NULL,'','6\' 6\"','Small Forward',NULL,'213 lbs',30,'#21',0,0,0,0,0,0,0,0,0,0,0,0,0,0,0,0,0,0,0,0,0,0,0,'https://a.espncdn.com/combiner/i?img=/i/headshots/nba/players/full/2528353.png','2022-11-26 21:27:47'),(1161,'Elijah','Bryant','elijah bryant',NULL,'','6\' 5\"','Shooting Guard',NULL,'210 lbs',26,'#6',0,0,0,0,0,0,0,0,0,0,0,0,0,0,0,0,0,0,0,0,0,0,0,'https://a.espncdn.com/combiner/i?img=/i/headshots/nba/players/full/3129951.png','2022-11-26 21:27:47'),(1162,'Devontae','Cacok','devontae cacok',NULL,'','6\' 7\"','Power Forward',NULL,'240 lbs',25,'#18',0,0,0,0,0,0,0,0,0,0,0,0,0,0,0,0,0,0,0,0,0,0,0,'https://a.espncdn.com/combiner/i?img=/i/headshots/nba/players/full/3946974.png','2022-11-26 21:27:47'),(1163,'Dennis','Smith Jr.','dennis smith jr.',4,'Charlotte Hornets','6\' 2\"','Point Guard','G','205 lbs',25,'#8',38,25,17.1,15.1,61,0.738,232,0.496,72,0.208,0.452,0.484,8.4,2.8,5.8,4.4,24.2,1.37,0.45,1.55,7.5,102.2,110.5,'https://a.espncdn.com/combiner/i?img=/i/headshots/nba/players/full/4065697.png','2023-02-16 09:00:06'),(1164,'Aaron','Henry','aaron henry',NULL,'','6\' 5\"','Small Forward',NULL,'210 lbs',22,'#50',0,0,0,0,0,0,0,0,0,0,0,0,0,0,0,0,0,0,0,0,0,0,0,'https://a.espncdn.com/combiner/i?img=/i/headshots/nba/players/full/4397209.png','2022-11-26 21:27:47'),(1165,'Shaq','Buchanan','shaq buchanan',NULL,'','6\' 3\"','Forward',NULL,'190 lbs',25,'#6',0,0,0,0,0,0,0,0,0,0,0,0,0,0,0,0,0,0,0,0,0,0,0,'https://a.espncdn.com/combiner/i?img=/i/headshots/nba/players/full/4279887.png','2022-11-26 21:27:47'),(1166,'Usman','Garuba','usman garuba',19,'Houston Rockets','6\' 8\"','Power Forward','F','229 lbs',20,'#16',51,13.6,10.2,19.9,36,0.528,89,0.551,32,0.469,0.591,0.592,3.2,4.5,18.1,0.9,9.5,0.71,0.45,0.67,6.9,119.9,104.7,'https://a.espncdn.com/combiner/i?img=/i/headshots/nba/players/full/4871143.png','2023-02-16 09:00:05'),(1167,'Solomon','Hill','solomon hill',NULL,'','6\' 6\"','Small Forward',NULL,'226 lbs',30,'#18',0,0,0,0,0,0,0,0,0,0,0,0,0,0,0,0,0,0,0,0,0,0,0,'https://a.espncdn.com/combiner/i?img=/i/headshots/nba/players/full/2488958.png','2022-11-26 21:27:47'),(1168,'Norman','Powell','norman powell',20,'LA Clippers','6\' 3\"','Small Forward','G','215 lbs',29,'#24',50,25.8,26,10.7,226,0.805,342,0.535,242,0.417,0.573,0.623,17,3.1,6.7,1.8,11.1,0.82,0.32,1.64,7.1,117.1,109.2,'https://a.espncdn.com/combiner/i?img=/i/headshots/nba/players/full/2595516.png','2023-02-17 08:20:05'),(1169,'John','Konchar','john konchar',22,'Memphis Grizzlies','6\' 5\"','Shooting Guard','G','210 lbs',26,'#46',49,22.4,10.8,10.1,23,0.87,109,0.514,140,0.371,0.538,0.556,5.9,4.7,11,1.4,8,1,0.27,0.59,6,117.4,105.6,'https://a.espncdn.com/combiner/i?img=/i/headshots/nba/players/full/3134932.png','2023-02-16 09:00:05'),(1170,'Dyson','Daniels','dyson daniels',24,'New Orleans Pelicans','6\' 6\"','Guard','G','199 lbs',19,'#11',39,19.9,11.5,20.4,29,0.621,95,0.516,60,0.333,0.51,0.525,4.5,3.5,10,2.5,15.8,0.87,0.26,1.1,6.8,106.4,105.2,'https://a.espncdn.com/combiner/i?img=/i/headshots/nba/players/full/4869342.png','2023-02-16 09:00:04'),(1171,'Devonte\'','Graham','devonte\' graham',24,'New Orleans Pelicans','6\' 1\"','Point Guard','G','195 lbs',27,'#4',4,27.8,24.3,6.1,12,0.833,17,0.471,39,0.308,0.464,0.506,15.5,2.5,5,4.8,24.1,1.25,0.5,1,8.2,114.5,121.5,'https://a.espncdn.com/combiner/i?img=/i/headshots/nba/players/full/3133601.png','2023-02-17 19:10:04'),(1172,'CJ','McCollum','cj mccollum',24,'New Orleans Pelicans','6\' 3\"','Shooting Guard','G','190 lbs',31,'#3',52,35,26.9,11.9,162,0.796,560,0.47,384,0.385,0.514,0.541,21.1,4.3,7,5.9,26.1,0.98,0.6,2.63,9.3,109.2,111.6,'https://a.espncdn.com/combiner/i?img=/i/headshots/nba/players/full/2490149.png','2023-02-16 09:00:06'),(1173,'Larry','Nance Jr.','larry nance jr.',24,'New Orleans Pelicans','6\' 7\"','Power Forward','F-C','245 lbs',29,'#22',48,22.7,12.7,11,69,0.681,223,0.664,37,0.351,0.644,0.658,8,6,14.9,1.9,11.7,0.92,0.71,0.75,7.9,134.2,104.3,'https://a.espncdn.com/combiner/i?img=/i/headshots/nba/players/full/2580365.png','2023-02-16 09:00:06'),(1174,'Dereon','Seabron','dereon seabron',24,'New Orleans Pelicans','6\' 7\"','Guard','G','180 lbs',22,'#0',5,2.3,18.3,0,0,0,5,0.4,0,0,0.4,0.4,0.8,0.2,4.9,0,0,0,0,0,0,0,0,'https://a.espncdn.com/combiner/i?img=/i/headshots/nba/players/full/4431811.png','2023-02-16 09:00:06'),(1175,'Julian','Champagnie','julian champagnie',13,'Philadelphia 76ers','6\' 7\"','Forward','F','217 lbs',21,'#55',2,3.4,13.3,0,0,0,1,0,1,0,0,0,0,0,0,0,0,0.5,0,0,0,0,0,'https://a.espncdn.com/combiner/i?img=/i/headshots/nba/players/full/4592479.png','2023-02-11 08:30:04'),(1176,'John','Butler Jr.','john butler jr.',27,'Portland Trail Blazers','7\' 1\"','Forward','F','190 lbs',19,'#21',8,3.2,6.8,0,0,0,1,1,3,0,0.25,0.25,0.3,0.3,4.5,0.1,4.8,0,0.25,0,2.6,0,0,'https://a.espncdn.com/combiner/i?img=/i/headshots/nba/players/full/4432588.png','2023-02-14 08:00:04'),(1177,'Jerami','Grant','jerami grant',27,'Portland Trail Blazers','6\' 8\"','Small Forward','F','210 lbs',28,'#9',54,35.7,23,9.6,288,0.806,488,0.533,303,0.406,0.562,0.611,20.8,4.3,7.1,2.3,10,0.8,0.81,1.8,6.6,119,114.3,'https://a.espncdn.com/combiner/i?img=/i/headshots/nba/players/full/2991070.png','2023-02-15 08:00:05'),(1178,'Gabriel','Deck','gabriel deck',NULL,'','6\' 6\"','Small Forward',NULL,'231 lbs',26,'#6',0,0,0,0,0,0,0,0,0,0,0,0,0,0,0,0,0,0,0,0,0,0,0,'https://a.espncdn.com/combiner/i?img=/i/headshots/nba/players/full/3929321.png','2022-11-26 21:27:47'),(1179,'Nik','Stauskas','nik stauskas',NULL,'',NULL,NULL,NULL,'',0,NULL,0,0,0,0,0,0,0,0,0,0,0,0,0,0,0,0,0,0,0,0,0,0,0,NULL,'2022-11-26 21:27:47'),(1180,'Anthony','Tolliver','anthony tolliver',NULL,'','6\' 8\"','Power Forward',NULL,'240 lbs',36,'#43',0,0,0,0,0,0,0,0,0,0,0,0,0,0,0,0,0,0,0,0,0,0,0,'https://a.espncdn.com/combiner/i?img=/i/headshots/nba/players/full/3276.png','2022-11-26 21:27:47'),(1181,'Chris','Silva','chris silva',NULL,'','6\' 8\"','Forward','F','234 lbs',26,'#30',1,3,30.3,50,0,0,1,1,0,0,1,1,2,0,0,0,0,0,0,1,0,0,0,'https://a.espncdn.com/combiner/i?img=/i/headshots/nba/players/full/3923253.png','2023-02-07 08:10:06'),(1182,'Markieff','Morris','markieff morris',3,'Brooklyn Nets','6\' 9\"','Power Forward','F','245 lbs',33,'#13',27,10.6,15.7,13.9,10,1,33,0.394,49,0.408,0.524,0.556,3.6,2.2,11.8,0.9,11.5,0.3,0.19,0.52,7.3,111.3,105.2,'https://a.espncdn.com/combiner/i?img=/i/headshots/nba/players/full/6461.png','2023-02-16 09:00:06'),(1183,'Jalen','Green','jalen green',19,'Houston Rockets','6\' 4\"','Shooting Guard','G','186 lbs',20,'#4',54,33.9,28.3,12.3,321,0.788,548,0.467,412,0.333,0.481,0.534,21.8,4,6.4,3.6,17.4,0.76,0.24,2.85,8,106.8,118,'https://a.espncdn.com/combiner/i?img=/i/headshots/nba/players/full/4437244.png','2023-02-16 09:00:05'),(1184,'Kendrick','Nunn','kendrick nunn',21,'Los Angeles Lakers','6\' 2\"','Guard','G','190 lbs',27,'#12',11,18.4,20.3,14.8,10,0.9,41,0.561,35,0.4,0.579,0.603,8.8,2.2,6.6,2.7,21.6,0.73,0,1.27,8.1,116,111.7,'https://a.espncdn.com/combiner/i?img=/i/headshots/nba/players/full/3056247.png','2023-02-17 19:10:05'),(1185,'Kyle','Lowry','kyle lowry',9,'Miami Heat','6\' 0\"','Point Guard','G','196 lbs',36,'#7',44,33.3,17,15.4,117,0.855,157,0.503,270,0.333,0.501,0.552,12,4.3,7.5,5.3,22.9,1.11,0.39,1.98,7.8,112.8,106,'https://a.espncdn.com/combiner/i?img=/i/headshots/nba/players/full/3012.png','2023-02-16 09:00:05'),(1186,'Mike','Scott','mike scott',NULL,'','6\' 7\"','Power Forward',NULL,'237 lbs',33,'#1',0,0,0,0,0,0,0,0,0,0,0,0,0,0,0,0,0,0,0,0,0,0,0,'https://a.espncdn.com/combiner/i?img=/i/headshots/nba/players/full/6622.png','2022-11-26 21:27:47'),(1187,'Caleb','Martin','caleb martin',9,'Miami Heat','6\' 5\"','Small Forward','F','205 lbs',27,'#16',49,30.3,14.9,11.4,72,0.764,232,0.526,180,0.361,0.533,0.557,10.1,5.2,10,1.6,7.8,1.04,0.41,1.16,5.8,110.9,106.5,'https://a.espncdn.com/combiner/i?img=/i/headshots/nba/players/full/3138160.png','2023-02-16 09:00:06'),(1188,'Thanasis','Antetokounmpo','thanasis antetokounmpo',10,'Milwaukee Bucks','6\' 6\"','Small Forward','F','219 lbs',30,'#43',25,4.1,12.2,23.7,8,0.5,15,0.267,4,0,0.211,0.266,0.5,1,12.8,0.2,4.8,0.08,0.12,0.28,4.5,67.3,101.1,'https://a.espncdn.com/combiner/i?img=/i/headshots/nba/players/full/3102533.png','2023-02-17 08:20:04'),(1189,'Pat','Connaughton','pat connaughton',10,'Milwaukee Bucks','6\' 5\"','Shooting Guard','G','209 lbs',29,'#24',41,25.5,14.1,7.1,28,0.607,74,0.527,240,0.354,0.53,0.536,8.5,5.1,10.3,1.3,6.8,0.73,0.12,0.61,6,112.5,108.8,'https://a.espncdn.com/combiner/i?img=/i/headshots/nba/players/full/2578239.png','2023-02-17 08:20:04'),(1190,'Wesley','Matthews','wesley matthews',10,'Milwaukee Bucks','6\' 4\"','Shooting Guard','G','220 lbs',36,'#23',39,15.6,9.8,10.6,20,0.85,23,0.348,95,0.326,0.462,0.497,3.2,2.3,7.5,0.5,4.1,0.44,0.26,0.38,4,108.7,105.5,'https://a.espncdn.com/combiner/i?img=/i/headshots/nba/players/full/4032.png','2023-02-17 08:20:05'),(1191,'Patrick','Patterson','patrick patterson',NULL,'','6\' 8\"','Power Forward',NULL,'235 lbs',32,'#54',0,0,0,0,0,0,0,0,0,0,0,0,0,0,0,0,0,0,0,0,0,0,0,'https://a.espncdn.com/combiner/i?img=/i/headshots/nba/players/full/4264.png','2022-11-26 21:27:47'),(1192,'Trevor','Keels','trevor keels',11,'New York Knicks','6\' 4\"','Guard','G','221 lbs',19,'#3',1,1,42.9,0,0,0,0,0,1,0,0,0,0,1,53.9,0,0,0,0,0,0,0,0,'https://a.espncdn.com/combiner/i?img=/i/headshots/nba/players/full/4432645.png','2023-02-16 09:00:05'),(1193,'Immanuel','Quickley','immanuel quickley',11,'New York Knicks','6\' 3\"','Shooting Guard','G','190 lbs',23,'#5',59,27.7,19.1,8.7,148,0.824,312,0.516,287,0.352,0.522,0.562,12.7,4,7.8,3.2,16.6,0.85,0.14,1.07,7.9,119.8,109.5,'https://a.espncdn.com/combiner/i?img=/i/headshots/nba/players/full/4395724.png','2023-02-16 09:00:06'),(1194,'Jericho','Sims','jericho sims',11,'New York Knicks','6\' 9\"','Center','C','250 lbs',24,'#45',47,16.3,7.6,17.8,16,0.75,103,0.777,1,0,0.769,0.774,3.7,4.9,16.2,0.5,4.2,0.32,0.57,0.51,5.1,146.7,103.4,'https://a.espncdn.com/combiner/i?img=/i/headshots/nba/players/full/4277922.png','2023-02-16 09:00:06'),(1195,'Nassir','Little','nassir little',27,'Portland Trail Blazers','6\' 5\"','Small Forward','F-G','220 lbs',22,'#10',37,16.7,14.7,10,32,0.625,78,0.551,96,0.396,0.575,0.585,5.9,2.4,8.4,0.9,7.7,0.3,0.32,0.57,5.6,115.3,114.7,'https://a.espncdn.com/combiner/i?img=/i/headshots/nba/players/full/4395652.png','2023-02-15 08:00:05'),(1196,'Justin','James','justin james',NULL,'','6\' 7\"','Guard',NULL,'190 lbs',24,'#10',0,0,0,0,0,0,0,0,0,0,0,0,0,0,0,0,0,0,0,0,0,0,0,'https://a.espncdn.com/combiner/i?img=/i/headshots/nba/players/full/3914058.png','2022-11-26 21:27:47'),(1197,'Armoni','Brooks','armoni brooks',NULL,'','6\' 3\"','Guard',NULL,'195 lbs',24,'#1',0,0,0,0,0,0,0,0,0,0,0,0,0,0,0,0,0,0,0,0,0,0,0,'https://a.espncdn.com/combiner/i?img=/i/headshots/nba/players/full/4066450.png','2022-11-26 21:27:47'),(1198,'Darren','Collison','darren collison',NULL,'','6\' 0\"','Point Guard',NULL,'160 lbs',34,'#21',0,0,0,0,0,0,0,0,0,0,0,0,0,0,0,0,0,0,0,0,0,0,0,'https://a.espncdn.com/combiner/i?img=/i/headshots/nba/players/full/3973.png','2022-11-26 21:27:47'),(1199,'Jared','Dudley','jared dudley',NULL,'','6\' 6\"','Small Forward',NULL,'237 lbs',36,'#10',0,0,0,0,0,0,0,0,0,0,0,0,0,0,0,0,0,0,0,0,0,0,0,'https://a.espncdn.com/combiner/i?img=/i/headshots/nba/players/full/3201.png','2022-11-26 21:27:47'),(1200,'Jemerrio','Jones','jemerrio jones',NULL,'','6\' 5\"','Forward',NULL,'175 lbs',26,'#50',0,0,0,0,0,0,0,0,0,0,0,0,0,0,0,0,0,0,0,0,0,0,0,'https://a.espncdn.com/combiner/i?img=/i/headshots/nba/players/full/4067469.png','2022-11-26 21:27:47'),(1201,'Kostas','Antetokounmpo','kostas antetokounmpo',5,'Chicago Bulls','6\' 10\"','Forward',NULL,'200 lbs',25,'#37',0,0,0,0,0,0,0,0,0,0,0,0,0,0,0,0,0,0,0,0,0,0,0,'https://a.espncdn.com/combiner/i?img=/i/headshots/nba/players/full/4066490.png','2022-11-26 21:27:47'),(1202,'Alex','Caruso','alex caruso',5,'Chicago Bulls','6\' 5\"','Shooting Guard','G','186 lbs',28,'#6',49,24.3,10.9,21.5,58,0.793,103,0.505,105,0.381,0.538,0.578,5.5,3.1,7.2,3.2,16.7,1.67,0.65,1.31,6.2,112.6,103.7,'https://a.espncdn.com/combiner/i?img=/i/headshots/nba/players/full/2991350.png','2023-02-17 08:20:04'),(1203,'Jay','Scrubb','jay scrubb',NULL,'','6\' 5\"','Guard',NULL,'220 lbs',22,'#0',0,0,0,0,0,0,0,0,0,0,0,0,0,0,0,0,0,0,0,0,0,0,0,'https://a.espncdn.com/combiner/i?img=/i/headshots/nba/players/full/4683023.png','2022-11-26 21:27:47'),(1204,'Marc','Gasol','marc gasol',NULL,'','6\' 11\"','Center',NULL,'255 lbs',36,'#14',0,0,0,0,0,0,0,0,0,0,0,0,0,0,0,0,0,0,0,0,0,0,0,'https://a.espncdn.com/combiner/i?img=/i/headshots/nba/players/full/3206.png','2022-11-26 21:27:47'),(1205,'Ivica','Zubac','ivica zubac',20,'LA Clippers','7\' 0\"','Center','C','240 lbs',25,'#40',59,29.4,14.3,17.9,183,0.699,382,0.62,2,0,0.617,0.648,10.2,10.1,19.1,1.1,5.1,0.39,1.31,1.71,6.6,123.5,104.2,'https://a.espncdn.com/combiner/i?img=/i/headshots/nba/players/full/4017837.png','2023-02-17 08:20:06'),(1206,'Anthony','Davis','anthony davis',21,'Los Angeles Lakers','6\' 10\"','Power Forward','F-C','253 lbs',29,'#3',35,33.4,28.9,9.3,255,0.82,561,0.59,52,0.25,0.572,0.627,26,12.3,19.7,2.5,12.7,1.17,2,2.11,11.1,124.2,104.8,'https://a.espncdn.com/combiner/i?img=/i/headshots/nba/players/full/6583.png','2023-02-16 09:00:04'),(1207,'DJ','Steward','dj steward',NULL,'','6\' 1\"','Point Guard',NULL,'162 lbs',20,'#32',0,0,0,0,0,0,0,0,0,0,0,0,0,0,0,0,0,0,0,0,0,0,0,NULL,'2022-11-26 21:27:47'),(1208,'Matt','Coleman III','matt coleman iii',NULL,'','6\' 2\"','Point Guard',NULL,'180 lbs',23,'#34',0,0,0,0,0,0,0,0,0,0,0,0,0,0,0,0,0,0,0,0,0,0,0,NULL,'2022-11-26 21:27:47'),(1209,'Derrick','Alston Jr.','derrick alston jr.',NULL,'','6\' 9\"','Guard',NULL,'188 lbs',0,'#10',0,0,0,0,0,0,0,0,0,0,0,0,0,0,0,0,0,0,0,0,0,0,0,NULL,'2022-11-26 21:27:47'),(1210,'LeBron','James','lebron james',21,'Los Angeles Lakers','6\' 9\"','Small Forward','F','250 lbs',37,'#6',45,36.3,33.2,11.1,286,0.762,704,0.597,313,0.31,0.556,0.59,30,8.4,12.4,7,33.7,0.96,0.56,3.16,13.3,115.8,111.2,'https://a.espncdn.com/combiner/i?img=/i/headshots/nba/players/full/1966.png','2023-02-16 09:00:05'),(1211,'Jaden','McDaniels','jaden mcdaniels',23,'Minnesota Timberwolves','6\' 9\"','Power Forward','F','185 lbs',22,'#3',58,30.5,15.2,13.3,100,0.74,314,0.592,188,0.383,0.586,0.606,11.4,3.9,7.1,2,9,0.95,0.98,1.45,5.9,115.5,107.6,'https://a.espncdn.com/combiner/i?img=/i/headshots/nba/players/full/4431671.png','2023-02-17 08:20:05'),(1212,'T.J.','Leaf','t.j. leaf',NULL,'','6\' 10\"','Power Forward',NULL,'222 lbs',24,'#18',0,0,0,0,0,0,0,0,0,0,0,0,0,0,0,0,0,0,0,0,0,0,0,'https://a.espncdn.com/combiner/i?img=/i/headshots/nba/players/full/4066425.png','2022-11-26 21:27:47'),(1213,'Obi','Toppin','obi toppin',11,'New York Knicks','6\' 9\"','Power Forward','F','220 lbs',24,'#1',45,14.9,18.6,7.3,31,0.742,104,0.51,151,0.351,0.52,0.536,6.4,3.1,11.2,0.8,8.2,0.31,0.16,0.47,6.7,112.3,109.2,'https://a.espncdn.com/combiner/i?img=/i/headshots/nba/players/full/4278355.png','2023-02-16 09:00:06'),(1214,'Ousmane','Dieng','ousmane dieng',25,'Oklahoma City Thunder','6\' 9\"','Forward','F','185 lbs',19,'#13',19,15,13.4,13.2,5,0.4,32,0.594,45,0.289,0.5,0.499,4.2,2.6,9.3,1.4,11.6,0.26,0.32,0.63,6.6,103.4,110.2,'https://a.espncdn.com/combiner/i?img=/i/headshots/nba/players/full/4997526.png','2023-02-16 09:00:05'),(1215,'Jusuf','Nurkic','jusuf nurkic',27,'Portland Trail Blazers','6\' 11\"','Center','C','290 lbs',28,'#27',45,27.2,22.4,17.5,169,0.686,343,0.563,100,0.39,0.568,0.598,13.8,9.4,20.2,2.9,16.2,0.87,0.87,2.44,10.6,113.9,101.9,'https://a.espncdn.com/combiner/i?img=/i/headshots/nba/players/full/3102530.png','2023-02-15 08:00:06'),(1216,'Jaime','Echenique','jaime echenique',NULL,'','6\' 10\"','Center',NULL,'258 lbs',24,'#12',0,0,0,0,0,0,0,0,0,0,0,0,0,0,0,0,0,0,0,0,0,0,0,'https://a.espncdn.com/combiner/i?img=/i/headshots/nba/players/full/4396682.png','2022-11-26 21:27:47'),(1217,'Gary','Payton II','gary payton ii',27,'Portland Trail Blazers','6\' 3\"','Shooting Guard','G','195 lbs',29,'#00',15,17.1,9.3,21.9,4,1,24,0.625,17,0.529,0.695,0.713,4.1,2.6,8.8,1.5,11.4,1,0.07,0.8,5.9,127.4,106.7,'https://a.espncdn.com/combiner/i?img=/i/headshots/nba/players/full/3134903.png','2023-02-15 08:00:06'),(1218,'David','Johnson','david johnson',NULL,'','6\' 4\"','Point Guard',NULL,'209 lbs',21,'#13',0,0,0,0,0,0,0,0,0,0,0,0,0,0,0,0,0,0,0,0,0,0,0,'https://a.espncdn.com/combiner/i?img=/i/headshots/nba/players/full/4592204.png','2022-11-26 21:27:47'),(1219,'Isaac','Bonga','isaac bonga',NULL,'','6\' 8\"','Guard',NULL,'180 lbs',22,'#17',0,0,0,0,0,0,0,0,0,0,0,0,0,0,0,0,0,0,0,0,0,0,0,'https://a.espncdn.com/combiner/i?img=/i/headshots/nba/players/full/4348697.png','2022-11-26 21:27:47'),(1220,'Adam','Mokoka','adam mokoka',NULL,'','6\' 4\"','Shooting Guard',NULL,'190 lbs',24,'#20',0,0,0,0,0,0,0,0,0,0,0,0,0,0,0,0,0,0,0,0,0,0,0,'https://a.espncdn.com/combiner/i?img=/i/headshots/nba/players/full/4349241.png','2022-11-26 21:27:47'),(1221,'Jeremy','Lamb','jeremy lamb',NULL,'','6\' 5\"','Shooting Guard',NULL,'180 lbs',30,'#26',0,0,0,0,0,0,0,0,0,0,0,0,0,0,0,0,0,0,0,0,0,0,0,'https://a.espncdn.com/combiner/i?img=/i/headshots/nba/players/full/6603.png','2022-11-26 21:27:47'),(1222,'Brandon','Williams','brandon williams',NULL,'','6\' 2\"','Point Guard',NULL,'190 lbs',22,'#8',0,0,0,0,0,0,0,0,0,0,0,0,0,0,0,0,0,0,0,0,0,0,0,'https://a.espncdn.com/combiner/i?img=/i/headshots/nba/players/full/4397040.png','2022-11-26 21:27:47'),(1223,'Brian','Bowen II','brian bowen ii',NULL,'','6\' 6\"','Small Forward',NULL,'190 lbs',23,'#10',0,0,0,0,0,0,0,0,0,0,0,0,0,0,0,0,0,0,0,0,0,0,0,'https://a.espncdn.com/combiner/i?img=/i/headshots/nba/players/full/4277882.png','2022-11-26 21:27:47'),(1224,'P.J.','Washington','p.j. washington',4,'Charlotte Hornets','6\' 7\"','Power Forward','F','230 lbs',24,'#25',59,32.9,19.5,9.1,137,0.745,423,0.518,341,0.349,0.52,0.544,15.2,4.7,7.5,2.4,10.7,0.9,1.12,1.41,6.8,108.9,112.5,'https://a.espncdn.com/combiner/i?img=/i/headshots/nba/players/full/4278078.png','2023-02-16 09:00:06'),(1225,'Javonte','Green','javonte green',5,'Chicago Bulls','6\' 5\"','Small Forward','G-F','205 lbs',29,'#24',28,16,13.9,14,43,0.674,70,0.686,34,0.382,0.649,0.667,5.9,2.9,10.2,0.8,6.9,0.79,0.71,0.71,6,124.9,104.1,'https://a.espncdn.com/combiner/i?img=/i/headshots/nba/players/full/2596112.png','2023-02-17 08:20:04'),(1226,'Zach','LaVine','zach lavine',5,'Chicago Bulls','6\' 5\"','Shooting Guard','G-F','200 lbs',27,'#8',55,36,27.8,11.5,305,0.836,575,0.534,407,0.369,0.542,0.591,24,4.9,7.6,4.1,17.5,0.98,0.2,2.64,8.7,112.2,110.2,'https://a.espncdn.com/combiner/i?img=/i/headshots/nba/players/full/3064440.png','2023-02-17 08:20:05'),(1227,'Caris','LeVert','caris levert',6,'Cleveland Cavaliers','6\' 6\"','Shooting Guard','G','205 lbs',28,'#3',55,30.5,19.5,12.6,141,0.716,339,0.442,236,0.364,0.485,0.517,12,3.9,7.6,3.9,18.2,0.85,0.24,1.67,7.4,107,106,'https://a.espncdn.com/combiner/i?img=/i/headshots/nba/players/full/2991043.png','2023-02-16 09:00:05'),(1228,'Aaron','Nesmith','aaron nesmith',8,'Indiana Pacers','6\' 5\"','Small Forward','G-F','215 lbs',23,'#23',53,24.5,16.7,9.5,97,0.866,199,0.487,227,0.357,0.513,0.556,9.8,3.8,8.4,1.2,7,0.77,0.43,0.92,5.8,110.4,106.1,'https://a.espncdn.com/combiner/i?img=/i/headshots/nba/players/full/4396909.png','2023-02-16 09:00:06'),(1229,'Cristiano','Felicio','cristiano felicio',NULL,'','6\' 11\"','Power Forward',NULL,'270 lbs',29,'#6',0,0,0,0,0,0,0,0,0,0,0,0,0,0,0,0,0,0,0,0,0,0,0,'https://a.espncdn.com/combiner/i?img=/i/headshots/nba/players/full/3113587.png','2022-11-26 21:27:47'),(1230,'Daniel','Theis','daniel theis',8,'Indiana Pacers','6\' 9\"','Center','F-C','245 lbs',30,'#27',6,15.5,19.6,4.6,10,0.4,29,0.586,8,0.125,0.5,0.495,6.8,2.8,10.1,1,9.8,0.17,0.67,0.33,6.9,105.1,114.6,'https://a.espncdn.com/combiner/i?img=/i/headshots/nba/players/full/2451037.png','2023-02-16 09:00:06'),(1231,'Lonnie','Walker IV','lonnie walker iv',21,'Los Angeles Lakers','6\' 4\"','Guard','G-F','204 lbs',23,'#4',42,26.7,19.5,7.3,87,0.885,242,0.525,201,0.368,0.537,0.575,13.2,2.1,4.2,1.3,7,0.62,0.33,0.9,4.9,111.9,113.9,'https://a.espncdn.com/combiner/i?img=/i/headshots/nba/players/full/4277890.png','2023-02-16 09:00:06'),(1232,'Trey','Murphy III','trey murphy iii',24,'New Orleans Pelicans','6\' 8\"','Shooting Guard','F','206 lbs',22,'#25',56,29.3,15.8,7.3,112,0.911,206,0.607,312,0.397,0.6,0.638,12.9,3.7,7,1.3,6,1,0.52,0.8,5.4,125.9,109.7,'https://a.espncdn.com/combiner/i?img=/i/headshots/nba/players/full/4397688.png','2023-02-16 09:00:06'),(1233,'Aaron','Wiggins','aaron wiggins',25,'Oklahoma City Thunder','6\' 5\"','Shooting Guard','G-F','190 lbs',23,'#21',46,18.4,13.8,13.2,47,0.83,143,0.559,79,0.405,0.577,0.608,6.4,3.2,9.3,1.3,9.6,0.46,0.17,0.8,6.5,120.8,109.6,'https://a.espncdn.com/combiner/i?img=/i/headshots/nba/players/full/4397183.png','2023-02-16 09:00:07'),(1234,'Jalen','Williams','jalen williams',25,'Oklahoma City Thunder','6\' 6\"','Forward','G-F','195 lbs',21,'#8',53,29,17.4,13,108,0.759,368,0.579,142,0.324,0.553,0.579,12.2,4.1,7.6,2.9,13.6,1.25,0.55,1.57,7.2,113.6,108.7,'https://a.espncdn.com/combiner/i?img=/i/headshots/nba/players/full/4593803.png','2023-02-16 09:00:07'),(1235,'Justise','Winslow','justise winslow',27,'Portland Trail Blazers','6\' 6\"','Power Forward','F-G','222 lbs',26,'#26',29,26.8,14.3,17,28,0.714,153,0.438,45,0.311,0.444,0.466,6.8,5,10.9,3.4,17,1.03,0.38,1.48,7.3,105.3,107.4,'https://a.espncdn.com/combiner/i?img=/i/headshots/nba/players/full/3135047.png','2023-02-15 08:00:07'),(1236,'Keon','Ellis','keon ellis',28,'Sacramento Kings','6\' 6\"','Guard','G','175 lbs',22,'#23',9,4,14.7,8.1,3,0.667,2,0.5,8,0.625,0.85,0.839,2.1,0.8,11.2,0.3,11.5,0.22,0.11,0.11,8,160.5,99.7,'https://a.espncdn.com/combiner/i?img=/i/headshots/nba/players/full/4702177.png','2023-02-15 08:00:05'),(1237,'Quinn','Cook','quinn cook',NULL,'','6\' 1\"','Point Guard',NULL,'180 lbs',29,'#28',0,0,0,0,0,0,0,0,0,0,0,0,0,0,0,0,0,0,0,0,0,0,0,'https://a.espncdn.com/combiner/i?img=/i/headshots/nba/players/full/2566745.png','2022-11-26 21:27:47'),(1238,'Kent','Bazemore','kent bazemore',NULL,'','6\' 4\"','Small Forward',NULL,'195 lbs',33,'#24',0,0,0,0,0,0,0,0,0,0,0,0,0,0,0,0,0,0,0,0,0,0,0,'https://a.espncdn.com/combiner/i?img=/i/headshots/nba/players/full/6637.png','2022-11-26 21:27:47'),(1239,'Ignas','Brazdeikis','ignas brazdeikis',NULL,'','6\' 6\"','Small Forward',NULL,'221 lbs',23,'#17',0,0,0,0,0,0,0,0,0,0,0,0,0,0,0,0,0,0,0,0,0,0,0,'https://a.espncdn.com/combiner/i?img=/i/headshots/nba/players/full/4397205.png','2022-11-26 21:27:47'),(1240,'Nikola','Jokic','nikola jokic',17,'Denver Nuggets','6\' 11\"','Center','C','284 lbs',27,'#15',51,33.6,27.3,16.8,314,0.822,649,0.673,110,0.391,0.661,0.703,24.7,11.5,19.8,10.1,47.3,1.27,0.71,3.55,16.9,135.3,104.9,'https://a.espncdn.com/combiner/i?img=/i/headshots/nba/players/full/3112335.png','2023-02-16 09:00:05'),(1241,'Jamal','Murray','jamal murray',17,'Denver Nuggets','6\' 4\"','Point Guard','G','215 lbs',25,'#27',45,32.5,26.3,10.6,168,0.833,445,0.501,273,0.396,0.536,0.575,20.2,4.1,7.4,5.8,25.9,0.96,0.2,2.09,9.6,117.2,114.3,'https://a.espncdn.com/combiner/i?img=/i/headshots/nba/players/full/3936299.png','2023-02-16 09:00:06'),(1242,'Zeke','Nnaji','zeke nnaji',17,'Denver Nuggets','6\' 9\"','Power Forward','F-C','240 lbs',21,'#22',44,13.3,14.6,10.2,54,0.667,107,0.692,45,0.289,0.615,0.634,5.1,2.3,10.2,0.3,2.5,0.34,0.43,0.45,4.6,127,104.3,'https://a.espncdn.com/combiner/i?img=/i/headshots/nba/players/full/4431690.png','2023-02-16 09:00:06'),(1243,'Avery','Bradley','avery bradley',NULL,'','6\' 3\"','Point Guard',NULL,'180 lbs',31,'#20',0,0,0,0,0,0,0,0,0,0,0,0,0,0,0,0,0,0,0,0,0,0,0,'https://a.espncdn.com/combiner/i?img=/i/headshots/nba/players/full/4240.png','2022-11-26 21:27:47'),(1244,'Moses','Moody','moses moody',18,'Golden State Warriors','6\' 6\"','Shooting Guard','G','205 lbs',20,'#4',44,14.3,14.5,12.5,39,0.692,65,0.6,107,0.346,0.549,0.571,4.9,1.7,6.4,0.9,8.3,0.34,0.11,0.61,5.5,110.5,114.9,'https://a.espncdn.com/combiner/i?img=/i/headshots/nba/players/full/4432171.png','2023-02-15 08:00:06'),(1245,'Josh','Christopher','josh christopher',19,'Houston Rockets','6\' 4\"','Shooting Guard','G','215 lbs',20,'#9',40,10.1,21.9,17.7,37,0.73,119,0.538,42,0.238,0.491,0.522,4.6,1.1,5.9,1,14.6,0.4,0.23,0.95,6.8,97.8,114.3,'https://a.espncdn.com/combiner/i?img=/i/headshots/nba/players/full/4432168.png','2023-02-16 09:00:04'),(1246,'Oshae','Brissett','oshae brissett',8,'Indiana Pacers','6\' 7\"','Small Forward','F-G','210 lbs',24,'#12',49,16,14.9,7.5,88,0.693,102,0.451,117,0.333,0.477,0.524,5.5,3.4,11.6,0.5,4.4,0.57,0.16,0.43,5.3,110.9,111,'https://a.espncdn.com/combiner/i?img=/i/headshots/nba/players/full/4278031.png','2023-02-16 09:00:04'),(1247,'Isaiah','Jackson','isaiah jackson',8,'Indiana Pacers','6\' 9\"','Small Forward','F','205 lbs',20,'#22',45,15.3,17.7,13.4,105,0.648,194,0.598,12,0.167,0.578,0.607,6.8,3.9,14,0.9,8.5,0.4,1.47,0.87,7.5,118.5,104.3,'https://a.espncdn.com/combiner/i?img=/i/headshots/nba/players/full/4432170.png','2023-02-16 09:00:05'),(1248,'Svi','Mykhailiuk','svi mykhailiuk',11,'New York Knicks','6\' 7\"','Shooting Guard','G-F','205 lbs',25,'#17',13,3.1,17.4,12.3,5,0.6,2,0,10,0.6,0.75,0.739,1.6,0.5,9.4,0.1,3.6,0.08,0,0.15,5.6,0,0,'https://a.espncdn.com/combiner/i?img=/i/headshots/nba/players/full/3133602.png','2023-02-11 08:30:06'),(1249,'Kenrich','Williams','kenrich williams',25,'Oklahoma City Thunder','6\' 6\"','Small Forward','G-F','210 lbs',27,'#34',49,22.5,13.3,7.7,32,0.438,187,0.61,123,0.382,0.595,0.591,7.8,4.9,11.8,2,11.7,0.76,0.29,0.55,7.5,129,108.6,'https://a.espncdn.com/combiner/i?img=/i/headshots/nba/players/full/3133626.png','2023-02-16 09:00:07'),(1250,'Kevon','Harris','kevon harris',12,'Orlando Magic','6\' 6\"','Guard','G','216 lbs',25,'#7',27,12.4,13.5,15.3,27,0.815,49,0.429,28,0.393,0.487,0.546,3.6,2,9,0.4,4.8,0.48,0.11,0.59,4.6,109.2,106.7,'https://a.espncdn.com/combiner/i?img=/i/headshots/nba/players/full/4067858.png','2023-02-15 08:00:05'),(1251,'Kevin','Huerter','kevin huerter',28,'Sacramento Kings','6\' 7\"','Shooting Guard','G-F','198 lbs',24,'#9',54,30.5,19.2,10.2,103,0.699,252,0.603,365,0.392,0.594,0.608,14.9,3.4,6.4,2.9,13.4,1.11,0.33,1.39,6.9,117.2,110.3,'https://a.espncdn.com/combiner/i?img=/i/headshots/nba/players/full/4066372.png','2023-02-15 08:00:05'),(1252,'Paul','Millsap','paul millsap',NULL,'','6\' 7\"','Power Forward',NULL,'257 lbs',37,'#8',0,0,0,0,0,0,0,0,0,0,0,0,0,0,0,0,0,0,0,0,0,0,0,'https://a.espncdn.com/combiner/i?img=/i/headshots/nba/players/full/3015.png','2022-11-26 21:27:47'),(1253,NULL,NULL,'null null',NULL,'',NULL,NULL,NULL,'',0,NULL,0,0,0,0,0,0,0,0,0,0,0,0,0,0,0,0,0,0,0,0,0,0,0,NULL,'2022-11-26 21:27:47'),(1254,'Alex','Len','alex len',28,'Sacramento Kings','7\' 0\"','Center','C','250 lbs',29,'#25',13,3.5,14.8,25.4,4,0.75,9,0.556,1,0,0.5,0.553,1,1.2,18.8,0.4,13.9,0,0,0.31,8.9,0,0,'https://a.espncdn.com/combiner/i?img=/i/headshots/nba/players/full/2596107.png','2023-02-15 08:00:05'),(1255,'Trey','Lyles','trey lyles',28,'Sacramento Kings','6\' 9\"','Power Forward','F','234 lbs',27,'#41',51,15.9,18,12,79,0.823,114,0.605,151,0.364,0.572,0.614,7.2,3.6,13.1,0.8,7,0.33,0.47,0.8,6.9,118.4,110.2,'https://a.espncdn.com/combiner/i?img=/i/headshots/nba/players/full/3136196.png','2023-02-15 08:00:06'),(1256,'Mfiondu','Kabengele','mfiondu kabengele',2,'Boston Celtics','6\' 10\"','Center','F-C','250 lbs',25,'#27',2,7,9.4,33.3,0,0,1,1,1,0,0.5,0.5,1,2.5,19.6,0,0,0,0,0.5,0,114,93.5,'https://a.espncdn.com/combiner/i?img=/i/headshots/nba/players/full/4065660.png','2023-02-16 09:00:05'),(1257,'Damyean','Dotson','damyean dotson',NULL,'','6\' 5\"','Shooting Guard',NULL,'210 lbs',27,'#21',0,0,0,0,0,0,0,0,0,0,0,0,0,0,0,0,0,0,0,0,0,0,0,'https://a.espncdn.com/combiner/i?img=/i/headshots/nba/players/full/2991149.png','2022-11-26 21:27:47'),(1258,'Yuta','Watanabe','yuta watanabe',3,'Brooklyn Nets','6\' 9\"','Small Forward','G-F','215 lbs',28,'#18',43,17.9,13.1,7.5,39,0.744,84,0.571,108,0.481,0.656,0.672,6.5,2.6,8.1,0.9,6.6,0.44,0.35,0.4,5.5,131.4,111.2,'https://a.espncdn.com/combiner/i?img=/i/headshots/nba/players/full/3133838.png','2023-02-15 08:00:07'),(1259,'Jared','Cunningham','jared cunningham',NULL,'','6\' 4\"','Guard',NULL,'194 lbs',30,'#9',0,0,0,0,0,0,0,0,0,0,0,0,0,0,0,0,0,0,0,0,0,0,0,'https://a.espncdn.com/combiner/i?img=/i/headshots/nba/players/full/6582.png','2022-11-26 21:27:47'),(1260,'Derrick','Walton Jr.','derrick walton jr.',NULL,'','6\' 0\"','Guard',NULL,'185 lbs',26,'#10',0,0,0,0,0,0,0,0,0,0,0,0,0,0,0,0,0,0,0,0,0,0,0,'https://a.espncdn.com/combiner/i?img=/i/headshots/nba/players/full/3056273.png','2022-11-26 21:27:47'),(1261,'Hassan','Whiteside','hassan whiteside',NULL,'','7\' 0\"','Center',NULL,'265 lbs',33,'#21',0,0,0,0,0,0,0,0,0,0,0,0,0,0,0,0,0,0,0,0,0,0,0,'https://a.espncdn.com/combiner/i?img=/i/headshots/nba/players/full/4262.png','2022-11-26 21:27:47'),(1262,'Jarrett','Allen','jarrett allen',6,'Cleveland Cavaliers','6\' 9\"','Center','C','243 lbs',24,'#31',54,33.2,16.7,12.1,180,0.717,499,0.663,8,0.125,0.656,0.677,14.7,9.9,17.5,1.7,7.6,0.78,1.22,1.5,7.6,132.1,104.2,'https://a.espncdn.com/combiner/i?img=/i/headshots/nba/players/full/4066328.png','2023-02-16 09:00:04'),(1263,'Darius','Garland','darius garland',6,'Cleveland Cavaliers','6\' 1\"','Point Guard','G','192 lbs',22,'#10',51,35.2,27,14,248,0.863,509,0.497,310,0.419,0.547,0.598,21.8,2.7,4.6,8,35.6,1.27,0.1,2.96,8.8,119.2,108.1,'https://a.espncdn.com/combiner/i?img=/i/headshots/nba/players/full/4396907.png','2023-02-16 09:00:05'),(1264,'Kevin','Love','kevin love',6,'Cleveland Cavaliers','6\' 8\"','Power Forward','F-C','251 lbs',34,'#0',41,20,19.7,13.1,63,0.889,90,0.467,195,0.354,0.511,0.555,8.5,6.8,20.2,1.9,13,0.17,0.17,1.15,9.6,111.8,101.5,'https://a.espncdn.com/combiner/i?img=/i/headshots/nba/players/full/3449.png','2023-02-16 09:00:05'),(1265,'Isaac','Okoro','isaac okoro',6,'Cleveland Cavaliers','6\' 5\"','Small Forward','F-G','225 lbs',21,'#35',61,21.2,12.4,10.3,83,0.735,148,0.622,136,0.346,0.572,0.602,6.3,2.5,7.1,1.1,7.3,0.72,0.43,0.61,4.9,120.3,104.1,'https://a.espncdn.com/combiner/i?img=/i/headshots/nba/players/full/4432822.png','2023-02-16 09:00:06'),(1266,'Cedi','Osman','cedi osman',6,'Cleveland Cavaliers','6\' 7\"','Small Forward','F','230 lbs',27,'#16',58,21,18.2,8.5,83,0.675,181,0.597,234,0.35,0.557,0.574,8.9,2.2,6.3,1.5,10.6,0.53,0.12,0.72,5.9,113.7,106.7,'https://a.espncdn.com/combiner/i?img=/i/headshots/nba/players/full/3893016.png','2023-02-16 09:00:06'),(1267,'Udonis','Haslem','udonis haslem',9,'Miami Heat','6\' 8\"','Power Forward','F','235 lbs',42,'#40',6,7.6,12.5,0,2,0.5,10,0.1,2,0,0.083,0.116,0.5,1.3,10.2,0,0,0.17,0.17,0,0,50.8,96.6,'https://a.espncdn.com/combiner/i?img=/i/headshots/nba/players/full/2184.png','2023-02-16 09:00:05'),(1268,'Jeremiah','Martin','jeremiah martin',NULL,'','6\' 2\"','Point Guard',NULL,'185 lbs',25,'#3',0,0,0,0,0,0,0,0,0,0,0,0,0,0,0,0,0,0,0,0,0,0,0,'https://a.espncdn.com/combiner/i?img=/i/headshots/nba/players/full/3907788.png','2022-11-26 21:27:47'),(1269,'Nathan','Knight','nathan knight',23,'Minnesota Timberwolves','6\' 10\"','Forward','F-C','253 lbs',25,'#13',33,8.1,18.2,15.7,51,0.686,53,0.642,21,0.381,0.622,0.658,3.8,1.5,10.5,0.4,6.6,0.27,0.15,0.55,6.5,121.3,104.8,'https://a.espncdn.com/combiner/i?img=/i/headshots/nba/players/full/4067325.png','2023-02-17 08:20:05'),(1270,'Jose','Alvarado','jose alvarado',24,'New Orleans Pelicans','6\' 0\"','Point Guard','G','179 lbs',24,'#15',58,21.8,19.7,13.7,80,0.813,231,0.481,239,0.339,0.495,0.525,9.1,2.4,6.1,3.1,19.9,1.1,0.17,1.38,7.5,106.5,106.3,'https://a.espncdn.com/combiner/i?img=/i/headshots/nba/players/full/4277869.png','2023-02-16 09:00:04'),(1271,'Keegan','Murray','keegan murray',28,'Sacramento Kings','6\' 8\"','Small Forward','F','215 lbs',22,'#13',55,29.6,16,8.1,63,0.794,197,0.487,330,0.415,0.572,0.589,11.9,4.6,9,1.1,4.8,0.73,0.53,0.89,5.3,115.4,112.2,'https://a.espncdn.com/combiner/i?img=/i/headshots/nba/players/full/4594327.png','2023-02-15 08:00:06'),(1272,'KZ','Okpala','kz okpala',28,'Sacramento Kings','6\' 8\"','Small Forward','F-G','215 lbs',23,'#30',35,7.1,8.4,14.4,8,0.875,17,0.529,21,0.333,0.513,0.554,1.3,1,7.9,0.4,6.3,0.2,0.2,0.2,4.5,113,102.5,'https://a.espncdn.com/combiner/i?img=/i/headshots/nba/players/full/4278521.png','2023-02-15 08:00:06'),(1273,'Neemias','Queta','neemias queta',28,'Sacramento Kings','7\' 0\"','Center','C','248 lbs',23,'#88',4,6.1,17.3,10.1,2,0,8,0.75,0,0,0.75,0.676,3,2.3,21.2,0.3,6.3,0,0.25,0.25,8.4,133.5,88.3,'https://a.espncdn.com/combiner/i?img=/i/headshots/nba/players/full/4397424.png','2023-02-15 08:00:06'),(1274,NULL,NULL,'null null',NULL,'',NULL,NULL,NULL,'',0,NULL,0,0,0,0,0,0,0,0,0,0,0,0,0,0,0,0,0,0,0,0,0,0,0,NULL,'2022-11-26 21:27:47'),(1275,'Matt','Thomas','matt thomas',NULL,'','6\' 3\"','Shooting Guard',NULL,'190 lbs',28,'#21',0,0,0,0,0,0,0,0,0,0,0,0,0,0,0,0,0,0,0,0,0,0,0,'https://a.espncdn.com/combiner/i?img=/i/headshots/nba/players/full/3059311.png','2022-11-26 21:27:47'),(1276,'Jeremiah','Tilmon','jeremiah tilmon',NULL,'','6\' 10\"','Center',NULL,'260 lbs',22,'#72',0,0,0,0,0,0,0,0,0,0,0,0,0,0,0,0,0,0,0,0,0,0,0,NULL,'2022-11-26 21:27:47'),(1277,'Kyle','Guy','kyle guy',NULL,'','6\' 1\"','Shooting Guard',NULL,'167 lbs',24,'#5',0,0,0,0,0,0,0,0,0,0,0,0,0,0,0,0,0,0,0,0,0,0,0,'https://a.espncdn.com/combiner/i?img=/i/headshots/nba/players/full/4065730.png','2022-11-26 21:27:47'),(1278,'MaCio','Teague','macio teague',NULL,'','6\' 4\"','Small Forward',NULL,'195 lbs',24,'#31',0,0,0,0,0,0,0,0,0,0,0,0,0,0,0,0,0,0,0,0,0,0,0,NULL,'2022-11-26 21:27:47'),(1279,'Omer','Yurtseven','omer yurtseven',9,'Miami Heat','6\' 11\"','Center',NULL,'255 lbs',24,'#77',0,0,0,0,0,0,0,0,0,0,0,0,0,0,0,0,0,0,0,0,0,0,0,'https://a.espncdn.com/combiner/i?img=/i/headshots/nba/players/full/3074213.png','2022-11-26 21:27:47'),(1280,'Grayson','Allen','grayson allen',10,'Milwaukee Bucks','6\' 4\"','Shooting Guard','G','198 lbs',27,'#12',54,27.6,14.6,11.4,104,0.904,150,0.513,262,0.405,0.573,0.618,10.5,3.4,6.4,2.4,11.8,0.81,0.19,1.09,6.4,124.1,109,'https://a.espncdn.com/combiner/i?img=/i/headshots/nba/players/full/3135045.png','2023-02-17 08:20:04'),(1281,'George','Hill','george hill',10,'Milwaukee Bucks','6\' 4\"','Point Guard','G','188 lbs',36,'#3',1,9.6,0,0,0,0,0,0,0,0,0,0,0,0,0,0,0,1,0,0,0,0,121.3,'https://a.espncdn.com/combiner/i?img=/i/headshots/nba/players/full/3438.png','2023-02-17 19:10:05'),(1282,'Jrue','Holiday','jrue holiday',10,'Milwaukee Bucks','6\' 3\"','Point Guard','G','205 lbs',32,'#21',47,33.1,25.6,15.2,129,0.868,450,0.518,297,0.377,0.537,0.569,19.4,5.2,8.2,7.1,33.8,1.3,0.36,3.06,10.8,114.9,107.7,'https://a.espncdn.com/combiner/i?img=/i/headshots/nba/players/full/3995.png','2023-02-17 08:20:05'),(1283,'Sandro','Mamukelashvili','sandro mamukelashvili',10,'Milwaukee Bucks','6\' 11\"','Power Forward','F-C','240 lbs',23,'#54',24,9.1,14.4,12,18,0.667,26,0.462,32,0.219,0.388,0.432,2.4,2.3,13.3,0.7,9.5,0.17,0.21,0.38,6.9,102,104.3,'https://a.espncdn.com/combiner/i?img=/i/headshots/nba/players/full/4278580.png','2023-02-17 08:20:05'),(1284,'Jaxson','Hayes','jaxson hayes',24,'New Orleans Pelicans','6\' 11\"','Center','C-F','220 lbs',22,'#10',33,13.3,15.5,12.5,61,0.672,88,0.648,25,0.12,0.544,0.586,5,2.9,12.5,0.7,7.5,0.39,0.33,0.61,6.5,117.6,105.3,'https://a.espncdn.com/combiner/i?img=/i/headshots/nba/players/full/4397077.png','2023-02-16 09:00:05'),(1285,'Brandon','Ingram','brandon ingram',24,'New Orleans Pelicans','6\' 8\"','Small Forward','F','190 lbs',25,'#14',24,32.2,30.3,14.4,129,0.876,323,0.486,91,0.407,0.513,0.571,22.4,5,8.7,4.9,24.4,0.75,0.5,3.29,10.2,108.5,108.3,'https://a.espncdn.com/combiner/i?img=/i/headshots/nba/players/full/3913176.png','2023-02-16 09:00:05'),(1286,'Herbert','Jones','herbert jones',24,'New Orleans Pelicans','6\' 7\"','Small Forward','F','206 lbs',24,'#5',43,28.8,15.1,12.7,119,0.748,220,0.523,113,0.283,0.489,0.538,9.7,3.8,7.5,2.2,10,1.67,0.65,1.3,6,110.6,103.9,'https://a.espncdn.com/combiner/i?img=/i/headshots/nba/players/full/4277813.png','2023-02-16 09:00:05'),(1287,'De\'Anthony','Melton','de\'anthony melton',13,'Philadelphia 76ers','6\' 2\"','Shooting Guard','G','200 lbs',24,'#8',54,28.5,16.9,12.8,57,0.789,190,0.468,294,0.401,0.55,0.567,10.7,4.2,8.6,2.7,13.6,1.72,0.54,1.39,6.9,111.6,105.4,'https://a.espncdn.com/combiner/i?img=/i/headshots/nba/players/full/4066436.png','2023-02-16 09:00:06'),(1288,'Paul','Reed','paul reed',13,'Philadelphia 76ers','6\' 9\"','Small Forward','F','210 lbs',23,'#44',44,9.6,14.6,18.7,22,0.727,99,0.606,4,0,0.583,0.603,3.1,3.2,19.6,0.3,4.8,0.66,0.64,0.59,6,118.1,90.3,'https://a.espncdn.com/combiner/i?img=/i/headshots/nba/players/full/4278562.png','2023-02-16 09:00:06'),(1289,'Jaden','Springer','jaden springer',13,'Philadelphia 76ers','6\' 4\"','Guard','G','202 lbs',20,'#11',7,3.7,25.1,6.8,4,0.75,12,0.583,0,0,0.583,0.618,2.4,1,15.7,0.1,6.7,0.29,0.29,0.14,6.7,0,0,'https://a.espncdn.com/combiner/i?img=/i/headshots/nba/players/full/4432164.png','2023-02-14 08:00:06'),(1290,'Matisse','Thybulle','matisse thybulle',13,'Philadelphia 76ers','6\' 5\"','Shooting Guard','G-F','201 lbs',25,'#22',2,28.3,11.6,13.3,0,0,4,0.5,9,0.444,0.615,0.615,8,3.5,7.2,1.5,7.2,2.5,1.5,1,4.9,114.7,105.7,'https://a.espncdn.com/combiner/i?img=/i/headshots/nba/players/full/3907498.png','2023-02-17 19:10:05'),(1291,'Dominick','Barlow','dominick barlow',29,'San Antonio Spurs','6\' 9\"','Forward','F','220 lbs',19,'#26',10,9.5,15.4,16.9,10,0.9,21,0.619,4,0,0.52,0.595,3.5,2.3,13.4,0.7,9.8,0.2,0.2,0.6,7.5,120.6,104.9,'https://a.espncdn.com/combiner/i?img=/i/headshots/nba/players/full/4870562.png','2023-02-16 09:00:04'),(1292,'Emanuel','Terry','emanuel terry',NULL,'','6\' 9\"','Forward',NULL,'220 lbs',26,'#10',0,0,0,0,0,0,0,0,0,0,0,0,0,0,0,0,0,0,0,0,0,0,0,'https://a.espncdn.com/combiner/i?img=/i/headshots/nba/players/full/4355392.png','2022-11-26 21:27:47'),(1293,'BJ','Johnson','bj johnson',NULL,'','6\' 6\"','Forward',NULL,'200 lbs',26,'#20',0,0,0,0,0,0,0,0,0,0,0,0,0,0,0,0,0,0,0,0,0,0,0,'https://a.espncdn.com/combiner/i?img=/i/headshots/nba/players/full/3059280.png','2022-11-26 21:27:47'),(1294,'Al-Farouq','Aminu','al-farouq aminu',NULL,'','6\' 8\"','Small Forward',NULL,'220 lbs',31,'#5',0,0,0,0,0,0,0,0,0,0,0,0,0,0,0,0,0,0,0,0,0,0,0,'https://a.espncdn.com/combiner/i?img=/i/headshots/nba/players/full/4248.png','2022-11-26 21:27:47'),(1295,'Carmelo','Anthony','carmelo anthony',NULL,'','6\' 7\"','Power Forward',NULL,'238 lbs',38,'#7',0,0,0,0,0,0,0,0,0,0,0,0,0,0,0,0,0,0,0,0,0,0,0,'https://a.espncdn.com/combiner/i?img=/i/headshots/nba/players/full/1975.png','2022-11-26 21:27:47'),(1296,'Jalen','Harris','jalen harris',NULL,'','6\' 5\"','Guard',NULL,'195 lbs',24,'#00',0,0,0,0,0,0,0,0,0,0,0,0,0,0,0,0,0,0,0,0,0,0,0,'https://a.espncdn.com/combiner/i?img=/i/headshots/nba/players/full/4066998.png','2022-11-26 21:27:47'),(1297,'Harry','Giles III','harry giles iii',NULL,'','6\' 11\"','Power Forward',NULL,'240 lbs',23,'#4',0,0,0,0,0,0,0,0,0,0,0,0,0,0,0,0,0,0,0,0,0,0,0,'https://a.espncdn.com/combiner/i?img=/i/headshots/nba/players/full/4065649.png','2022-11-26 21:27:47'),(1298,'Derrick','Jones Jr.','derrick jones jr.',5,'Chicago Bulls','6\' 6\"','Small Forward','F','210 lbs',25,'#5',46,15.2,14,9,68,0.794,119,0.588,54,0.333,0.561,0.611,5.4,2.7,9.8,0.6,5.4,0.48,0.65,0.43,5.4,125.8,106.4,'https://a.espncdn.com/combiner/i?img=/i/headshots/nba/players/full/3936099.png','2023-02-17 08:20:05'),(1299,'Devin','Cannady','devin cannady',NULL,'','6\' 1\"','Guard',NULL,'190 lbs',26,'#30',0,0,0,0,0,0,0,0,0,0,0,0,0,0,0,0,0,0,0,0,0,0,0,'https://a.espncdn.com/combiner/i?img=/i/headshots/nba/players/full/3906977.png','2022-11-26 21:27:47'),(1300,'Luke','Kennard','luke kennard',20,'LA Clippers','6\' 5\"','Shooting Guard','G','206 lbs',26,'#5',2,21.2,9.4,0,4,1,2,0,6,0.5,0.563,0.666,6.5,1.5,3.7,1.5,8.5,0,0,0,4.6,156.3,103.9,'https://a.espncdn.com/combiner/i?img=/i/headshots/nba/players/full/3913174.png','2023-02-17 19:10:05'),(1301,'Rondae','Hollis-Jefferson','rondae hollis-jefferson',NULL,'','6\' 6\"','Small Forward',NULL,'217 lbs',26,'#2',0,0,0,0,0,0,0,0,0,0,0,0,0,0,0,0,0,0,0,0,0,0,0,'https://a.espncdn.com/combiner/i?img=/i/headshots/nba/players/full/3064291.png','2022-11-26 21:27:47'),(1302,'Terance','Mann','terance mann',20,'LA Clippers','6\' 5\"','Shooting Guard','G-F','215 lbs',26,'#14',60,23.5,15.6,11.3,88,0.773,259,0.598,148,0.392,0.595,0.619,9.2,3.8,8.8,2.2,13.5,0.53,0.32,0.95,7.2,123.4,109.4,'https://a.espncdn.com/combiner/i?img=/i/headshots/nba/players/full/3907823.png','2023-02-17 08:20:05'),(1303,'Evan','Fournier','evan fournier',11,'New York Knicks','6\' 6\"','Shooting Guard','G-F','205 lbs',30,'#13',23,18,18.6,10.6,21,0.857,49,0.408,102,0.324,0.46,0.49,6.8,2,5.9,1.5,11.7,0.61,0.13,0.83,6.1,102.4,106.8,'https://a.espncdn.com/combiner/i?img=/i/headshots/nba/players/full/6588.png','2023-02-16 09:00:05'),(1304,'Feron','Hunt','feron hunt',11,'New York Knicks','6\' 8\"','Forward',NULL,'195 lbs',23,'#44',0,0,0,0,0,0,0,0,0,0,0,0,0,0,0,0,0,0,0,0,0,0,0,'https://a.espncdn.com/combiner/i?img=/i/headshots/nba/players/full/4396638.png','2022-11-26 21:27:47'),(1305,'Julius','Randle','julius randle',11,'New York Knicks','6\' 8\"','Power Forward','F-C','250 lbs',27,'#30',60,35.9,28.9,11.7,421,0.755,617,0.554,477,0.338,0.533,0.58,24.8,10.8,16.2,4.1,18.8,0.67,0.3,2.83,11.5,116.9,105.3,'https://a.espncdn.com/combiner/i?img=/i/headshots/nba/players/full/3064514.png','2023-02-16 09:00:06'),(1306,'Cam','Reddish','cam reddish',11,'New York Knicks','6\' 8\"','Small Forward','F-G','217 lbs',23,'#0',3,23.1,17.9,3.5,1,1,10,0.6,17,0.412,0.611,0.62,11.3,2,5,1.7,11,1,0.33,0.33,5.8,127.2,110,'https://a.espncdn.com/combiner/i?img=/i/headshots/nba/players/full/4395627.png','2023-02-17 19:10:05'),(1307,'Derrick','Rose','derrick rose',11,'New York Knicks','6\' 2\"','Point Guard','G','200 lbs',34,'#4',26,12.9,23.3,12.1,12,0.917,95,0.442,60,0.317,0.455,0.474,5.8,1.5,6.4,1.8,20.6,0.27,0.19,0.85,7.8,100.8,113.3,'https://a.espncdn.com/combiner/i?img=/i/headshots/nba/players/full/3456.png','2023-02-16 09:00:06'),(1308,'P.J.','Tucker','p.j. tucker',13,'Philadelphia 76ers','6\' 5\"','Power Forward','F','245 lbs',37,'#17',55,25.7,6.4,17.8,18,0.889,66,0.47,92,0.402,0.547,0.57,3.4,3.9,8.8,0.8,3.9,0.47,0.24,0.65,3.4,117,107.5,'https://a.espncdn.com/combiner/i?img=/i/headshots/nba/players/full/3033.png','2023-02-16 09:00:06'),(1309,'Greg','Brown III','greg brown iii',27,'Portland Trail Blazers','6\' 7\"','Power Forward','F','206 lbs',21,'#4',16,5.8,18.4,15.3,12,0.417,21,0.476,7,0.143,0.411,0.421,1.8,1.2,11.8,0.2,4.4,0.25,0.31,0.38,5.2,79.5,102.6,'https://a.espncdn.com/combiner/i?img=/i/headshots/nba/players/full/4432161.png','2023-02-15 08:00:04'),(1310,'Keita','Bates-Diop','keita bates-diop',29,'San Antonio Spurs','6\' 8\"','Small Forward','F','225 lbs',26,'#31',45,20.1,16.1,10,74,0.784,211,0.54,73,0.356,0.539,0.575,8.1,3.3,9.2,1.1,7.7,0.69,0.27,0.78,6.1,115.4,118.9,'https://a.espncdn.com/combiner/i?img=/i/headshots/nba/players/full/3136779.png','2023-02-16 09:00:04'),(1311,'Marcos','Louzada Silva','marcos louzada silva',NULL,'','6\' 5\"','Guard',NULL,'185 lbs',22,'#0',0,0,0,0,0,0,0,0,0,0,0,0,0,0,0,0,0,0,0,0,0,0,0,'https://a.espncdn.com/combiner/i?img=/i/headshots/nba/players/full/4423885.png','2022-11-26 21:27:47'),(1312,'Justin','Anderson','justin anderson',NULL,'','6\' 5\"','Forward',NULL,'231 lbs',28,'#10',0,0,0,0,0,0,0,0,0,0,0,0,0,0,0,0,0,0,0,0,0,0,0,'https://a.espncdn.com/combiner/i?img=/i/headshots/nba/players/full/2982340.png','2022-11-26 21:27:47'),(1313,'Mamadi','Diakite','mamadi diakite',6,'Cleveland Cavaliers','6\' 9\"','Forward','F','228 lbs',25,'#21',16,6.2,14.6,18.8,0,0,11,0.636,15,0.267,0.5,0.5,1.6,0.8,7.2,0.1,2.8,0.13,0.38,0.38,3.3,87.1,100.2,'https://a.espncdn.com/combiner/i?img=/i/headshots/nba/players/full/3947156.png','2023-02-16 09:00:04'),(1314,'Donte','DiVincenzo','donte divincenzo',18,'Golden State Warriors','6\' 4\"','Shooting Guard','G','203 lbs',25,'#0',48,25.2,15,16.2,40,0.825,107,0.467,238,0.416,0.575,0.593,9,4.1,9.1,3.3,17.1,1.31,0.1,1.46,7.9,115.8,110.4,'https://a.espncdn.com/combiner/i?img=/i/headshots/nba/players/full/3934673.png','2023-02-15 08:00:05'),(1315,'Victor','Oladipo','victor oladipo',9,'Miami Heat','6\' 4\"','Shooting Guard','G','213 lbs',30,'#4',26,28.4,19.9,14.4,57,0.754,135,0.504,125,0.296,0.475,0.509,11.2,3.5,7,3.9,20.5,1.65,0.23,1.85,7.5,102.4,104.1,'https://a.espncdn.com/combiner/i?img=/i/headshots/nba/players/full/2527963.png','2023-02-16 09:00:06'),(1316,'Rodions','Kurucs','rodions kurucs',NULL,'','6\' 9\"','Small Forward',NULL,'228 lbs',23,'#00',0,0,0,0,0,0,0,0,0,0,0,0,0,0,0,0,0,0,0,0,0,0,0,'https://a.espncdn.com/combiner/i?img=/i/headshots/nba/players/full/4230548.png','2022-11-26 21:27:47'),(1317,'Duncan','Robinson','duncan robinson',9,'Miami Heat','6\' 7\"','Forward','F','215 lbs',28,'#55',29,18.1,17.7,9.1,22,0.909,35,0.514,146,0.329,0.497,0.524,6.9,2,6.3,1.2,9.8,0.31,0,0.66,5.6,105.3,103.8,'https://a.espncdn.com/combiner/i?img=/i/headshots/nba/players/full/3157465.png','2023-02-16 09:00:06'),(1318,'Max','Strus','max strus',9,'Miami Heat','6\' 5\"','Shooting Guard','G-F','215 lbs',26,'#31',57,30.2,18.3,7.8,75,0.88,187,0.556,438,0.338,0.522,0.546,12.6,3.6,6.9,2.2,11,0.65,0.16,0.98,6.1,110.9,108.4,'https://a.espncdn.com/combiner/i?img=/i/headshots/nba/players/full/4065778.png','2023-02-16 09:00:06'),(1319,'Gabe','Vincent','gabe vincent',9,'Miami Heat','6\' 3\"','Point Guard','G','200 lbs',26,'#2',45,26.3,18.2,13.8,65,0.877,148,0.514,243,0.329,0.501,0.535,10,2.3,5.1,2.6,14.6,0.93,0.09,1.49,5.9,104.2,105.3,'https://a.espncdn.com/combiner/i?img=/i/headshots/nba/players/full/3137259.png','2023-02-16 09:00:06'),(1320,'Giannis','Antetokounmpo','giannis antetokounmpo',10,'Milwaukee Bucks','6\' 11\"','Power Forward','F','242 lbs',27,'#34',47,33.1,39.1,13,610,0.646,847,0.583,141,0.27,0.558,0.595,31.8,12.2,19.1,5.4,31.4,0.77,0.79,4,15.5,115.5,99.1,'https://a.espncdn.com/combiner/i?img=/i/headshots/nba/players/full/3032977.png','2023-02-17 08:20:04'),(1321,'Bryn','Forbes','bryn forbes',23,'Minnesota Timberwolves','6\' 2\"','Shooting Guard','G','205 lbs',29,'#10',25,10.7,16.2,11.8,15,1,37,0.432,46,0.304,0.446,0.497,3.6,0.6,3.2,0.7,8.2,0.28,0.08,0.48,4.3,98.7,112.8,'https://a.espncdn.com/combiner/i?img=/i/headshots/nba/players/full/2994526.png','2023-02-17 08:20:04'),(1322,'Mike','Muscala','mike muscala',25,'Oklahoma City Thunder','6\' 11\"','Center','F-C','240 lbs',31,'#33',3,25.4,19.5,5.9,2,0.5,8,0.75,23,0.391,0.629,0.627,13.3,4.7,10.1,0.7,4,0.33,0.33,0.67,5.5,115.4,106.6,'https://a.espncdn.com/combiner/i?img=/i/headshots/nba/players/full/2490089.png','2023-02-17 19:10:05'),(1323,'Aleksej','Pokusevski','aleksej pokusevski',25,'Oklahoma City Thunder','7\' 0\"','Forward','C','190 lbs',20,'#17',31,21.9,18.4,13.7,33,0.636,142,0.486,101,0.376,0.519,0.53,8.8,5.1,12.5,2,12.4,0.65,1.32,1.32,8.2,107.4,108,'https://a.espncdn.com/combiner/i?img=/i/headshots/nba/players/full/4683018.png','2023-02-16 09:00:06'),(1324,'Drew','Eubanks','drew eubanks',27,'Portland Trail Blazers','6\' 9\"','Power Forward','F-C','245 lbs',25,'#24',56,19.6,11.2,15.7,75,0.68,197,0.69,7,0.429,0.689,0.7,5.9,4.9,14.6,1.1,8.1,0.52,1.2,0.79,6.5,135.5,107.1,'https://a.espncdn.com/combiner/i?img=/i/headshots/nba/players/full/3914285.png','2023-02-15 08:00:05'),(1325,'Malaki','Branham','malaki branham',29,'San Antonio Spurs','6\' 4\"','Guard','F','200 lbs',19,'#22',45,22,17.9,11,45,0.778,196,0.551,165,0.315,0.515,0.534,9,2.1,5.4,1.9,12.1,0.53,0.13,1.04,6,105.6,117.8,'https://a.espncdn.com/combiner/i?img=/i/headshots/nba/players/full/4565201.png','2023-02-16 09:00:04'),(1326,'Jordan','Hall','jordan hall',29,'San Antonio Spurs','6\' 7\"','Guard','G','220 lbs',20,'#55',9,9.1,19.6,18,9,0.778,13,0.462,15,0.2,0.375,0.438,3.1,1.3,8.1,1.2,17.1,0.11,0,0.78,7.4,91.3,117.9,'https://a.espncdn.com/combiner/i?img=/i/headshots/nba/players/full/4701031.png','2023-02-16 09:00:05'),(1327,'Tre','Jones','tre jones',29,'San Antonio Spurs','6\' 1\"','Point Guard','G','185 lbs',22,'#33',52,29.3,20,12.4,128,0.891,457,0.486,132,0.265,0.466,0.514,12.8,3.6,6.8,6.3,29.5,1.33,0.15,1.75,9,112.3,119,'https://a.espncdn.com/combiner/i?img=/i/headshots/nba/players/full/4395626.png','2023-02-16 09:00:05'),(1328,'Davion','Mintz','davion mintz',NULL,'','6\' 3\"','Guard',NULL,'195 lbs',24,'#26',0,0,0,0,0,0,0,0,0,0,0,0,0,0,0,0,0,0,0,0,0,0,0,NULL,'2022-11-26 21:27:47'),(1329,'Ed','Davis','ed davis',NULL,'','6\' 9\"','Center',NULL,'218 lbs',33,'#21',0,0,0,0,0,0,0,0,0,0,0,0,0,0,0,0,0,0,0,0,0,0,0,'https://a.espncdn.com/combiner/i?img=/i/headshots/nba/players/full/4259.png','2022-11-26 21:27:47'),(1330,'Jay','Huff','jay huff',NULL,'','7\' 1\"','Center',NULL,'240 lbs',24,'#30',0,0,0,0,0,0,0,0,0,0,0,0,0,0,0,0,0,0,0,0,0,0,0,'https://a.espncdn.com/combiner/i?img=/i/headshots/nba/players/full/4065731.png','2022-11-26 21:27:47'),(1331,'Axel','Toupane','axel toupane',NULL,'','6\' 7\"','Shooting Guard',NULL,'210 lbs',29,'#66',0,0,0,0,0,0,0,0,0,0,0,0,0,0,0,0,0,0,0,0,0,0,0,'https://a.espncdn.com/combiner/i?img=/i/headshots/nba/players/full/3037805.png','2022-11-26 21:27:47'),(1332,'Joe','Wieskamp','joe wieskamp',NULL,'','6\' 6\"','Small Forward','G-F','205 lbs',23,'#15',2,8.6,14.9,16.7,0,0,1,0,4,0.75,0.9,0.9,4.5,0,0,0.5,8.6,0,0,0.5,0,140.6,124.5,'https://a.espncdn.com/combiner/i?img=/i/headshots/nba/players/full/4397033.png','2023-02-15 08:00:07'),(1333,'Sam','Merrill','sam merrill',NULL,'','6\' 4\"','Shooting Guard',NULL,'205 lbs',26,'#20',0,0,0,0,0,0,0,0,0,0,0,0,0,0,0,0,0,0,0,0,0,0,0,'https://a.espncdn.com/combiner/i?img=/i/headshots/nba/players/full/4066757.png','2022-11-26 21:27:47'),(1334,'Jarrett','Culver','jarrett culver',1,'Atlanta Hawks','6\' 6\"','Guard','G-F','195 lbs',23,'#7',10,13.7,17.2,12.6,13,0.692,31,0.516,12,0.083,0.407,0.452,4.4,3.8,15,0.6,5.6,0.6,0.2,0.7,6.3,96,105.1,'https://a.espncdn.com/combiner/i?img=/i/headshots/nba/players/full/4277928.png','2023-02-16 09:00:04'),(1335,'Brook','Lopez','brook lopez',10,'Milwaukee Bucks','7\' 0\"','Center','C','282 lbs',34,'#11',57,30.3,18.3,10.2,122,0.77,343,0.615,278,0.374,0.591,0.614,14.5,6.5,11.1,1.2,6,0.49,2.44,1.35,6.4,119.9,105.3,'https://a.espncdn.com/combiner/i?img=/i/headshots/nba/players/full/3448.png','2023-02-17 08:20:05'),(1336,'Jeff','Teague','jeff teague',NULL,'','6\' 3\"','Point Guard',NULL,'195 lbs',33,'#5',0,0,0,0,0,0,0,0,0,0,0,0,0,0,0,0,0,0,0,0,0,0,0,'https://a.espncdn.com/combiner/i?img=/i/headshots/nba/players/full/4015.png','2022-11-26 21:27:47'),(1337,'Khris','Middleton','khris middleton',10,'Milwaukee Bucks','6\' 7\"','Small Forward','F','222 lbs',31,'#22',17,21.4,28.9,13.6,44,0.932,114,0.518,83,0.289,0.482,0.534,13.6,3.8,9.3,3.9,29,0.65,0.18,2,11,108.6,103,'https://a.espncdn.com/combiner/i?img=/i/headshots/nba/players/full/6609.png','2023-02-17 08:20:05'),(1338,'Jordan','Nwora','jordan nwora',10,'Milwaukee Bucks','6\' 8\"','Small Forward','F','225 lbs',24,'#13',2,13.2,20.7,7.7,0,0,7,0.286,5,0.2,0.292,0.292,3.5,3,12.6,0.5,5.1,1,0,0.5,5.3,61.4,115.4,'https://a.espncdn.com/combiner/i?img=/i/headshots/nba/players/full/4277883.png','2023-02-17 19:10:05'),(1339,'Bobby','Portis','bobby portis',10,'Milwaukee Bucks','6\' 10\"','Forward','F','250 lbs',27,'#9',47,26.8,21.8,9,70,0.829,393,0.567,170,0.341,0.551,0.571,14.4,10.1,19.5,1.8,10.6,0.47,0.23,1.26,9.5,117.8,103.9,'https://a.espncdn.com/combiner/i?img=/i/headshots/nba/players/full/3064482.png','2023-02-17 08:20:05'),(1340,'Anthony','Edwards','anthony edwards',23,'Minnesota Timberwolves','6\' 4\"','Shooting Guard','G','225 lbs',21,'#1',61,36.2,29.6,13.4,335,0.776,737,0.524,446,0.363,0.532,0.571,24.9,5.9,9.2,4.5,19.4,1.64,0.62,3.36,9.6,107.2,109.7,'https://a.espncdn.com/combiner/i?img=/i/headshots/nba/players/full/4594268.png','2023-02-17 08:20:04'),(1341,'Rudy','Gobert','rudy gobert',23,'Minnesota Timberwolves','7\' 1\"','Center','C','258 lbs',30,'#27',50,30.5,15.9,15.5,233,0.67,374,0.682,3,0,0.676,0.694,13.3,11.6,21.4,0.9,4.1,0.78,1.3,1.76,6.8,129,103.7,'https://a.espncdn.com/combiner/i?img=/i/headshots/nba/players/full/3032976.png','2023-02-17 08:20:04'),(1342,'Tommy','Kuhse','tommy kuhse',NULL,'','6\' 2\"','Guard',NULL,'185 lbs',24,'#27',0,0,0,0,0,0,0,0,0,0,0,0,0,0,0,0,0,0,0,0,0,0,0,NULL,'2022-11-26 21:27:47'),(1343,'Shai','Gilgeous-Alexander','shai gilgeous-alexander',25,'Oklahoma City Thunder','6\' 6\"','Point Guard','G-F','180 lbs',24,'#2',53,35.4,32.5,10.5,555,0.912,928,0.532,137,0.343,0.53,0.624,30.8,4.7,7.1,5.7,26.2,1.64,1.08,2.89,10.6,124.9,109.9,'https://a.espncdn.com/combiner/i?img=/i/headshots/nba/players/full/4278073.png','2023-02-16 09:00:05'),(1344,'Cole','Anthony','cole anthony',12,'Orlando Magic','6\' 3\"','Point Guard','G','185 lbs',22,'#50',39,25,21.2,12.2,112,0.884,243,0.502,127,0.331,0.5,0.559,12,4.6,10.4,4.1,24.7,0.59,0.62,1.49,9.8,115.6,106.6,'https://a.espncdn.com/combiner/i?img=/i/headshots/nba/players/full/4432809.png','2023-02-15 08:00:04'),(1345,'Mo','Bamba','mo bamba',12,'Orlando Magic','7\' 0\"','Center','C','231 lbs',24,'#11',40,17,16.4,8.5,51,0.686,106,0.594,108,0.398,0.596,0.613,7.3,4.6,15.4,1.1,9.1,0.3,0.95,0.55,7.8,125.4,102.7,'https://a.espncdn.com/combiner/i?img=/i/headshots/nba/players/full/4277919.png','2023-02-15 08:00:04'),(1346,'Olivier','Sarr','olivier sarr',27,'Portland Trail Blazers','7\' 0\"','Center',NULL,'240 lbs',23,'#33',0,0,0,0,0,0,0,0,0,0,0,0,0,0,0,0,0,0,0,0,0,0,0,'https://a.espncdn.com/combiner/i?img=/i/headshots/nba/players/full/4278046.png','2022-11-26 21:27:47'),(1347,'Romeo','Langford','romeo langford',29,'San Antonio Spurs','6\' 5\"','Shooting Guard','G-F','215 lbs',23,'#35',32,20.2,15.5,9.1,37,0.649,158,0.551,46,0.283,0.522,0.538,7.4,2.9,7.9,1.3,9.1,0.5,0.34,0.69,6,113.4,116.9,'https://a.espncdn.com/combiner/i?img=/i/headshots/nba/players/full/4397008.png','2023-02-16 09:00:05'),(1348,'Tim','Frazier','tim frazier',NULL,'','6\' 0\"','Point Guard',NULL,'170 lbs',31,'#10',0,0,0,0,0,0,0,0,0,0,0,0,0,0,0,0,0,0,0,0,0,0,0,'https://a.espncdn.com/combiner/i?img=/i/headshots/nba/players/full/2488945.png','2022-11-26 21:27:47'),(1349,'Eric','Bledsoe','eric bledsoe',NULL,'','6\' 1\"','Shooting Guard',NULL,'214 lbs',32,'#5',0,0,0,0,0,0,0,0,0,0,0,0,0,0,0,0,0,0,0,0,0,0,0,'https://a.espncdn.com/combiner/i?img=/i/headshots/nba/players/full/4238.png','2022-11-26 21:27:47'),(1350,'Josh','Jackson','josh jackson',NULL,'','6\' 8\"','Shooting Guard',NULL,'207 lbs',25,'#55',0,0,0,0,0,0,0,0,0,0,0,0,0,0,0,0,0,0,0,0,0,0,0,'https://a.espncdn.com/combiner/i?img=/i/headshots/nba/players/full/4066297.png','2022-11-26 21:27:47'),(1351,'Theo','Maledon','theo maledon',4,'Charlotte Hornets','6\' 4\"','Point Guard','G','175 lbs',21,'#9',36,16.1,15.5,16.2,56,0.875,94,0.468,63,0.333,0.481,0.551,5.6,2.4,7.8,2.4,19.6,0.75,0.17,0.97,7.9,110.5,112.6,'https://a.espncdn.com/combiner/i?img=/i/headshots/nba/players/full/4683027.png','2023-02-16 09:00:05'),(1352,'Lonzo','Ball','lonzo ball',5,'Chicago Bulls','6\' 6\"','Point Guard',NULL,'190 lbs',25,'#2',0,0,0,0,0,0,0,0,0,0,0,0,0,0,0,0,0,0,0,0,0,0,0,'https://a.espncdn.com/combiner/i?img=/i/headshots/nba/players/full/4066421.png','2022-11-26 21:27:47'),(1353,'Ricky','Rubio','ricky rubio',6,'Cleveland Cavaliers','6\' 2\"','Point Guard','G','190 lbs',32,'#13',14,16.8,18.7,10.2,20,0.75,33,0.394,46,0.283,0.411,0.456,5.7,2.5,8.8,3.8,30.6,1.07,0.14,0.71,9,109.9,101.6,'https://a.espncdn.com/combiner/i?img=/i/headshots/nba/players/full/4011.png','2023-02-16 09:00:06'),(1354,'Wenyen','Gabriel','wenyen gabriel',21,'Los Angeles Lakers','6\' 9\"','Forward','F','205 lbs',25,'#35',46,15.4,15.2,12.9,61,0.623,166,0.675,30,0.3,0.64,0.648,6.3,3.9,13.5,0.5,4.3,0.35,0.54,0.72,6,125.5,102.7,'https://a.espncdn.com/combiner/i?img=/i/headshots/nba/players/full/4066264.png','2023-02-16 09:00:05'),(1355,'Steven','Adams','steven adams',22,'Memphis Grizzlies','6\' 11\"','Center','C','265 lbs',29,'#4',42,27,14.4,19.8,129,0.364,262,0.599,1,0,0.597,0.564,8.6,11.5,22.5,2.3,11.2,0.86,1.1,1.88,9,117,102.1,'https://a.espncdn.com/combiner/i?img=/i/headshots/nba/players/full/2991235.png','2023-02-16 09:00:04'),(1356,'Naz','Reid','naz reid',23,'Minnesota Timberwolves','6\' 9\"','Center','C-F','264 lbs',23,'#11',53,17.7,23.3,13.3,83,0.675,253,0.652,155,0.329,0.592,0.606,10.2,4.7,15,1,8.8,0.55,0.85,1.28,8.2,111.4,101.3,'https://a.espncdn.com/combiner/i?img=/i/headshots/nba/players/full/4396971.png','2023-02-17 08:20:05'),(1357,'D\'Angelo','Russell','d\'angelo russell',23,'Minnesota Timberwolves','6\' 4\"','Point Guard','G','193 lbs',26,'#0',3,30.2,23.6,9.9,13,0.769,24,0.5,16,0.375,0.525,0.569,17.3,3.3,5.9,5.7,27.2,0.33,0,1.67,9.1,118.1,114,'https://a.espncdn.com/combiner/i?img=/i/headshots/nba/players/full/3136776.png','2023-02-17 19:10:05'),(1358,'Karl-Anthony','Towns','karl-anthony towns',23,'Minnesota Timberwolves','6\' 11\"','Center','C-F','248 lbs',27,'#32',21,33.8,24.9,15.7,104,0.885,186,0.618,117,0.325,0.568,0.625,20.8,8.2,13.6,5.3,23.3,0.76,0.67,3.1,11.4,118.5,104.5,'https://a.espncdn.com/combiner/i?img=/i/headshots/nba/players/full/3136195.png','2023-02-17 08:20:06'),(1359,'Josh','Okogie','josh okogie',26,'Phoenix Suns','6\' 4\"','Small Forward','G','213 lbs',24,'#2',50,15,19,12.6,103,0.699,139,0.475,106,0.349,0.496,0.543,6.3,3.2,11.9,1.2,11.4,0.7,0.44,0.84,7.7,114,105.8,'https://a.espncdn.com/combiner/i?img=/i/headshots/nba/players/full/4065663.png','2023-02-17 08:20:05'),(1360,'Josh','Hart','josh hart',27,'Portland Trail Blazers','6\' 5\"','Shooting Guard','G','215 lbs',27,'#11',3,26,19,5.8,8,0.75,15,0.6,14,0.643,0.776,0.784,17,5.3,11.1,2.7,16.6,1.67,0.33,0.67,9.6,157.3,100.9,'https://a.espncdn.com/combiner/i?img=/i/headshots/nba/players/full/3062679.png','2023-02-17 19:10:05'),(1361,'Keon','Johnson','keon johnson',27,'Portland Trail Blazers','6\' 4\"','Shooting Guard','G','185 lbs',20,'#6',28,9.8,24.5,17.6,17,0.529,63,0.381,56,0.339,0.441,0.451,4.1,1.2,7.2,0.9,13.8,0.43,0.14,0.96,6.7,85.8,108.3,'https://a.espncdn.com/combiner/i?img=/i/headshots/nba/players/full/4432192.png','2023-02-15 08:00:05'),(1362,'Doug','McDermott','doug mcdermott',29,'San Antonio Spurs','6\' 6\"','Small Forward','F','220 lbs',30,'#17',51,20.5,19,10.1,51,0.745,179,0.52,228,0.417,0.579,0.593,10,2.2,6,1.5,10,0.18,0.12,0.94,6.3,112.9,117.3,'https://a.espncdn.com/combiner/i?img=/i/headshots/nba/players/full/2528588.png','2023-02-16 09:00:06'),(1363,'Jakob','Poeltl','jakob poeltl',29,'San Antonio Spurs','7\' 1\"','Center','C','260 lbs',27,'#25',3,26.2,17.3,15.6,7,0.286,24,0.833,0,0,0.833,0.775,14,6,13,1.7,10.5,1,3,1.67,8,133,95.8,'https://a.espncdn.com/combiner/i?img=/i/headshots/nba/players/full/3134908.png','2023-02-17 19:10:05'),(1364,'Josh','Richardson','josh richardson',29,'San Antonio Spurs','6\' 6\"','Shooting Guard','G','190 lbs',29,'#7',2,26.5,16.5,9.7,8,0.625,8,0.625,7,0.143,0.433,0.486,9,2.5,5.3,2.5,12.5,3.5,1.5,1,5.8,102.1,97,'https://a.espncdn.com/combiner/i?img=/i/headshots/nba/players/full/2581190.png','2023-02-17 19:10:05'),(1365,'Isaiah','Roby','isaiah roby',29,'San Antonio Spurs','6\' 8\"','Power Forward','F','230 lbs',24,'#18',42,11.3,17.8,15.2,41,0.488,95,0.516,60,0.3,0.49,0.497,4.1,2.5,12.5,0.9,10.7,0.43,0.17,0.74,7.4,97,110.2,'https://a.espncdn.com/combiner/i?img=/i/headshots/nba/players/full/4066392.png','2023-02-16 09:00:06'),(1366,'Robin','Lopez','robin lopez',6,'Cleveland Cavaliers','7\' 0\"','Center','C','281 lbs',34,'#33',30,7.9,15.6,24.1,16,0.75,53,0.642,3,0.667,0.661,0.682,2.9,1.3,9.9,0.4,7.8,0.03,0.13,0.67,5.8,114.3,100.7,'https://a.espncdn.com/combiner/i?img=/i/headshots/nba/players/full/3447.png','2023-02-16 09:00:05'),(1367,'Kira','Lewis Jr.','kira lewis jr.',24,'New Orleans Pelicans','6\' 1\"','Point Guard','G','170 lbs',21,'#13',14,11.1,20,11,13,0.923,39,0.513,20,0.4,0.542,0.587,5.4,2,10.2,1.1,14,0.29,0.07,0.57,8.2,115.9,105.2,'https://a.espncdn.com/combiner/i?img=/i/headshots/nba/players/full/4395698.png','2023-02-16 09:00:05'),(1368,'Markelle','Fultz','markelle fultz',12,'Orlando Magic','6\' 4\"','Point Guard','G','209 lbs',24,'#20',38,29.1,21,16.6,90,0.767,359,0.529,50,0.3,0.52,0.551,13,4,7.9,5.5,29.2,1.47,0.39,2.34,9.1,111.2,109.7,'https://a.espncdn.com/combiner/i?img=/i/headshots/nba/players/full/4066636.png','2023-02-15 08:00:05'),(1369,'Chasson','Randle','chasson randle',NULL,'','6\' 2\"','Guard',NULL,'185 lbs',29,'#4',0,0,0,0,0,0,0,0,0,0,0,0,0,0,0,0,0,0,0,0,0,0,0,'https://a.espncdn.com/combiner/i?img=/i/headshots/nba/players/full/2580898.png','2022-11-26 21:27:47'),(1370,'R.J.','Hampton','r.j. hampton',12,'Orlando Magic','6\' 6\"','Point Guard','G','190 lbs',21,'#13',26,13.9,18.2,13.9,37,0.838,61,0.525,53,0.34,0.518,0.572,5.7,1.5,6.2,1.3,13.6,0.62,0.15,0.81,6.4,111.4,111.5,'https://a.espncdn.com/combiner/i?img=/i/headshots/nba/players/full/4590530.png','2023-02-15 08:00:05'),(1371,'Gary','Clark','gary clark',NULL,'','6\' 6\"','Forward',NULL,'225 lbs',27,'#12',0,0,0,0,0,0,0,0,0,0,0,0,0,0,0,0,0,0,0,0,0,0,0,'https://a.espncdn.com/combiner/i?img=/i/headshots/nba/players/full/3132042.png','2022-11-26 21:27:47'),(1372,'Gary','Harris','gary harris',12,'Orlando Magic','6\' 4\"','Shooting Guard','G','210 lbs',28,'#14',30,24.5,12.9,9.6,26,0.885,68,0.529,119,0.462,0.634,0.655,8.7,2.1,5,1.2,6.9,0.9,0.17,0.7,4.6,125,109.8,'https://a.espncdn.com/combiner/i?img=/i/headshots/nba/players/full/2999547.png','2023-02-15 08:00:05'),(1373,'Jonathan','Isaac','jonathan isaac',12,'Orlando Magic','6\' 10\"','Power Forward','F','230 lbs',25,'#1',10,10.8,21.3,3.8,9,0.556,35,0.4,12,0.333,0.426,0.442,4.5,3.7,19.6,0.5,7,1.2,0.3,0.2,7.5,106.2,106.4,'https://a.espncdn.com/combiner/i?img=/i/headshots/nba/players/full/4065654.png','2023-02-15 08:00:05'),(1374,'Kemba','Walker','kemba walker',NULL,'','6\' 0\"','Point Guard','G','184 lbs',32,'#8',9,16,22.2,5.7,21,0.81,29,0.586,28,0.25,0.482,0.543,8,1.8,6.6,2.1,20.6,0.22,0.22,0.44,7.8,118.5,112.5,'https://a.espncdn.com/combiner/i?img=/i/headshots/nba/players/full/6479.png','2023-02-16 09:00:06'),(1375,'Mychal','Mulder','mychal mulder',NULL,'','6\' 3\"','Guard',NULL,'195 lbs',28,'#15',0,0,0,0,0,0,0,0,0,0,0,0,0,0,0,0,0,0,0,0,0,0,0,'https://a.espncdn.com/combiner/i?img=/i/headshots/nba/players/full/3936298.png','2022-11-26 21:27:47'),(1376,'Caleb','Homesley','caleb homesley',NULL,'',NULL,NULL,NULL,'',0,NULL,0,0,0,0,0,0,0,0,0,0,0,0,0,0,0,0,0,0,0,0,0,0,0,NULL,'2022-11-26 21:27:47'),(1377,'Chuma','Okeke','chuma okeke',12,'Orlando Magic','6\' 6\"','Power Forward','F','229 lbs',24,'#3',19,21.3,11.5,9.3,21,0.762,27,0.519,61,0.295,0.466,0.504,5.2,4.1,11,1.4,8.5,0.58,0.47,0.53,5.8,113.3,108.5,'https://a.espncdn.com/combiner/i?img=/i/headshots/nba/players/full/4278052.png','2023-02-15 08:00:06'),(1378,'Danuel','House Jr.','danuel house jr.',13,'Philadelphia 76ers','6\' 6\"','Small Forward','F-G','220 lbs',29,'#25',37,14.8,12.5,10.4,40,0.7,48,0.646,72,0.333,0.558,0.589,4.4,1.8,7,0.7,6.2,0.22,0.19,0.43,4.8,113.8,109.2,'https://a.espncdn.com/combiner/i?img=/i/headshots/nba/players/full/2991155.png','2023-02-16 09:00:05'),(1379,'E\'Twaun','Moore','e\'twaun moore',NULL,'','6\' 3\"','Guard',NULL,'191 lbs',32,'#55',0,0,0,0,0,0,0,0,0,0,0,0,0,0,0,0,0,0,0,0,0,0,0,'https://a.espncdn.com/combiner/i?img=/i/headshots/nba/players/full/6460.png','2022-11-26 21:27:47'),(1380,'Freddie','Gillespie','freddie gillespie',NULL,'','6\' 9\"','Small Forward',NULL,'245 lbs',24,'#44',0,0,0,0,0,0,0,0,0,0,0,0,0,0,0,0,0,0,0,0,0,0,0,'https://a.espncdn.com/combiner/i?img=/i/headshots/nba/players/full/4277886.png','2022-11-26 21:27:47'),(1381,'Hassani','Gravett','hassani gravett',NULL,'','6\' 2\"','Point Guard',NULL,'187 lbs',25,'#12',0,0,0,0,0,0,0,0,0,0,0,0,0,0,0,0,0,0,0,0,0,0,0,'https://a.espncdn.com/combiner/i?img=/i/headshots/nba/players/full/4066221.png','2022-11-26 21:27:47'),(1382,'Damian','Lillard','damian lillard',27,'Portland Trail Blazers','6\' 2\"','Point Guard','G','195 lbs',32,'#0',46,36.2,33.1,11.6,419,0.916,418,0.584,513,0.372,0.57,0.648,31.4,4.3,6.9,7.3,34.3,0.83,0.3,3.2,11,127.9,115.7,'https://a.espncdn.com/combiner/i?img=/i/headshots/nba/players/full/6606.png','2023-02-15 08:00:05'),(1383,'Keldon','Johnson','keldon johnson',29,'San Antonio Spurs','6\' 5\"','Small Forward','F-G','220 lbs',23,'#3',52,32.6,27.8,9.5,279,0.778,563,0.515,344,0.328,0.507,0.552,21.8,4.7,8,2.7,12.7,0.71,0.17,2.08,8,109,118.7,'https://a.espncdn.com/combiner/i?img=/i/headshots/nba/players/full/4395723.png','2023-02-16 09:00:05'),(1384,'OG','Anunoby','og anunoby',NULL,'','6\' 7\"','Small Forward',NULL,'232 lbs',25,'#3',0,0,0,0,0,0,0,0,0,0,0,0,0,0,0,0,0,0,0,0,0,0,0,'https://a.espncdn.com/combiner/i?img=/i/headshots/nba/players/full/3934719.png','2022-11-26 21:27:47'),(1385,'DaQuan','Jeffries','daquan jeffries',NULL,'','6\' 5\"','Shooting Guard',NULL,'222 lbs',25,'#8',0,0,0,0,0,0,0,0,0,0,0,0,0,0,0,0,0,0,0,0,0,0,0,'https://a.espncdn.com/combiner/i?img=/i/headshots/nba/players/full/3913220.png','2022-11-26 21:27:47'),(1386,'Rayjon','Tucker','rayjon tucker',NULL,'','6\' 3\"','Guard',NULL,'209 lbs',24,'#59',0,0,0,0,0,0,0,0,0,0,0,0,0,0,0,0,0,0,0,0,0,0,0,'https://a.espncdn.com/combiner/i?img=/i/headshots/nba/players/full/3908819.png','2022-11-26 21:27:47'),(1387,'Sam','Dekker','sam dekker',NULL,'','6\' 8\"','Forward',NULL,'219 lbs',27,'#8',0,0,0,0,0,0,0,0,0,0,0,0,0,0,0,0,0,0,0,0,0,0,0,'https://a.espncdn.com/combiner/i?img=/i/headshots/nba/players/full/2991184.png','2022-11-26 21:27:47'),(1388,'Robert','Woodard II','robert woodard ii',NULL,'','6\' 7\"','Forward',NULL,'230 lbs',23,'#28',0,0,0,0,0,0,0,0,0,0,0,0,0,0,0,0,0,0,0,0,0,0,0,'https://a.espncdn.com/combiner/i?img=/i/headshots/nba/players/full/4396961.png','2022-11-26 21:27:47'),(1389,'Jared','Harper','jared harper',NULL,'','6\' 0\"','Guard',NULL,'175 lbs',25,'#2',0,0,0,0,0,0,0,0,0,0,0,0,0,0,0,0,0,0,0,0,0,0,0,'https://a.espncdn.com/combiner/i?img=/i/headshots/nba/players/full/4066248.png','2022-11-26 21:27:47'),(1390,'Patty','Mills','patty mills',3,'Brooklyn Nets','6\' 0\"','Point Guard','G','180 lbs',34,'#8',36,13.3,19.4,10.6,21,0.905,63,0.492,114,0.368,0.531,0.556,5.8,1,4.2,1.3,13.8,0.36,0.06,0.61,5.9,109.1,115.5,'https://a.espncdn.com/combiner/i?img=/i/headshots/nba/players/full/4004.png','2023-02-14 08:00:05'),(1391,'Donovan','Mitchell','donovan mitchell',6,'Cleveland Cavaliers','6\' 1\"','Shooting Guard','G','215 lbs',26,'#45',50,35.5,31.4,11,267,0.873,520,0.563,470,0.387,0.572,0.616,27.3,4.1,6.8,4.9,23.5,1.48,0.4,2.74,9.2,119.1,106.6,'https://a.espncdn.com/combiner/i?img=/i/headshots/nba/players/full/3908809.png','2023-02-16 09:00:06'),(1392,'Kevin','Knox II','kevin knox ii',7,'Detroit Pistons','6\' 7\"','Small Forward','F','215 lbs',23,'#20',2,7.2,11.8,0,2,1,1,1,2,0,0.333,0.515,2,1.5,12.2,0,0,0,0,0,0,137.4,100.8,'https://a.espncdn.com/combiner/i?img=/i/headshots/nba/players/full/4278075.png','2023-02-17 19:10:05'),(1393,'Nerlens','Noel','nerlens noel',7,'Detroit Pistons','6\' 11\"','Center','C-F','220 lbs',28,'#3',14,10.8,11.9,18.9,10,0.7,28,0.393,2,0.5,0.417,0.465,2.3,2.6,13.6,0.5,6.2,0.93,0.64,0.57,5.3,92.7,99.3,'https://a.espncdn.com/combiner/i?img=/i/headshots/nba/players/full/2991280.png','2023-02-16 09:00:06'),(1394,'Terrence','Ross','terrence ross',12,'Orlando Magic','6\' 6\"','Shooting Guard','G-F','206 lbs',31,'#31',42,22.5,15.8,10.7,20,0.75,139,0.489,160,0.381,0.533,0.543,8,2,5.1,1.3,8.2,0.6,0.19,0.88,4.9,104.4,113.3,'https://a.espncdn.com/combiner/i?img=/i/headshots/nba/players/full/6619.png','2023-02-15 08:00:06'),(1395,'Admiral','Schofield','admiral schofield',12,'Orlando Magic','6\' 5\"','Small Forward','F','241 lbs',25,'#25',27,13,13.1,5.6,19,0.895,38,0.684,54,0.333,0.576,0.613,4.6,1.9,8.5,0.9,9.3,0.22,0.11,0.22,6.1,132.2,103.4,'https://a.espncdn.com/combiner/i?img=/i/headshots/nba/players/full/3918423.png','2023-02-15 08:00:06'),(1396,NULL,NULL,'null null',NULL,'',NULL,NULL,NULL,'',0,NULL,0,0,0,0,0,0,0,0,0,0,0,0,0,0,0,0,0,0,0,0,0,0,0,NULL,'2022-11-26 21:27:47'),(1397,'Donta','Hall','donta hall',NULL,'','6\' 10\"','Forward',NULL,'230 lbs',23,'#45',0,0,0,0,0,0,0,0,0,0,0,0,0,0,0,0,0,0,0,0,0,0,0,'https://a.espncdn.com/combiner/i?img=/i/headshots/nba/players/full/3907408.png','2022-11-26 21:27:47'),(1398,'Shaedon','Sharpe','shaedon sharpe',27,'Portland Trail Blazers','6\' 6\"','Shooting Guard','G','200 lbs',19,'#17',57,20.3,16.5,8.5,48,0.667,218,0.569,160,0.356,0.554,0.565,7.9,2.5,7.3,0.6,4.6,0.37,0.25,0.65,4.5,111.7,113.6,'https://a.espncdn.com/combiner/i?img=/i/headshots/nba/players/full/4914336.png','2023-02-15 08:00:06'),(1399,'Anfernee','Simons','anfernee simons',27,'Portland Trail Blazers','6\' 3\"','Shooting Guard','G','181 lbs',23,'#1',56,35.5,25,10.6,160,0.913,434,0.532,515,0.381,0.553,0.587,21.4,2.7,4.4,4.2,18.7,0.71,0.23,2.16,7,114.8,115.3,'https://a.espncdn.com/combiner/i?img=/i/headshots/nba/players/full/4351851.png','2023-02-15 08:00:06'),(1400,'Jabari','Walker','jabari walker',27,'Portland Trail Blazers','6\' 8\"','Forward','F','200 lbs',20,'#34',38,8.8,15.1,12.1,29,0.724,66,0.53,23,0.217,0.478,0.521,2.8,2.1,13.9,0.5,8.2,0.11,0.16,0.37,6.5,114.5,108.6,'https://a.espncdn.com/combiner/i?img=/i/headshots/nba/players/full/4432446.png','2023-02-15 08:00:07'),(1401,NULL,NULL,'null null',NULL,'',NULL,NULL,NULL,'',0,NULL,0,0,0,0,0,0,0,0,0,0,0,0,0,0,0,0,0,0,0,0,0,0,0,NULL,'2022-11-26 21:27:47'),(1402,'Trendon','Watford','trendon watford',27,'Portland Trail Blazers','6\' 8\"','Power Forward','F','237 lbs',22,'#2',42,16.2,14,18.4,61,0.738,118,0.585,33,0.485,0.616,0.649,5.5,3.3,11.9,1.6,14,0.36,0.14,0.95,7.6,121.4,107.2,'https://a.espncdn.com/combiner/i?img=/i/headshots/nba/players/full/4431675.png','2023-02-15 08:00:07'),(1403,'Shaquille','Harrison','shaquille harrison',NULL,'','6\' 4\"','Guard',NULL,'195 lbs',29,'#3',0,0,0,0,0,0,0,0,0,0,0,0,0,0,0,0,0,0,0,0,0,0,0,'https://a.espncdn.com/combiner/i?img=/i/headshots/nba/players/full/2991274.png','2022-11-26 21:27:47'),(1404,'Trent','Forrest','trent forrest',1,'Atlanta Hawks','6\' 4\"','Guard','G','210 lbs',24,'#2',18,13.3,10.8,16.3,3,0.667,48,0.5,2,0,0.48,0.487,2.8,1.6,6.5,1.7,16,0.33,0.11,0.56,5.9,104.6,113,'https://a.espncdn.com/combiner/i?img=/i/headshots/nba/players/full/4065656.png','2023-02-16 09:00:05'),(1405,'Nate','Hinton','nate hinton',NULL,'','6\' 5\"','Guard',NULL,'210 lbs',23,'#14',0,0,0,0,0,0,0,0,0,0,0,0,0,0,0,0,0,0,0,0,0,0,0,'https://a.espncdn.com/combiner/i?img=/i/headshots/nba/players/full/4396629.png','2022-11-26 21:27:47'),(1406,'Malcolm','Brogdon','malcolm brogdon',2,'Boston Celtics','6\' 4\"','Point Guard','G','229 lbs',29,'#13',50,25.3,23.3,12.2,140,0.886,307,0.502,222,0.455,0.578,0.622,14.7,4.2,9,3.7,22.4,0.6,0.28,1.64,9.7,121.6,108.4,'https://a.espncdn.com/combiner/i?img=/i/headshots/nba/players/full/2566769.png','2023-02-16 09:00:04'),(1407,'Markus','Howard','markus howard',NULL,'','5\' 10\"','Point Guard',NULL,'175 lbs',23,'#00',0,0,0,0,0,0,0,0,0,0,0,0,0,0,0,0,0,0,0,0,0,0,0,NULL,'2022-11-26 21:27:47'),(1408,'Coby','White','coby white',5,'Chicago Bulls','6\' 4\"','Point Guard','G','195 lbs',22,'#0',51,22.3,17.4,9.1,53,0.83,151,0.517,235,0.353,0.525,0.548,8.8,2.7,6.8,2,12.2,0.75,0.1,0.8,6.5,108.9,108.8,'https://a.espncdn.com/combiner/i?img=/i/headshots/nba/players/full/4395651.png','2023-02-17 08:20:06'),(1409,'Patrick','Williams','patrick williams',5,'Chicago Bulls','6\' 7\"','Power Forward','F','215 lbs',21,'#44',59,29.1,15.4,12.9,72,0.889,288,0.5,206,0.398,0.54,0.569,10.1,4.4,8.4,1.3,6.2,0.83,0.78,1.32,5.3,107.3,109.8,'https://a.espncdn.com/combiner/i?img=/i/headshots/nba/players/full/4431687.png','2023-02-17 08:20:06'),(1410,'Tim','Hardaway Jr.','tim hardaway jr.',16,'Dallas Mavericks','6\' 5\"','Small Forward','G-F','205 lbs',30,'#11',54,30.2,21.2,6.2,125,0.752,236,0.419,425,0.353,0.49,0.518,13.7,3.7,7.2,1.8,8.9,0.76,0.13,0.87,6,104.7,114,'https://a.espncdn.com/combiner/i?img=/i/headshots/nba/players/full/2528210.png','2023-02-16 09:00:05'),(1411,'Michael','Porter Jr.','michael porter jr.',17,'Denver Nuggets','6\' 10\"','Small Forward','F','218 lbs',24,'#1',42,29.4,22.1,7.5,81,0.79,243,0.564,303,0.406,0.589,0.608,16.8,5.4,10.6,1,5,0.69,0.5,1.12,6.1,115.8,109.4,'https://a.espncdn.com/combiner/i?img=/i/headshots/nba/players/full/4278104.png','2023-02-16 09:00:06'),(1412,'Tristan','Thompson','tristan thompson',NULL,'','6\' 9\"','Center',NULL,'254 lbs',31,'#3',0,0,0,0,0,0,0,0,0,0,0,0,0,0,0,0,0,0,0,0,0,0,0,'https://a.espncdn.com/combiner/i?img=/i/headshots/nba/players/full/6474.png','2022-11-26 21:27:47'),(1413,'Hamidou','Diallo','hamidou diallo',7,'Detroit Pistons','6\' 5\"','Shooting Guard','G','202 lbs',24,'#6',50,16.8,21,14.2,128,0.586,283,0.608,18,0.278,0.596,0.607,8.7,3.3,11,0.9,9.1,0.9,0.28,1.18,7,111.6,106.8,'https://a.espncdn.com/combiner/i?img=/i/headshots/nba/players/full/4080610.png','2023-02-16 09:00:05'),(1414,'Jahmi\'us','Ramsey','jahmi\'us ramsey',NULL,'','6\' 3\"','Shooting Guard',NULL,'190 lbs',20,'#20',0,0,0,0,0,0,0,0,0,0,0,0,0,0,0,0,0,0,0,0,0,0,0,'https://a.espncdn.com/combiner/i?img=/i/headshots/nba/players/full/4431688.png','2022-11-26 21:27:47'),(1415,NULL,NULL,'null null',NULL,'',NULL,NULL,NULL,'',0,NULL,0,0,0,0,0,0,0,0,0,0,0,0,0,0,0,0,0,0,0,0,0,0,0,NULL,'2022-11-26 21:27:47'),(1416,'Dillon','Brooks','dillon brooks',22,'Memphis Grizzlies','6\' 7\"','Small Forward','G-F','225 lbs',26,'#24',52,30.5,22.6,9.1,118,0.788,441,0.444,301,0.312,0.454,0.483,14.8,3.3,5.6,2.6,11.8,0.85,0.19,1.52,6.6,101,104.4,'https://a.espncdn.com/combiner/i?img=/i/headshots/nba/players/full/3155526.png','2023-02-16 09:00:04'),(1417,'Dewayne','Dedmon','dewayne dedmon',9,'Miami Heat','7\' 0\"','Center','C','245 lbs',33,'#21',30,11.7,21.1,11.4,44,0.727,92,0.576,37,0.297,0.539,0.576,5.7,3.6,18,0.5,7.3,0.23,0.47,0.63,7.4,113.3,93.1,'https://a.espncdn.com/combiner/i?img=/i/headshots/nba/players/full/2580913.png','2023-02-16 09:00:04'),(1418,'Harrison','Barnes','harrison barnes',28,'Sacramento Kings','6\' 8\"','Small Forward','F','225 lbs',30,'#40',57,32.6,17.1,8.8,280,0.832,298,0.554,254,0.374,0.557,0.628,14.9,4.6,8.1,1.6,6.4,0.75,0.12,1.14,5.9,124.3,115.2,'https://a.espncdn.com/combiner/i?img=/i/headshots/nba/players/full/6578.png','2023-02-15 08:00:04'),(1419,'Terence','Davis','terence davis',28,'Sacramento Kings','6\' 4\"','Shooting Guard','G','201 lbs',25,'#3',44,13.8,21.8,12.3,30,0.9,91,0.582,166,0.361,0.556,0.579,7.1,2.4,10.1,1.3,13,0.8,0.25,0.86,8.1,109.8,102.4,'https://a.espncdn.com/combiner/i?img=/i/headshots/nba/players/full/3919454.png','2023-02-15 08:00:04'),(1420,'Matthew','Dellavedova','matthew dellavedova',28,'Sacramento Kings','6\' 3\"','Point Guard','G','200 lbs',32,'#8',24,6.1,12.4,19,5,0.6,17,0.353,15,0.4,0.469,0.482,1.4,0.3,3.2,1.4,27.9,0.25,0,0.33,5.5,110.9,109.7,'https://a.espncdn.com/combiner/i?img=/i/headshots/nba/players/full/2489716.png','2023-02-15 08:00:05'),(1421,'D.J.','Wilson','d.j. wilson',NULL,'','6\' 10\"','Forward',NULL,'231 lbs',26,'#9',0,0,0,0,0,0,0,0,0,0,0,0,0,0,0,0,0,0,0,0,0,0,0,'https://a.espncdn.com/combiner/i?img=/i/headshots/nba/players/full/3136491.png','2022-11-26 21:27:47'),(1422,'Langston','Galloway','langston galloway',NULL,'','6\' 1\"','Shooting Guard',NULL,'200 lbs',30,'#11',0,0,0,0,0,0,0,0,0,0,0,0,0,0,0,0,0,0,0,0,0,0,0,'https://a.espncdn.com/combiner/i?img=/i/headshots/nba/players/full/2530572.png','2022-11-26 21:27:47'),(1423,'Rodney','Hood','rodney hood',NULL,'','6\' 8\"','Shooting Guard',NULL,'208 lbs',29,'#22',0,0,0,0,0,0,0,0,0,0,0,0,0,0,0,0,0,0,0,0,0,0,0,'https://a.espncdn.com/combiner/i?img=/i/headshots/nba/players/full/2581177.png','2022-11-26 21:27:47'),(1424,'Edmond','Sumner','edmond sumner',3,'Brooklyn Nets','6\' 4\"','Point Guard','G','196 lbs',26,'#4',46,14.6,22.1,13.3,95,0.926,165,0.515,81,0.346,0.516,0.594,7.4,1.6,6.1,1.4,13.9,0.65,0.2,0.96,7,112.9,106.9,'https://a.espncdn.com/combiner/i?img=/i/headshots/nba/players/full/3136485.png','2023-02-16 09:00:06'),(1425,'Davis','Bertans','davis bertans',16,'Dallas Mavericks','6\' 10\"','Small Forward','F','225 lbs',30,'#44',34,10.6,15.8,7.2,12,0.833,14,0.714,97,0.381,0.59,0.606,4.1,0.9,5.2,0.4,4.9,0.21,0.09,0.26,4.3,115.9,109.2,'https://a.espncdn.com/combiner/i?img=/i/headshots/nba/players/full/6426.png','2023-02-16 09:00:04'),(1426,'Myles','Turner','myles turner',8,'Indiana Pacers','6\' 11\"','Center','C-F','250 lbs',26,'#33',50,29.8,21.5,10.6,223,0.785,378,0.619,205,0.38,0.602,0.644,17.5,8,14.7,1.3,6.9,0.6,2.34,1.62,7.6,121.1,106.6,'https://a.espncdn.com/combiner/i?img=/i/headshots/nba/players/full/3133628.png','2023-02-16 09:00:06'),(1427,'Thomas','Bryant','thomas bryant',21,'Los Angeles Lakers','6\' 10\"','Center','C-F','248 lbs',25,'#31',3,10,20.5,7,5,0.8,10,0.7,1,0,0.636,0.682,6,2.3,13.6,0,0,0,0,0.33,0,134.6,105.2,'https://a.espncdn.com/combiner/i?img=/i/headshots/nba/players/full/3934723.png','2023-02-17 19:10:04'),(1428,'Brandon','Clarke','brandon clarke',22,'Memphis Grizzlies','6\' 8\"','Power Forward','F','215 lbs',26,'#15',51,20,17.7,12,133,0.722,324,0.673,6,0.167,0.665,0.689,10.5,5.6,14.7,1.3,9.2,0.65,0.71,1.04,8.5,131.1,99.8,'https://a.espncdn.com/combiner/i?img=/i/headshots/nba/players/full/3906665.png','2023-02-16 09:00:04'),(1429,'JaKarr','Sampson','jakarr sampson',NULL,'','6\' 7\"','Small Forward',NULL,'214 lbs',28,'#14',0,0,0,0,0,0,0,0,0,0,0,0,0,0,0,0,0,0,0,0,0,0,0,'https://a.espncdn.com/combiner/i?img=/i/headshots/nba/players/full/2608891.png','2022-11-26 21:27:47'),(1430,'Daniel','Oturu','daniel oturu',NULL,'','6\' 8\"','Center',NULL,'240 lbs',22,'#10',0,0,0,0,0,0,0,0,0,0,0,0,0,0,0,0,0,0,0,0,0,0,0,'https://a.espncdn.com/combiner/i?img=/i/headshots/nba/players/full/4397215.png','2022-11-26 21:27:47'),(1431,'Jaren','Jackson Jr.','jaren jackson jr.',22,'Memphis Grizzlies','6\' 11\"','Power Forward','F-C','242 lbs',23,'#13',40,27.2,23.3,10.2,169,0.775,308,0.584,174,0.356,0.566,0.608,16.9,6.7,12.9,0.9,4.7,1.1,3.28,1.58,6.9,117.8,99.2,'https://a.espncdn.com/combiner/i?img=/i/headshots/nba/players/full/4277961.png','2023-02-16 09:00:05'),(1432,'Tyus','Jones','tyus jones',22,'Memphis Grizzlies','6\' 0\"','Point Guard','G','196 lbs',26,'#21',57,23.1,17.8,9.3,72,0.806,269,0.48,218,0.372,0.514,0.539,9.8,2.2,5.1,4.5,26.4,1.04,0.07,0.93,8,120,113.6,'https://a.espncdn.com/combiner/i?img=/i/headshots/nba/players/full/3135046.png','2023-02-16 09:00:05'),(1433,'Ja','Morant','ja morant',22,'Memphis Grizzlies','6\' 3\"','Point Guard','G','174 lbs',23,'#12',48,32.7,35.1,12.4,406,0.736,746,0.516,253,0.32,0.507,0.557,27.3,6,9.6,8.3,41.9,1.04,0.27,3.48,13.6,115.1,108.5,'https://a.espncdn.com/combiner/i?img=/i/headshots/nba/players/full/4279888.png','2023-02-16 09:00:06'),(1434,'Marques','Bolden','marques bolden',NULL,'','6\' 10\"','Center',NULL,'249 lbs',24,'#24',0,0,0,0,0,0,0,0,0,0,0,0,0,0,0,0,0,0,0,0,0,0,0,'https://a.espncdn.com/combiner/i?img=/i/headshots/nba/players/full/4065652.png','2022-11-26 21:27:47'),(1435,'Jimmy','Butler','jimmy butler',9,'Miami Heat','6\' 7\"','Small Forward','F','230 lbs',33,'#22',44,33.7,25.4,8.7,350,0.851,549,0.536,76,0.303,0.526,0.613,21.7,6,10.2,5.1,25.3,2,0.36,1.68,10.4,129.2,109.1,'https://a.espncdn.com/combiner/i?img=/i/headshots/nba/players/full/6430.png','2023-02-16 09:00:04'),(1436,'De\'Aaron','Fox','de\'aaron fox',28,'Sacramento Kings','6\' 3\"','Point Guard','G','185 lbs',24,'#5',52,34,29.7,11.3,315,0.797,701,0.571,245,0.327,0.55,0.595,24.8,4.3,7.3,6.2,29.2,1.06,0.35,2.65,10.2,117.8,111.2,'https://a.espncdn.com/combiner/i?img=/i/headshots/nba/players/full/4066259.png','2023-02-15 08:00:05'),(1437,'Richaun','Holmes','richaun holmes',28,'Sacramento Kings','6\' 10\"','Center','F','235 lbs',29,'#22',33,9.1,12.5,13.7,15,0.8,65,0.677,4,0.75,0.703,0.721,3.3,2.2,13.6,0.2,2.2,0.09,0.33,0.36,5,133.2,103.2,'https://a.espncdn.com/combiner/i?img=/i/headshots/nba/players/full/2993370.png','2023-02-15 08:00:05'),(1438,'Anderson','Varejao','anderson varejao',NULL,'','6\' 11\"','Center',NULL,'260 lbs',38,'#17',0,0,0,0,0,0,0,0,0,0,0,0,0,0,0,0,0,0,0,0,0,0,0,'https://a.espncdn.com/combiner/i?img=/i/headshots/nba/players/full/2419.png','2022-11-26 21:27:47'),(1439,'Brodric','Thomas','brodric thomas',NULL,'','6\' 5\"','Guard',NULL,'185 lbs',25,'#97',0,0,0,0,0,0,0,0,0,0,0,0,0,0,0,0,0,0,0,0,0,0,0,'https://a.espncdn.com/combiner/i?img=/i/headshots/nba/players/full/4407254.png','2022-11-26 21:27:47'),(1440,'Lamar','Stevens','lamar stevens',6,'Cleveland Cavaliers','6\' 6\"','Forward','F','230 lbs',25,'#8',42,17.6,13.7,8.9,36,0.694,127,0.535,63,0.302,0.508,0.53,5.2,3,10,0.5,3.9,0.33,0.33,0.48,4.5,106.8,106,'https://a.espncdn.com/combiner/i?img=/i/headshots/nba/players/full/4066405.png','2023-02-16 09:00:06'),(1441,'Dean','Wade','dean wade',6,'Cleveland Cavaliers','6\' 9\"','Power Forward','F-C','228 lbs',26,'#32',31,21.7,10.4,8.4,23,0.652,39,0.59,93,0.387,0.583,0.595,5.5,3.7,10.2,0.9,5.5,0.68,0.48,0.42,4.9,120,101.1,'https://a.espncdn.com/combiner/i?img=/i/headshots/nba/players/full/3912848.png','2023-02-16 09:00:06'),(1442,'Dylan','Windler','dylan windler',6,'Cleveland Cavaliers','6\' 7\"','Shooting Guard',NULL,'196 lbs',26,'#9',0,0,0,0,0,0,0,0,0,0,0,0,0,0,0,0,0,0,0,0,0,0,0,'https://a.espncdn.com/combiner/i?img=/i/headshots/nba/players/full/3906786.png','2022-11-26 21:27:47'),(1443,'Spencer','Dinwiddie','spencer dinwiddie',3,'Dallas Mavericks','6\' 6\"','Point Guard','G','215 lbs',29,'#26',4,34.6,22.5,10.1,24,0.875,27,0.481,25,0.32,0.481,0.567,17.8,4.5,7.4,5.3,20.9,1.5,0,1.75,8.7,117.1,110.6,'https://a.espncdn.com/combiner/i?img=/i/headshots/nba/players/full/2580782.png','2023-02-17 19:10:04'),(1444,'Stanley','Johnson','stanley johnson',NULL,'','6\' 6\"','Power Forward','F-G','242 lbs',26,'#3',30,15.6,15.3,19.1,39,0.667,83,0.578,40,0.45,0.61,0.628,5.9,3.2,11.2,2.2,19,0.53,0.2,1.1,8.9,117.5,112.2,'https://a.espncdn.com/combiner/i?img=/i/headshots/nba/players/full/3134881.png','2023-02-16 09:00:05'),(1445,'Luka','Doncic','luka doncic',16,'Dallas Mavericks','6\' 7\"','Point Guard','F-G','230 lbs',23,'#77',50,36.5,38.3,11.9,555,0.73,720,0.59,392,0.349,0.567,0.614,33.3,8.8,14.3,8.1,44.5,1.52,0.48,3.66,14.6,121.1,107.6,'https://a.espncdn.com/combiner/i?img=/i/headshots/nba/players/full/3945274.png','2023-02-16 09:00:05'),(1446,'Dorian','Finney-Smith','dorian finney-smith',3,'Dallas Mavericks','6\' 7\"','Power Forward','F','220 lbs',29,'#10',4,29.7,12.5,12,5,0.6,12,0.417,15,0.267,0.407,0.428,6.3,6.5,12.5,1,4.2,0,0,1,4.6,96.6,109.9,'https://a.espncdn.com/combiner/i?img=/i/headshots/nba/players/full/2578185.png','2023-02-17 19:10:04'),(1447,'JJ','Redick','jj redick',NULL,'','6\' 3\"','Shooting Guard',NULL,'200 lbs',37,'#17',0,0,0,0,0,0,0,0,0,0,0,0,0,0,0,0,0,0,0,0,0,0,0,'https://a.espncdn.com/combiner/i?img=/i/headshots/nba/players/full/3024.png','2022-11-26 21:27:47'),(1448,'Tyler','Bey','tyler bey',NULL,'','6\' 7\"','Small Forward',NULL,'215 lbs',23,'#30',0,0,0,0,0,0,0,0,0,0,0,0,0,0,0,0,0,0,0,0,0,0,0,'https://a.espncdn.com/combiner/i?img=/i/headshots/nba/players/full/4278502.png','2022-11-26 21:27:47'),(1449,'Josh','Green','josh green',16,'Dallas Mavericks','6\' 5\"','Shooting Guard','G','200 lbs',22,'#8',40,24.9,14.6,12.8,82,0.72,130,0.662,112,0.411,0.64,0.663,9.2,2.7,6.4,1.6,9.5,0.88,0.08,1.03,5.5,125.6,108.5,'https://a.espncdn.com/combiner/i?img=/i/headshots/nba/players/full/4432811.png','2023-02-16 09:00:05'),(1450,'Dwight','Powell','dwight powell',16,'Dallas Mavericks','6\' 10\"','Center','F-C','240 lbs',31,'#7',55,19.7,12.6,16.6,130,0.708,191,0.738,3,0,0.727,0.744,6.8,4.3,12.7,0.8,6,0.64,0.42,0.91,5.8,142,102.9,'https://a.espncdn.com/combiner/i?img=/i/headshots/nba/players/full/2531367.png','2023-02-16 09:00:06'),(1451,NULL,NULL,'null null',NULL,'',NULL,NULL,NULL,'',0,NULL,0,0,0,0,0,0,0,0,0,0,0,0,0,0,0,0,0,0,0,0,0,0,0,NULL,'2022-11-26 21:27:47'),(1452,'Trey','Burke','trey burke',NULL,'','6\' 0\"','Point Guard',NULL,'185 lbs',29,'#9',0,0,0,0,0,0,0,0,0,0,0,0,0,0,0,0,0,0,0,0,0,0,0,'https://a.espncdn.com/combiner/i?img=/i/headshots/nba/players/full/2579260.png','2022-11-26 21:27:47'),(1453,'Jalen','Brunson','jalen brunson',11,'New York Knicks','6\' 1\"','Point Guard','G','190 lbs',26,'#11',56,35.1,27.2,9.1,328,0.838,731,0.512,258,0.411,0.539,0.592,23.9,3.6,5.6,6.2,29.2,0.91,0.27,2.04,9.2,124.3,111.9,'https://a.espncdn.com/combiner/i?img=/i/headshots/nba/players/full/3934672.png','2023-02-16 09:00:04'),(1454,'Saben','Lee','saben lee',13,'Philadelphia 76ers','6\' 2\"','Guard','G','183 lbs',23,'#9',18,15.8,18,16.7,45,0.756,62,0.435,18,0.389,0.469,0.546,6.1,2,7.1,2.9,24.7,0.78,0.06,1.11,8.3,113.9,107.3,'https://a.espncdn.com/combiner/i?img=/i/headshots/nba/players/full/4278124.png','2023-02-17 19:10:05'),(1455,'Tyler','Cook','tyler cook',NULL,'','6\' 8\"','Forward',NULL,'255 lbs',25,'#25',0,0,0,0,0,0,0,0,0,0,0,0,0,0,0,0,0,0,0,0,0,0,0,'https://a.espncdn.com/combiner/i?img=/i/headshots/nba/players/full/4066367.png','2022-11-26 21:27:47'),(1456,'Facundo','Campazzo','facundo campazzo',16,'Dallas Mavericks','5\' 10\"','Guard','G','195 lbs',31,'#2',8,6.5,14.7,17.8,2,0.5,2,0,11,0.273,0.346,0.36,1.3,0.3,2.3,1.1,22.9,0.75,0,0.38,4.6,86.6,109.9,'https://a.espncdn.com/combiner/i?img=/i/headshots/nba/players/full/2968334.png','2023-02-16 09:00:04'),(1457,'Vlatko','Cancar','vlatko cancar',17,'Denver Nuggets','6\' 8\"','Small Forward','F','236 lbs',25,'#31',44,16,14,13.2,28,0.929,95,0.579,90,0.422,0.605,0.633,5.7,2.4,8.7,1.5,12.1,0.39,0.25,0.68,6.8,122.5,107.4,'https://a.espncdn.com/combiner/i?img=/i/headshots/nba/players/full/4230557.png','2023-02-16 09:00:04'),(1458,'Aaron','Gordon','aaron gordon',17,'Denver Nuggets','6\' 8\"','Power Forward','F','235 lbs',27,'#50',49,30.3,21.5,10.7,242,0.624,424,0.644,126,0.397,0.633,0.645,17.3,6.9,13.2,2.9,13.5,0.82,0.8,1.61,9.3,127.1,111,'https://a.espncdn.com/combiner/i?img=/i/headshots/nba/players/full/3064290.png','2023-02-16 09:00:05'),(1459,'Saddiq','Bey','saddiq bey',7,'Detroit Pistons','6\' 8\"','Small Forward','F','215 lbs',23,'#41',2,19.7,16.6,13,1,1,7,0.286,6,0.5,0.5,0.521,7,5,13.7,0.5,3.2,0,0.5,1,5.3,103.6,116.7,'https://a.espncdn.com/combiner/i?img=/i/headshots/nba/players/full/4397136.png','2023-02-17 19:10:04'),(1460,'Rodney','McGruder','rodney mcgruder',7,'Detroit Pistons','6\' 4\"','Guard','G','205 lbs',31,'#17',21,10.4,13.4,10.2,11,0.727,16,0.375,41,0.39,0.526,0.55,3.2,1.3,7.2,0.7,8.9,0.24,0,0.33,5.5,115.4,116.7,'https://a.espncdn.com/combiner/i?img=/i/headshots/nba/players/full/2488826.png','2023-02-16 09:00:06'),(1461,'JaMychal','Green','jamychal green',18,'Golden State Warriors','6\' 8\"','Forward','F-C','227 lbs',32,'#1',38,14.7,17.9,17.7,45,0.756,103,0.67,73,0.356,0.614,0.638,6.6,3.9,14.7,0.9,8.9,0.47,0.34,1.11,7.8,116.6,103,'https://a.espncdn.com/combiner/i?img=/i/headshots/nba/players/full/2327577.png','2023-02-15 08:00:05'),(1462,'Tyrell','Terry','tyrell terry',NULL,'','6\' 2\"','Point Guard',NULL,'160 lbs',21,'#3',0,0,0,0,0,0,0,0,0,0,0,0,0,0,0,0,0,0,0,0,0,0,0,'https://a.espncdn.com/combiner/i?img=/i/headshots/nba/players/full/4431747.png','2022-11-26 21:27:47'),(1463,'Jared','Butler','jared butler',NULL,'','6\' 3\"','Shooting Guard',NULL,'193 lbs',22,'#13',0,0,0,0,0,0,0,0,0,0,0,0,0,0,0,0,0,0,0,0,0,0,0,'https://a.espncdn.com/combiner/i?img=/i/headshots/nba/players/full/4395695.png','2022-11-26 21:27:47'),(1464,'Austin','Rivers','austin rivers',23,'Minnesota Timberwolves','6\' 4\"','Shooting Guard','G','200 lbs',30,'#25',46,20.8,10.3,9.5,35,0.857,79,0.595,114,0.36,0.562,0.593,5.4,1.7,4.6,1.5,9.2,0.61,0.07,0.48,4.6,118.6,111.6,'https://a.espncdn.com/combiner/i?img=/i/headshots/nba/players/full/6617.png','2023-02-17 08:20:05'),(1465,'Willy','Hernangomez','willy hernangomez',24,'New Orleans Pelicans','6\' 11\"','Center','C-F','250 lbs',28,'#9',28,13.3,23.8,14.9,85,0.788,131,0.565,9,0.111,0.539,0.614,7.8,5.2,22.1,1,10.8,0.32,0.43,1.11,10.3,120.7,98.8,'https://a.espncdn.com/combiner/i?img=/i/headshots/nba/players/full/2999409.png','2023-02-16 09:00:05'),(1466,'Chimezie','Metu','chimezie metu',28,'Sacramento Kings','6\' 9\"','Power Forward','F-C','225 lbs',25,'#7',44,10.8,17.4,13.5,37,0.811,119,0.697,31,0.258,0.633,0.662,5,3,16,0.7,9.3,0.27,0.32,0.59,8.1,124.8,104.1,'https://a.espncdn.com/combiner/i?img=/i/headshots/nba/players/full/3914283.png','2023-02-15 08:00:06'),(1467,'Davion','Mitchell','davion mitchell',28,'Sacramento Kings','6\' 0\"','Point Guard','G','202 lbs',24,'#15',56,17.8,14.5,13.6,25,0.8,149,0.557,132,0.318,0.52,0.534,5.6,1.3,4.3,2.1,15.4,0.5,0.2,0.82,5.6,107.6,112,'https://a.espncdn.com/combiner/i?img=/i/headshots/nba/players/full/4278053.png','2023-02-15 08:00:06'),(1468,'PJ','Dozier','pj dozier',NULL,'','6\' 6\"','Shooting Guard','G-F','205 lbs',24,'#35',4,2.6,12.5,0,0,0,1,1,2,0.5,0.833,0.833,1.3,0.5,11.2,0,0,0.75,0,0,0,0,0,'https://a.espncdn.com/combiner/i?img=/i/headshots/nba/players/full/3923250.png','2023-02-09 08:50:04'),(1469,'Chima','Moneke','chima moneke',28,'Sacramento Kings','6\' 6\"','Forward','F','223 lbs',26,'#19',2,4,26.5,41,2,0,2,0.5,0,0,0.5,0.347,1,1,14.6,0.5,16.5,0,0,1,7.9,73.2,96.8,'https://a.espncdn.com/combiner/i?img=/i/headshots/nba/players/full/3919347.png','2023-02-15 08:00:06'),(1470,'Malik','Monk','malik monk',28,'Sacramento Kings','6\' 3\"','Shooting Guard','G','200 lbs',24,'#0',54,22.6,26.2,14.4,138,0.913,301,0.548,274,0.328,0.522,0.571,13.4,2.6,6.6,3.9,25,0.67,0.24,1.98,9.1,111.2,112,'https://a.espncdn.com/combiner/i?img=/i/headshots/nba/players/full/4066262.png','2023-02-15 08:00:06'),(1471,'Dwayne','Bacon','dwayne bacon',NULL,'','6\' 6\"','Shooting Guard',NULL,'221 lbs',27,'#2',0,0,0,0,0,0,0,0,0,0,0,0,0,0,0,0,0,0,0,0,0,0,0,'https://a.espncdn.com/combiner/i?img=/i/headshots/nba/players/full/3907821.png','2022-11-26 21:27:47'),(1472,'Jordan','Bell','jordan bell',NULL,'','6\' 7\"','Forward',NULL,'216 lbs',27,'#20',0,0,0,0,0,0,0,0,0,0,0,0,0,0,0,0,0,0,0,0,0,0,0,'https://a.espncdn.com/combiner/i?img=/i/headshots/nba/players/full/3064427.png','2022-11-26 21:27:47'),(1473,'Jahlil','Okafor','jahlil okafor',NULL,'','6\' 10\"','Center',NULL,'270 lbs',25,'#14',0,0,0,0,0,0,0,0,0,0,0,0,0,0,0,0,0,0,0,0,0,0,0,'https://a.espncdn.com/combiner/i?img=/i/headshots/nba/players/full/3135048.png','2022-11-26 21:27:47'),(1474,'Mason','Plumlee','mason plumlee',4,'Charlotte Hornets','6\' 11\"','Center','F-C','254 lbs',32,'#24',2,17.5,9.6,13.1,6,1,4,1,0,0,1,1.054,7,5.5,17.5,3,23.9,1,0.5,0.5,11.1,198.4,96,'https://a.espncdn.com/combiner/i?img=/i/headshots/nba/players/full/2488653.png','2023-02-17 19:10:06'),(1475,'Alec','Burks','alec burks',7,'Detroit Pistons','6\' 6\"','Shooting Guard','G','214 lbs',31,'#5',46,22.1,22.7,9.8,169,0.817,206,0.456,210,0.424,0.547,0.605,12.9,2.9,7.4,2.2,15.4,0.72,0.13,1.15,7.9,119.7,113.1,'https://a.espncdn.com/combiner/i?img=/i/headshots/nba/players/full/6429.png','2023-02-16 09:00:04'),(1476,'Isaiah','Stewart','isaiah stewart',7,'Detroit Pistons','6\' 9\"','Center','F-C','250 lbs',21,'#28',48,28.5,17.4,11.9,145,0.731,232,0.547,198,0.323,0.519,0.559,11.5,8,15.7,1.4,7.1,0.42,0.67,1.4,7.1,113.3,111,'https://a.espncdn.com/combiner/i?img=/i/headshots/nba/players/full/4432810.png','2023-02-16 09:00:06'),(1477,'Stephen','Curry','stephen curry',18,'Golden State Warriors','6\' 2\"','Point Guard','G','185 lbs',34,'#30',38,34.6,30.8,12.7,206,0.922,318,0.588,433,0.427,0.619,0.665,29.4,6.3,10.1,6.4,30.5,0.97,0.39,3.21,12.2,124.2,111.9,'https://a.espncdn.com/combiner/i?img=/i/headshots/nba/players/full/3975.png','2023-02-15 08:00:04'),(1478,'Draymond','Green','draymond green',18,'Golden State Warriors','6\' 6\"','Power Forward','F','230 lbs',32,'#23',52,31.7,12.5,27.3,80,0.7,225,0.604,96,0.333,0.573,0.595,8.2,7.3,12.7,6.9,27.5,0.96,0.79,2.58,9.4,115.9,107,'https://a.espncdn.com/combiner/i?img=/i/headshots/nba/players/full/6589.png','2023-02-15 08:00:05'),(1479,'Kevon','Looney','kevon looney',18,'Golden State Warriors','6\' 9\"','Center','F','222 lbs',26,'#5',58,23.3,10.1,8.6,104,0.615,253,0.656,0,0,0.656,0.663,6.8,8.8,20.8,2.6,14.2,0.55,0.57,0.48,9.2,152.8,103.5,'https://a.espncdn.com/combiner/i?img=/i/headshots/nba/players/full/3155535.png','2023-02-15 08:00:05'),(1480,'Naji','Marshall','naji marshall',24,'New Orleans Pelicans','6\' 7\"','Small Forward','F','220 lbs',24,'#8',54,24.9,17.5,12.4,133,0.774,258,0.5,170,0.318,0.491,0.537,9.7,3.7,8.4,2.5,13.8,0.83,0.24,1.28,7.2,109.2,110,'https://a.espncdn.com/combiner/i?img=/i/headshots/nba/players/full/4278594.png','2023-02-16 09:00:06'),(1481,'Nico','Mannion','nico mannion',NULL,'','6\' 2\"','Point Guard',NULL,'190 lbs',20,'#2',0,0,0,0,0,0,0,0,0,0,0,0,0,0,0,0,0,0,0,0,0,0,0,'https://a.espncdn.com/combiner/i?img=/i/headshots/nba/players/full/4431672.png','2022-11-26 21:27:47'),(1482,'Paul','Watson','paul watson',NULL,'','6\' 6\"','Shooting Guard',NULL,'210 lbs',27,'#8',0,0,0,0,0,0,0,0,0,0,0,0,0,0,0,0,0,0,0,0,0,0,0,'https://a.espncdn.com/combiner/i?img=/i/headshots/nba/players/full/3058030.png','2022-11-26 21:27:47'),(1483,'Ryan','Arcidiacono','ryan arcidiacono',11,'New York Knicks','6\' 3\"','Guard','G','195 lbs',28,'#51',2,4.8,9.2,50,0,0,0,0,1,0,0,0,0,0,0,0,0,0,0,0.5,0,0,125.8,'https://a.espncdn.com/combiner/i?img=/i/headshots/nba/players/full/2991047.png','2023-02-17 19:10:04'),(1484,'Deividas','Sirvydis','deividas sirvydis',NULL,'','6\' 8\"','Forward',NULL,'190 lbs',22,'#91',0,0,0,0,0,0,0,0,0,0,0,0,0,0,0,0,0,0,0,0,0,0,0,'https://a.espncdn.com/combiner/i?img=/i/headshots/nba/players/full/4423883.png','2022-11-26 21:27:47'),(1485,'RJ','Barrett','rj barrett',11,'New York Knicks','6\' 6\"','Shooting Guard','F-G','214 lbs',22,'#9',53,34.5,25.9,10.7,285,0.747,572,0.481,291,0.323,0.482,0.529,19.7,5.2,8.2,2.8,12.3,0.47,0.15,2.23,7.6,106.8,110.3,'https://a.espncdn.com/combiner/i?img=/i/headshots/nba/players/full/4395625.png','2023-02-16 09:00:04'),(1486,'Damion','Lee','damion lee',26,'Phoenix Suns','6\' 5\"','Shooting Guard','G-F','210 lbs',30,'#10',60,22.1,16.2,13.9,95,0.905,169,0.438,223,0.439,0.564,0.609,8.8,3.2,8.1,1.5,9.4,0.47,0.1,1.17,6.3,114,110.1,'https://a.espncdn.com/combiner/i?img=/i/headshots/nba/players/full/2595209.png','2023-02-17 08:20:05'),(1487,'Anthony','Lamb','anthony lamb',18,'Golden State Warriors','6\' 6\"','Forward','F','227 lbs',24,'#40',43,19.4,14.1,15,39,0.718,76,0.711,145,0.4,0.638,0.651,7.2,3.2,9.2,1.7,11.5,0.51,0.26,0.98,7,120.9,106.9,'https://a.espncdn.com/combiner/i?img=/i/headshots/nba/players/full/4066790.png','2023-02-15 08:00:05'),(1488,'Jordan','Poole','jordan poole',18,'Golden State Warriors','6\' 4\"','Shooting Guard','G','194 lbs',23,'#3',58,30.7,29.5,15.4,272,0.86,477,0.541,462,0.335,0.522,0.574,20.9,2.8,5.1,4.5,22.4,0.81,0.24,3.31,8.4,107,111.6,'https://a.espncdn.com/combiner/i?img=/i/headshots/nba/players/full/4277956.png','2023-02-15 08:00:06'),(1489,'Dante','Exum','dante exum',NULL,'','6\' 5\"','Point Guard',NULL,'214 lbs',26,'#5',0,0,0,0,0,0,0,0,0,0,0,0,0,0,0,0,0,0,0,0,0,0,0,'https://a.espncdn.com/combiner/i?img=/i/headshots/nba/players/full/3102528.png','2022-11-26 21:27:47'),(1490,'Klay','Thompson','klay thompson',18,'Golden State Warriors','6\' 6\"','Shooting Guard','G','220 lbs',32,'#11',46,32.8,26.7,8,92,0.88,356,0.452,487,0.398,0.536,0.557,21.4,3.9,6.5,2.5,11.5,0.65,0.35,1.67,7.2,107.6,114.4,'https://a.espncdn.com/combiner/i?img=/i/headshots/nba/players/full/6475.png','2023-02-15 08:00:06'),(1491,'Sterling','Brown','sterling brown',NULL,'',NULL,NULL,'G-F','',0,NULL,4,6.1,6.9,0,0,0,2,0,2,0,0,0,0,2,17.5,0.5,9.2,0.75,0,0,0,76.7,93.3,NULL,'2023-02-16 09:00:04'),(1492,'Andrew','Wiggins','andrew wiggins',18,'Golden State Warriors','6\' 7\"','Small Forward','F','197 lbs',27,'#22',37,32.2,21.4,7.9,72,0.611,304,0.53,225,0.396,0.557,0.564,17.1,5,8.6,2.3,10.5,1.22,0.76,1.3,7.2,112.5,110,'https://a.espncdn.com/combiner/i?img=/i/headshots/nba/players/full/3059319.png','2023-02-15 08:00:07'),(1493,'D.J.','Augustin','d.j. augustin',NULL,'','5\' 11\"','Guard',NULL,'183 lbs',34,'#4',0,0,0,0,0,0,0,0,0,0,0,0,0,0,0,0,0,0,0,0,0,0,0,'https://a.espncdn.com/combiner/i?img=/i/headshots/nba/players/full/3415.png','2022-11-26 21:27:47'),(1494,'James','Wiseman','james wiseman',18,'Golden State Warriors','7\' 0\"','Center','C','258 lbs',21,'#33',21,12.5,20,11.2,38,0.684,92,0.63,2,0.5,0.633,0.655,6.9,3.5,15.3,0.7,8,0.14,0.33,0.67,8.2,123.2,102,'https://a.espncdn.com/combiner/i?img=/i/headshots/nba/players/full/4432808.png','2023-02-15 08:00:07'),(1495,'Alen','Smailagic','alen smailagic',NULL,'','6\' 10\"','Power Forward',NULL,'215 lbs',20,'#6',0,0,0,0,0,0,0,0,0,0,0,0,0,0,0,0,0,0,0,0,0,0,0,'https://a.espncdn.com/combiner/i?img=/i/headshots/nba/players/full/4401415.png','2022-11-26 21:27:47'),(1496,'Eric','Gordon','eric gordon',19,'Houston Rockets','6\' 3\"','Shooting Guard','G','215 lbs',33,'#10',2,24,16.9,0,8,0.875,7,0.286,8,0.375,0.433,0.54,10,2,4.6,5,28.6,1,1,0,7.7,135.7,115.3,'https://a.espncdn.com/combiner/i?img=/i/headshots/nba/players/full/3431.png','2023-02-17 19:10:06'),(1497,'Juan','Toscano-Anderson','juan toscano-anderson',21,'Los Angeles Lakers','6\' 6\"','Small Forward','F','209 lbs',29,'#95',30,12.2,10.4,19,15,0.733,46,0.63,20,0.2,0.53,0.558,2.7,2,8.9,0.8,8.6,0.33,0.23,0.57,5.3,107,104.7,'https://a.espncdn.com/combiner/i?img=/i/headshots/nba/players/full/4401416.png','2023-02-16 09:00:06'),(1498,'Bol','Bol','bol bol',12,'Orlando Magic','7\' 2\"','Center','C-F','220 lbs',23,'#10',54,23.2,18.7,18.2,92,0.75,318,0.645,83,0.337,0.616,0.638,10.4,6.2,15.4,0.9,5.7,0.43,1.33,1.81,6.7,109.1,109.5,'https://a.espncdn.com/combiner/i?img=/i/headshots/nba/players/full/4397102.png','2023-02-15 08:00:04'),(1499,'Norvel','Pelle','norvel pelle',NULL,'',NULL,NULL,NULL,'',0,NULL,0,0,0,0,0,0,0,0,0,0,0,0,0,0,0,0,0,0,0,0,0,0,0,NULL,'2022-11-26 21:27:47'),(1500,'Montrezl','Harrell','montrezl harrell',13,'Philadelphia 76ers','6\' 7\"','Center','F-C','240 lbs',28,'#5',50,12.5,18.1,12.2,85,0.694,183,0.612,2,0,0.605,0.636,5.7,2.8,13,0.6,7.5,0.32,0.5,0.62,6.8,125.8,103.6,'https://a.espncdn.com/combiner/i?img=/i/headshots/nba/players/full/2991055.png','2023-02-16 09:00:05'),(1501,'Zach','Collins','zach collins',29,'San Antonio Spurs','6\' 11\"','Power Forward','F-C','245 lbs',25,'#23',48,21.2,19.8,19,105,0.743,266,0.594,81,0.358,0.581,0.612,10,5.9,15.4,2.6,17.6,0.44,0.63,1.92,10.1,113.6,106.7,'https://a.espncdn.com/combiner/i?img=/i/headshots/nba/players/full/4066650.png','2023-02-16 09:00:04'),(1502,'Gorgui','Dieng','gorgui dieng',29,'San Antonio Spurs','6\' 10\"','Center','C','265 lbs',32,'#41',19,10.2,16.9,20.3,6,0.833,19,0.632,41,0.293,0.5,0.519,3.4,2.8,15.2,1.5,18.9,0.11,0.37,0.84,9.5,106,108.2,'https://a.espncdn.com/combiner/i?img=/i/headshots/nba/players/full/2534781.png','2023-02-16 09:00:05'),(1503,'O.G.','Anunoby','o.g. anunoby',14,'Toronto Raptors','6\' 7\"','Small Forward','F','232 lbs',25,'#3',45,35.8,20.4,12.7,134,0.821,382,0.513,235,0.366,0.527,0.562,16.9,5.5,8.7,2,8.3,2.07,0.78,2.18,6.4,108.8,108.6,'https://a.espncdn.com/combiner/i?img=/i/headshots/nba/players/full/3934719.png','2023-02-15 08:00:04'),(1504,'Cameron','Oliver','cameron oliver',NULL,'','6\' 8\"','Forward',NULL,'239 lbs',25,'#21',0,0,0,0,0,0,0,0,0,0,0,0,0,0,0,0,0,0,0,0,0,0,0,'https://a.espncdn.com/combiner/i?img=/i/headshots/nba/players/full/3928275.png','2022-11-26 21:27:47'),(1505,'Jarrell','Brantley','jarrell brantley',NULL,'','6\' 5\"','Power Forward',NULL,'250 lbs',25,'#5',0,0,0,0,0,0,0,0,0,0,0,0,0,0,0,0,0,0,0,0,0,0,0,'https://a.espncdn.com/combiner/i?img=/i/headshots/nba/players/full/3912292.png','2022-11-26 21:27:47'),(1506,'Cameron','Reynolds','cameron reynolds',NULL,'','6\' 7\"','Small Forward',NULL,'225 lbs',26,'#42',0,0,0,0,0,0,0,0,0,0,0,0,0,0,0,0,0,0,0,0,0,0,0,NULL,'2022-11-26 21:27:47'),(1507,'Christian','Wood','christian wood',16,'Dallas Mavericks','6\' 9\"','Center','F','214 lbs',27,'#35',48,27.7,26.2,12.2,198,0.758,363,0.62,222,0.378,0.6,0.634,17.8,8,17.1,1.8,11,0.46,1.17,1.94,9.2,117.5,105.8,'https://a.espncdn.com/combiner/i?img=/i/headshots/nba/players/full/3058254.png','2023-02-16 09:00:07'),(1508,'Kevin','Porter Jr.','kevin porter jr.',19,'Houston Rockets','6\' 4\"','Shooting Guard','G-F','203 lbs',22,'#3',40,34,25.5,17,184,0.766,361,0.501,254,0.346,0.509,0.551,19.2,5.5,8.8,5.6,26.4,1.33,0.4,3.58,9.9,108,113.1,'https://a.espncdn.com/combiner/i?img=/i/headshots/nba/players/full/4397140.png','2023-02-16 09:00:06'),(1509,'Jae\'Sean','Tate','jae\'sean tate',19,'Houston Rockets','6\' 5\"','Small Forward','F','230 lbs',27,'#8',20,21,18.1,17.9,37,0.649,109,0.486,26,0.308,0.481,0.509,7.7,3.9,10,2.6,17.9,0.55,0.2,1.65,8.1,104.1,106,'https://a.espncdn.com/combiner/i?img=/i/headshots/nba/players/full/3136777.png','2023-02-16 09:00:06'),(1510,'Jalen','Smith','jalen smith',8,'Indiana Pacers','6\' 9\"','Power Forward','F-C','215 lbs',22,'#25',51,18.2,21.5,12,100,0.76,225,0.587,150,0.273,0.516,0.553,9.1,5.6,16.9,0.9,7.8,0.33,0.76,1.12,7.9,109.9,106.4,'https://a.espncdn.com/combiner/i?img=/i/headshots/nba/players/full/4397189.png','2023-02-16 09:00:06'),(1511,'David','Nwaba','david nwaba',NULL,'','6\' 5\"','Small Forward',NULL,'219 lbs',29,'#11',0,0,0,0,0,0,0,0,0,0,0,0,0,0,0,0,0,0,0,0,0,0,0,'https://a.espncdn.com/combiner/i?img=/i/headshots/nba/players/full/3062744.png','2022-11-26 21:27:47'),(1512,'DeJon','Jarreau','dejon jarreau',NULL,'','6\' 5\"','Forward',NULL,'185 lbs',24,'#33',0,0,0,0,0,0,0,0,0,0,0,0,0,0,0,0,0,0,0,0,0,0,0,'https://a.espncdn.com/combiner/i?img=/i/headshots/nba/players/full/4066796.png','2022-11-26 21:27:47'),(1513,'John','Wall','john wall',20,'LA Clippers','6\' 3\"','Point Guard','G','210 lbs',32,'#11',34,22.2,27.1,17.1,113,0.681,229,0.459,109,0.303,0.457,0.498,11.4,2.7,6.8,5.2,36.2,0.79,0.35,2.35,9.8,102.1,108.8,'https://a.espncdn.com/combiner/i?img=/i/headshots/nba/players/full/4237.png','2023-02-17 08:20:06'),(1514,'Mitchell','Robinson','mitchell robinson',11,'New York Knicks','7\' 0\"','Center','C-F','240 lbs',24,'#23',38,26.8,9.5,7.9,77,0.506,175,0.674,0,0,0.674,0.658,7.2,8.9,17.9,1,5,0.89,1.79,0.47,6,147.6,103.9,'https://a.espncdn.com/combiner/i?img=/i/headshots/nba/players/full/4351852.png','2023-02-16 09:00:06'),(1515,'Wendell','Carter Jr.','wendell carter jr.',12,'Orlando Magic','6\' 10\"','Center','C-F','270 lbs',23,'#34',39,30.1,20.9,15.2,141,0.752,279,0.613,138,0.37,0.594,0.627,15.4,8.5,16.1,2.6,13.7,0.36,0.56,2.21,9.3,117.8,105.8,'https://a.espncdn.com/combiner/i?img=/i/headshots/nba/players/full/4277847.png','2023-02-15 08:00:04'),(1516,'Moritz','Wagner','moritz wagner',12,'Orlando Magic','6\' 11\"','Center','F-C','245 lbs',25,'#21',38,21,20.9,12.2,128,0.867,160,0.619,122,0.32,0.559,0.63,11.2,4.7,12.8,1.7,12.2,0.76,0.24,1.24,8.5,123.9,102.4,'https://a.espncdn.com/combiner/i?img=/i/headshots/nba/players/full/3150844.png','2023-02-15 08:00:07'),(1517,'Deandre','Ayton','deandre ayton',26,'Phoenix Suns','6\' 11\"','Center','C','250 lbs',24,'#22',51,30.2,24.1,11.3,159,0.736,678,0.603,23,0.304,0.598,0.62,18.7,10.1,18.6,2,11.4,0.57,0.73,1.92,9.6,119.3,104.6,'https://a.espncdn.com/combiner/i?img=/i/headshots/nba/players/full/4278129.png','2023-02-17 08:20:04'),(1518,'Paris','Bass','paris bass',NULL,'','6\' 8\"','Forward',NULL,'200 lbs',26,'#30',0,0,0,0,0,0,0,0,0,0,0,0,0,0,0,0,0,0,0,0,0,0,0,'https://a.espncdn.com/combiner/i?img=/i/headshots/nba/players/full/3062842.png','2022-11-26 21:27:47'),(1519,'Bismack','Biyombo','bismack biyombo',26,'Phoenix Suns','6\' 8\"','Center','C','255 lbs',30,'#18',46,13.9,13.5,21.1,51,0.314,138,0.572,0,0,0.572,0.542,3.8,4.1,16.2,0.9,9.1,0.33,1.28,0.93,6.9,101.4,100.5,'https://a.espncdn.com/combiner/i?img=/i/headshots/nba/players/full/6427.png','2023-02-17 08:20:04'),(1520,'Jeremy','Sochan','jeremy sochan',29,'San Antonio Spurs','6\' 8\"','Forward','F','220 lbs',19,'#10',48,25.9,18.6,14.9,88,0.693,328,0.509,107,0.262,0.48,0.506,10,4.9,10.5,2.5,13.3,0.75,0.46,1.73,7.7,102.2,113.8,'https://a.espncdn.com/combiner/i?img=/i/headshots/nba/players/full/4610139.png','2023-02-16 09:00:06'),(1521,'Scottie','Barnes','scottie barnes',14,'Toronto Raptors','6\' 7\"','Small Forward','F','225 lbs',21,'#4',56,35.2,20.2,12.2,190,0.768,566,0.505,173,0.301,0.493,0.531,15.6,7.1,11.5,4.9,20.1,1.02,0.86,2.04,9.3,113.9,112.1,'https://a.espncdn.com/combiner/i?img=/i/headshots/nba/players/full/4433134.png','2023-02-15 08:00:04'),(1522,'Luka','Samanic','luka samanic',NULL,'','6\' 10\"','Forward',NULL,'227 lbs',22,'#91',0,0,0,0,0,0,0,0,0,0,0,0,0,0,0,0,0,0,0,0,0,0,0,'https://a.espncdn.com/combiner/i?img=/i/headshots/nba/players/full/4423309.png','2022-11-26 21:27:47'),(1523,'Seth','Curry','seth curry',3,'Brooklyn Nets','6\' 2\"','Shooting Guard','G','185 lbs',32,'#30',40,22.8,19.1,10.8,35,0.971,157,0.503,176,0.42,0.571,0.594,10.4,1.9,4.8,2,12.4,0.65,0.18,1.05,6,112.5,112.1,'https://a.espncdn.com/combiner/i?img=/i/headshots/nba/players/full/2326307.png','2023-02-16 09:00:04'),(1524,'Derrick','Favors','derrick favors',NULL,'','6\' 10\"','Forward',NULL,'265 lbs',31,'#15',0,0,0,0,0,0,0,0,0,0,0,0,0,0,0,0,0,0,0,0,0,0,0,'https://a.espncdn.com/combiner/i?img=/i/headshots/nba/players/full/4257.png','2022-11-26 21:27:47'),(1525,'Andre','Drummond','andre drummond',5,'Chicago Bulls','6\' 10\"','Center','C','279 lbs',29,'#3',46,12.9,21.3,18.3,88,0.534,196,0.633,2,0,0.626,0.623,6.4,6.7,29,0.6,6.6,0.67,0.35,1.15,9.2,117.1,93.7,'https://a.espncdn.com/combiner/i?img=/i/headshots/nba/players/full/6585.png','2023-02-17 08:20:04'),(1526,'Olumiye','Oni','olumiye oni',NULL,'','6\' 5\"','Shooting Guard',NULL,'206 lbs',24,'#81',0,0,0,0,0,0,0,0,0,0,0,0,0,0,0,0,0,0,0,0,0,0,0,'https://a.espncdn.com/combiner/i?img=/i/headshots/nba/players/full/4066851.png','2022-11-26 21:27:47'),(1527,'Willie','Cauley-Stein','willie cauley-stein',NULL,'','7\' 0\"','Center',NULL,'240 lbs',29,'#00',0,0,0,0,0,0,0,0,0,0,0,0,0,0,0,0,0,0,0,0,0,0,0,'https://a.espncdn.com/combiner/i?img=/i/headshots/nba/players/full/2991282.png','2022-11-26 21:27:47'),(1528,'Scotty','Hopson','scotty hopson',NULL,'','6\' 7\"','Guard',NULL,'204 lbs',32,'#22',0,0,0,0,0,0,0,0,0,0,0,0,0,0,0,0,0,0,0,0,0,0,0,'https://a.espncdn.com/combiner/i?img=/i/headshots/nba/players/full/2328418.png','2022-11-26 21:27:47'),(1529,'Josh','Giddey','josh giddey',25,'Oklahoma City Thunder','6\' 8\"','Shooting Guard','G','205 lbs',20,'#3',52,30.8,24.6,16.7,84,0.786,594,0.534,155,0.316,0.521,0.539,16.3,7.8,13.5,5.9,28.5,0.75,0.48,3.04,11.8,107.9,109.3,'https://a.espncdn.com/combiner/i?img=/i/headshots/nba/players/full/4871145.png','2023-02-16 09:00:05'),(1530,'Juwan','Morgan','juwan morgan',NULL,'','6\' 7\"','Forward',NULL,'232 lbs',25,'#16',0,0,0,0,0,0,0,0,0,0,0,0,0,0,0,0,0,0,0,0,0,0,0,'https://a.espncdn.com/combiner/i?img=/i/headshots/nba/players/full/3934721.png','2022-11-26 21:27:47'),(1531,'Tre','Mann','tre mann',25,'Oklahoma City Thunder','6\' 3\"','Point Guard','G','178 lbs',21,'#23',51,18.4,20.8,10.5,38,0.684,189,0.487,213,0.31,0.475,0.487,8,2.3,6.6,1.5,11.5,0.65,0.2,0.96,6.6,98.6,110,'https://a.espncdn.com/combiner/i?img=/i/headshots/nba/players/full/4432819.png','2023-02-16 09:00:05'),(1532,'Devin','Booker','devin booker',26,'Phoenix Suns','6\' 5\"','Shooting Guard','G','206 lbs',26,'#1',33,33.9,31.9,9.8,205,0.849,458,0.528,204,0.358,0.531,0.583,26.6,4.5,7.5,5.5,28.2,0.88,0.36,2.48,10.3,117,108.8,'https://a.espncdn.com/combiner/i?img=/i/headshots/nba/players/full/3136193.png','2023-02-17 08:20:04'),(1533,'Cameron','Johnson','cameron johnson',26,'Phoenix Suns','6\' 8\"','Small Forward','F','210 lbs',26,'#23',3,29.8,20.7,0,10,0.7,13,0.615,24,0.292,0.5,0.531,14.7,4,7.7,2.3,11,1.33,0.33,0,6.9,116.3,111.1,'https://a.espncdn.com/combiner/i?img=/i/headshots/nba/players/full/3138196.png','2023-02-17 19:10:05'),(1534,'Quinndary','Weatherspoon','quinndary weatherspoon',NULL,'','6\' 3\"','Shooting Guard',NULL,'207 lbs',26,'#12',0,0,0,0,0,0,0,0,0,0,0,0,0,0,0,0,0,0,0,0,0,0,0,'https://a.espncdn.com/combiner/i?img=/i/headshots/nba/players/full/3907358.png','2022-11-26 21:27:47'),(1535,'Ish','Wainright','ish wainright',26,'Phoenix Suns','6\' 5\"','Forward','F','250 lbs',28,'#12',42,15.6,12.2,10.1,21,0.81,41,0.512,118,0.339,0.509,0.532,4.3,2.1,7.7,1,8.6,0.81,0.31,0.45,5.3,114.6,102.6,'https://a.espncdn.com/combiner/i?img=/i/headshots/nba/players/full/3059307.png','2023-02-17 08:20:06'),(1536,'Charlie','Brown Jr.','charlie brown jr.',NULL,'','6\' 6\"','Guard',NULL,'199 lbs',25,'#16',0,0,0,0,0,0,0,0,0,0,0,0,0,0,0,0,0,0,0,0,0,0,0,'https://a.espncdn.com/combiner/i?img=/i/headshots/nba/players/full/4066508.png','2022-11-26 21:27:47'),(1537,'Yannick','Nzosa','yannick nzosa',NULL,'',NULL,NULL,NULL,'',0,NULL,0,0,0,0,0,0,0,0,0,0,0,0,0,0,0,0,0,0,0,0,0,0,0,NULL,'2022-11-26 21:27:47'),(1538,'Charles','Bassey','charles bassey',29,'San Antonio Spurs','6\' 9\"','Center','C-F','230 lbs',22,'#28',26,13.6,14.6,23.9,28,0.643,77,0.636,6,0.333,0.627,0.64,4.7,5.5,22.5,1.2,12.1,0.35,0.92,1.15,9.2,118,104.8,'https://a.espncdn.com/combiner/i?img=/i/headshots/nba/players/full/4397886.png','2023-02-16 09:00:04'),(1539,'Devin','Vassell','devin vassell',29,'San Antonio Spurs','6\' 5\"','Shooting Guard','G-F','200 lbs',22,'#24',29,31.3,25,8.2,87,0.793,260,0.477,203,0.404,0.533,0.562,19.4,4,7,3.6,17.3,1.21,0.41,1.55,8.4,112.4,118.9,'https://a.espncdn.com/combiner/i?img=/i/headshots/nba/players/full/4395630.png','2023-02-16 09:00:06'),(1540,'Rudy','Gay','rudy gay',30,'Utah Jazz','6\' 8\"','Small Forward','F-G','250 lbs',36,'#22',44,14.7,16.5,11,35,0.857,114,0.5,96,0.24,0.436,0.472,4.8,2.9,10.9,1,8.6,0.36,0.3,0.64,6.5,101.1,110.9,'https://a.espncdn.com/combiner/i?img=/i/headshots/nba/players/full/3005.png','2023-02-16 09:00:05'),(1541,NULL,NULL,'null null',NULL,'',NULL,NULL,NULL,'',0,NULL,0,0,0,0,0,0,0,0,0,0,0,0,0,0,0,0,0,0,0,0,0,0,0,NULL,'2022-11-26 21:27:47'),(1542,'Kentavious','Caldwell-Pope','kentavious caldwell-pope',17,'Denver Nuggets','6\' 5\"','Shooting Guard','G','204 lbs',29,'#5',56,31.4,14.5,11.4,87,0.839,240,0.496,242,0.45,0.586,0.613,11.4,3,5.6,2.4,9.7,1.38,0.43,1.2,5.5,117.9,111.4,'https://a.espncdn.com/combiner/i?img=/i/headshots/nba/players/full/2581018.png','2023-02-16 09:00:04'),(1543,'Frank','Mason III','frank mason iii',NULL,'','5\' 11\"','Guard',NULL,'190 lbs',27,'#26',0,0,0,0,0,0,0,0,0,0,0,0,0,0,0,0,0,0,0,0,0,0,0,'https://a.espncdn.com/combiner/i?img=/i/headshots/nba/players/full/3059315.png','2022-11-26 21:27:47'),(1544,'Danny','Green','danny green',22,'Memphis Grizzlies','6\' 6\"','Small Forward','G','215 lbs',35,'#14',3,14.5,13.2,21.4,0,0,3,0,8,0.375,0.409,0.409,3,1.3,4.8,0.7,5.5,0.33,0,1,3.9,77.1,102.3,'https://a.espncdn.com/combiner/i?img=/i/headshots/nba/players/full/3988.png','2023-02-16 09:00:05'),(1545,'Garrett','Temple','garrett temple',24,'New Orleans Pelicans','6\' 5\"','Small Forward','G-F','195 lbs',36,'#41',14,7.5,14,8.6,4,0.75,12,0.5,18,0.5,0.65,0.661,3,0.7,5.4,0.6,11.8,0.5,0.07,0.21,5.8,130.2,104.6,'https://a.espncdn.com/combiner/i?img=/i/headshots/nba/players/full/4023.png','2023-02-16 09:00:06'),(1546,'Jonas','Valanciunas','jonas valanciunas',24,'New Orleans Pelicans','6\' 11\"','Center','C','265 lbs',30,'#17',58,24.7,23.6,13.9,171,0.825,519,0.58,91,0.341,0.57,0.61,14.4,9.7,22.2,1.7,10.5,0.28,0.48,1.91,10,117.8,100.5,'https://a.espncdn.com/combiner/i?img=/i/headshots/nba/players/full/6477.png','2023-02-16 09:00:06'),(1547,'Jaylen','Hoard','jaylen hoard',NULL,'','6\' 8\"','Forward',NULL,'216 lbs',23,'#8',0,0,0,0,0,0,0,0,0,0,0,0,0,0,0,0,0,0,0,0,0,0,0,'https://a.espncdn.com/combiner/i?img=/i/headshots/nba/players/full/4395688.png','2022-11-26 21:27:47'),(1548,'Isaiah','Joe','isaiah joe',25,'Oklahoma City Thunder','6\' 4\"','Shooting Guard','G','165 lbs',23,'#11',49,15.7,17.6,6.5,49,0.837,52,0.538,230,0.452,0.652,0.674,8.3,2.2,7.6,1.1,9.5,0.59,0.12,0.43,6.9,133,109,'https://a.espncdn.com/combiner/i?img=/i/headshots/nba/players/full/4395702.png','2023-02-16 09:00:05'),(1549,'Joel','Embiid','joel embiid',13,'Philadelphia 76ers','7\' 0\"','Center','C-F','280 lbs',28,'#21',45,34.9,37.2,12.1,521,0.858,783,0.57,141,0.355,0.564,0.646,33.1,10.2,17.1,4.1,22.3,1.16,1.51,3.53,12.8,122.4,102.9,'https://a.espncdn.com/combiner/i?img=/i/headshots/nba/players/full/3059318.png','2023-02-16 09:00:05'),(1550,'Tobias','Harris','tobias harris',13,'Philadelphia 76ers','6\' 7\"','Power Forward','F','226 lbs',30,'#12',53,33.6,19,8.8,82,0.866,406,0.571,249,0.373,0.567,0.589,15.4,6,10.4,2.6,11.7,1.02,0.55,1.26,7.4,116.3,109.3,'https://a.espncdn.com/combiner/i?img=/i/headshots/nba/players/full/6440.png','2023-02-16 09:00:05'),(1551,'Furkan','Korkmaz','furkan korkmaz',13,'Philadelphia 76ers','6\' 7\"','Shooting Guard','G-F','202 lbs',25,'#30',25,10.2,18.5,14.2,29,0.655,43,0.465,35,0.343,0.487,0.523,3.8,1.2,6.7,0.7,9.9,0.24,0.12,0.6,5.8,100.5,113.6,'https://a.espncdn.com/combiner/i?img=/i/headshots/nba/players/full/3929325.png','2023-02-16 09:00:05'),(1552,'Tyrese','Maxey','tyrese maxey',13,'Philadelphia 76ers','6\' 2\"','Point Guard','G','200 lbs',22,'#0',38,32.8,25.6,7.8,151,0.808,367,0.493,226,0.394,0.53,0.569,19.8,2.8,5.1,3.6,17.7,0.84,0.13,1.47,7.1,114.2,111.1,'https://a.espncdn.com/combiner/i?img=/i/headshots/nba/players/full/4431678.png','2023-02-16 09:00:06'),(1553,'Justin','Robinson','justin robinson',NULL,'','6\' 1\"','Forward',NULL,'195 lbs',24,'#55',0,0,0,0,0,0,0,0,0,0,0,0,0,0,0,0,0,0,0,0,0,0,0,'https://a.espncdn.com/combiner/i?img=/i/headshots/nba/players/full/3945566.png','2022-11-26 21:27:47'),(1554,'Shake','Milton','shake milton',13,'Philadelphia 76ers','6\' 5\"','Shooting Guard','G-F','205 lbs',26,'#18',53,21.5,19,14.8,89,0.854,269,0.539,106,0.387,0.551,0.59,9.2,2.7,7.5,3,20.4,0.34,0.17,1.36,7.8,114.8,109.6,'https://a.espncdn.com/combiner/i?img=/i/headshots/nba/players/full/3915195.png','2023-02-16 09:00:06'),(1555,'Georges','Niang','georges niang',13,'Philadelphia 76ers','6\' 7\"','Small Forward','F','230 lbs',29,'#20',55,19.8,17.7,9.3,32,0.875,87,0.575,291,0.409,0.604,0.618,8.8,2.5,7.4,1.1,8.5,0.4,0.2,0.73,5.8,116,107.1,'https://a.espncdn.com/combiner/i?img=/i/headshots/nba/players/full/2990969.png','2023-02-16 09:00:06'),(1556,'Blake','Wesley','blake wesley',29,'San Antonio Spurs','6\' 4\"','Guard','G','180 lbs',19,'#14',15,13.1,19.2,22,11,0.545,47,0.383,19,0.368,0.432,0.445,4.2,1.3,5.7,1.3,13.4,0.33,0.07,1.33,5.9,80.6,110,'https://a.espncdn.com/combiner/i?img=/i/headshots/nba/players/full/4683935.png','2023-02-16 09:00:07'),(1557,'Aleem','Ford','aleem ford',NULL,'','6\' 8\"','Forward',NULL,'217 lbs',24,'#12',0,0,0,0,0,0,0,0,0,0,0,0,0,0,0,0,0,0,0,0,0,0,0,'https://a.espncdn.com/combiner/i?img=/i/headshots/nba/players/full/4066414.png','2022-11-26 21:27:47'),(1558,'Chaundee','Brown Jr.','chaundee brown jr.',NULL,'','6\' 5\"','Guard',NULL,'215 lbs',23,'#38',0,0,0,0,0,0,0,0,0,0,0,0,0,0,0,0,0,0,0,0,0,0,0,'https://a.espncdn.com/combiner/i?img=/i/headshots/nba/players/full/4278045.png','2022-11-26 21:27:47'),(1559,'Vit','Krejci','vit krejci',1,'Atlanta Hawks','6\' 8\"','Guard','G','195 lbs',22,'#27',21,5.7,11.9,11.8,2,0.5,11,0.545,18,0.278,0.466,0.469,1.3,0.7,6.7,0.6,12.2,0.14,0.05,0.19,5.7,102.7,110.4,'https://a.espncdn.com/combiner/i?img=/i/headshots/nba/players/full/4578893.png','2023-02-16 09:00:05'),(1560,'Davon','Reed','davon reed',17,'Denver Nuggets','6\' 5\"','Shooting Guard','G','206 lbs',27,'#9',2,5.1,8.4,0,0,0,1,1,1,1,1.25,1.25,2.5,1,10.6,0.5,14.3,0,0,0,8.4,245.2,120.1,'https://a.espncdn.com/combiner/i?img=/i/headshots/nba/players/full/3059262.png','2023-02-17 19:10:05'),(1561,'Ty','Jerome','ty jerome',18,'Golden State Warriors','6\' 5\"','Shooting Guard','G-F','195 lbs',25,'#10',36,17.8,15.1,9.9,35,0.914,122,0.574,71,0.408,0.588,0.621,7.2,1.6,5.1,2.9,22.2,0.47,0.14,0.64,7.2,129,112.3,'https://a.espncdn.com/combiner/i?img=/i/headshots/nba/players/full/4065733.png','2023-02-15 08:00:05'),(1562,'Garrison','Mathews','garrison mathews',19,'Houston Rockets','6\' 6\"','Shooting Guard','G','215 lbs',26,'#25',45,13.4,14.3,8.7,45,0.911,15,0.467,155,0.342,0.509,0.564,4.8,1.4,5.6,0.5,5.3,0.51,0.09,0.4,4.5,116.7,112.7,'https://a.espncdn.com/combiner/i?img=/i/headshots/nba/players/full/3913180.png','2023-02-16 09:00:06'),(1563,'Russell','Westbrook','russell westbrook',21,'Los Angeles Lakers','6\' 3\"','Point Guard','G','200 lbs',34,'#0',52,28.7,28.8,18.2,238,0.655,516,0.467,213,0.296,0.46,0.496,15.9,6.2,11.5,7.5,38.2,1.02,0.44,3.56,12.6,100.6,107.6,'https://a.espncdn.com/combiner/i?img=/i/headshots/nba/players/full/3468.png','2023-02-16 09:00:07'),(1564,'Miles','McBride','miles mcbride',11,'New York Knicks','6\' 1\"','Point Guard','G','195 lbs',22,'#2',47,12.6,14.3,10.6,32,0.688,59,0.424,104,0.288,0.429,0.457,3.4,0.9,3.6,1.2,12.5,0.55,0.04,0.45,4.9,102,110.8,'https://a.espncdn.com/combiner/i?img=/i/headshots/nba/players/full/4431823.png','2023-02-16 09:00:06'),(1565,'Darius','Bazley','darius bazley',25,'Oklahoma City Thunder','6\' 9\"','Power Forward','F-G','208 lbs',22,'#55',36,15.4,15.7,10.5,65,0.554,113,0.469,45,0.4,0.506,0.525,5.4,3.4,11.8,0.9,7.5,0.53,0.81,0.61,6.6,108.6,110,'https://a.espncdn.com/combiner/i?img=/i/headshots/nba/players/full/4423545.png','2023-02-16 09:00:04'),(1566,'Luguentz','Dort','luguentz dort',25,'Oklahoma City Thunder','6\' 4\"','Small Forward','G','215 lbs',23,'#5',50,29.9,20.1,9.3,172,0.756,314,0.459,264,0.356,0.493,0.535,14,4.1,7.4,2.2,10.1,1.04,0.26,1.34,6.7,111,107.4,'https://a.espncdn.com/combiner/i?img=/i/headshots/nba/players/full/4397020.png','2023-02-16 09:00:05'),(1567,'Jeremiah','Robinson-Earl','jeremiah robinson-earl',25,'Oklahoma City Thunder','6\' 8\"','Power Forward','F','242 lbs',22,'#50',28,20.9,15.2,7.5,32,0.781,103,0.573,80,0.363,0.56,0.584,8.2,4.8,12.4,0.9,5.7,0.75,0.39,0.57,6.3,124.3,108,'https://a.espncdn.com/combiner/i?img=/i/headshots/nba/players/full/4432813.png','2023-02-16 09:00:06'),(1568,'Cameron','McGriff','cameron mcgriff',NULL,'','6\' 7\"','Forward',NULL,'220 lbs',24,'#8',0,0,0,0,0,0,0,0,0,0,0,0,0,0,0,0,0,0,0,0,0,0,0,'https://a.espncdn.com/combiner/i?img=/i/headshots/nba/players/full/4066315.png','2022-11-26 21:27:47'),(1569,'Keljin','Blevins','keljin blevins',NULL,'','6\' 4\"','Small Forward',NULL,'200 lbs',26,'#21',0,0,0,0,0,0,0,0,0,0,0,0,0,0,0,0,0,0,0,0,0,0,0,'https://a.espncdn.com/combiner/i?img=/i/headshots/nba/players/full/3152335.png','2022-11-26 21:27:47'),(1570,'Jalen','Suggs','jalen suggs',12,'Orlando Magic','6\' 5\"','Shooting Guard','G','205 lbs',21,'#4',34,23,20.3,17.7,76,0.684,141,0.539,127,0.307,0.502,0.532,9.4,2.7,6.6,3.4,21.9,1.29,0.47,1.91,7.7,104.8,106.4,'https://a.espncdn.com/combiner/i?img=/i/headshots/nba/players/full/4432165.png','2023-02-15 08:00:06'),(1571,'Dalano','Banton','dalano banton',14,'Toronto Raptors','6\' 7\"','Point Guard','F','204 lbs',23,'#45',26,9.5,23.4,11.1,19,0.789,66,0.5,46,0.283,0.469,0.499,4.6,1.3,8.1,1.1,17.6,0.46,0.46,0.58,7.9,104.3,104.9,'https://a.espncdn.com/combiner/i?img=/i/headshots/nba/players/full/4397885.png','2023-02-15 08:00:04'),(1572,'Chris','Boucher','chris boucher',14,'Toronto Raptors','6\' 9\"','Power Forward','F-C','200 lbs',29,'#25',53,20.8,18.1,5.5,138,0.739,247,0.587,135,0.319,0.548,0.588,9.8,5.8,16,0.4,3,0.7,0.85,0.49,5.4,126.9,107.1,'https://a.espncdn.com/combiner/i?img=/i/headshots/nba/players/full/3948153.png','2023-02-15 08:00:04'),(1573,'Justin','Champagnie','justin champagnie',14,'Toronto Raptors','6\' 6\"','Small Forward','G-F','206 lbs',21,'#11',3,3.6,11.7,0,0,0,3,1,0,0,1,1,2,1.3,20.9,0.3,15.7,0,0,0,10.2,0,0,'https://a.espncdn.com/combiner/i?img=/i/headshots/nba/players/full/4432907.png','2023-02-15 08:00:04'),(1574,'Frank','Kaminsky','frank kaminsky',1,'Atlanta Hawks','7\' 0\"','Power Forward','F-C','240 lbs',29,'#0',2,9.8,14.6,0,2,1,3,0.333,3,0,0.167,0.291,2,2,11.2,3,39.8,0,1,0,9.3,111.2,117.5,'https://a.espncdn.com/combiner/i?img=/i/headshots/nba/players/full/2579294.png','2023-02-17 19:10:05'),(1575,'JaVale','McGee','javale mcgee',16,'Dallas Mavericks','7\' 0\"','Center','C-F','270 lbs',34,'#00',36,8.1,23.5,20.5,32,0.563,102,0.618,4,0.25,0.608,0.612,4.1,2.6,18.8,0.3,5.8,0.11,0.58,0.86,7.3,104.9,100.9,'https://a.espncdn.com/combiner/i?img=/i/headshots/nba/players/full/3452.png','2023-02-16 09:00:06'),(1576,'Tomas','Satoransky','tomas satoransky',NULL,'','6\' 7\"','Shooting Guard',NULL,'210 lbs',30,'#31',0,0,0,0,0,0,0,0,0,0,0,0,0,0,0,0,0,0,0,0,0,0,0,NULL,'2022-11-26 21:27:47'),(1577,'Robert','Covington','robert covington',20,'LA Clippers','6\' 7\"','Power Forward','F','209 lbs',31,'#23',36,16.2,15.6,11.1,34,0.735,65,0.523,105,0.333,0.509,0.535,5.5,3.7,12.7,1.3,11,0.69,0.78,0.64,7.4,111.4,101.8,'https://a.espncdn.com/combiner/i?img=/i/headshots/nba/players/full/2490620.png','2023-02-17 08:20:04'),(1578,'Franz','Wagner','franz wagner',12,'Orlando Magic','6\' 10\"','Small Forward','F','220 lbs',21,'#22',58,33.2,23.8,11.7,241,0.83,564,0.539,262,0.366,0.542,0.588,18.9,3.9,6.8,3.5,17.1,0.93,0.19,2.14,7.7,114.7,111.4,'https://a.espncdn.com/combiner/i?img=/i/headshots/nba/players/full/4566434.png','2023-02-15 08:00:07'),(1579,'Jarron','Cumberland','jarron cumberland',NULL,'','6\' 5\"','Shooting Guard',NULL,'205 lbs',24,'#34',0,0,0,0,0,0,0,0,0,0,0,0,0,0,0,0,0,0,0,0,0,0,0,'https://a.espncdn.com/combiner/i?img=/i/headshots/nba/players/full/4066486.png','2022-11-26 21:27:47'),(1580,'Jeff','Dowtin','jeff dowtin',NULL,'','6\' 3\"','Point Guard',NULL,'177 lbs',25,'#20',0,0,0,0,0,0,0,0,0,0,0,0,0,0,0,0,0,0,0,0,0,0,0,'https://a.espncdn.com/combiner/i?img=/i/headshots/nba/players/full/4066786.png','2022-11-26 21:27:47'),(1581,'Cody','Zeller','cody zeller',NULL,'','6\' 11\"','Center',NULL,'240 lbs',30,'#40',0,0,0,0,0,0,0,0,0,0,0,0,0,0,0,0,0,0,0,0,0,0,0,'https://a.espncdn.com/combiner/i?img=/i/headshots/nba/players/full/2579258.png','2022-11-26 21:27:47'),(1582,'Grant','Riller','grant riller',NULL,'','6\' 1\"','Guard',NULL,'190 lbs',24,'#5',0,0,0,0,0,0,0,0,0,0,0,0,0,0,0,0,0,0,0,0,0,0,0,'https://a.espncdn.com/combiner/i?img=/i/headshots/nba/players/full/3912295.png','2022-11-26 21:27:47'),(1583,'Abdel','Nader','abdel nader',NULL,'','6\' 5\"','Small Forward',NULL,'225 lbs',28,'#11',0,0,0,0,0,0,0,0,0,0,0,0,0,0,0,0,0,0,0,0,0,0,0,'https://a.espncdn.com/combiner/i?img=/i/headshots/nba/players/full/2595435.png','2022-11-26 21:27:47'),(1584,'Chris','Paul','chris paul',26,'Phoenix Suns','6\' 0\"','Point Guard','G','175 lbs',37,'#3',39,32,19.5,14.2,123,0.829,271,0.458,163,0.374,0.497,0.546,13.7,4.2,7.4,9.1,39.7,1.59,0.46,2.08,10.1,120.2,109.1,'https://a.espncdn.com/combiner/i?img=/i/headshots/nba/players/full/2779.png','2023-02-17 08:20:05'),(1585,'Cameron','Payne','cameron payne',26,'Phoenix Suns','6\' 1\"','Point Guard','G','183 lbs',28,'#15',28,24,24.5,14.3,49,0.776,181,0.436,127,0.378,0.49,0.516,12.1,2.3,5.3,5.3,32.8,0.89,0.18,1.96,8.8,107,109.1,'https://a.espncdn.com/combiner/i?img=/i/headshots/nba/players/full/3064230.png','2023-02-17 08:20:05'),(1586,'Elfrid','Payton','elfrid payton',NULL,'','6\' 3\"','Point Guard',NULL,'195 lbs',28,'#2',0,0,0,0,0,0,0,0,0,0,0,0,0,0,0,0,0,0,0,0,0,0,0,'https://a.espncdn.com/combiner/i?img=/i/headshots/nba/players/full/2583639.png','2022-11-26 21:27:47'),(1587,'Dario','Saric','dario saric',26,'Phoenix Suns','6\' 10\"','Power Forward','F','225 lbs',28,'#20',37,14.4,18.7,15.4,44,0.818,109,0.45,69,0.391,0.503,0.545,5.8,3.8,14.8,1.5,14.9,0.35,0.14,0.97,8.9,110.3,101.4,'https://a.espncdn.com/combiner/i?img=/i/headshots/nba/players/full/3032978.png','2023-02-17 08:20:05'),(1588,'Landry','Shamet','landry shamet',26,'Phoenix Suns','6\' 4\"','Shooting Guard','G','190 lbs',25,'#14',30,21.4,19.4,9.9,45,0.911,80,0.388,163,0.374,0.504,0.544,9.5,1.7,4.4,2.2,14.5,0.6,0.17,0.97,6.1,111.2,111.7,'https://a.espncdn.com/combiner/i?img=/i/headshots/nba/players/full/3914044.png','2023-02-17 08:20:05'),(1589,'Jeff','Dowtin Jr.','jeff dowtin jr.',14,'Toronto Raptors','6\' 3\"','Point Guard','G','177 lbs',25,'#20',15,6.8,13,9.6,3,1,21,0.524,6,0.167,0.463,0.494,1.9,0.9,7.8,0.8,15.8,0.2,0.07,0.2,6.5,114.7,114.9,'https://a.espncdn.com/combiner/i?img=/i/headshots/nba/players/full/4066786.png','2023-02-15 08:00:05'),(1590,'Malachi','Flynn','malachi flynn',14,'Toronto Raptors','6\' 1\"','Point Guard','G','175 lbs',24,'#22',42,13.9,16.4,8,20,0.75,87,0.356,110,0.373,0.47,0.486,4.8,1.5,6.3,1.5,14.8,0.4,0.07,0.43,6.4,108.6,109.9,'https://a.espncdn.com/combiner/i?img=/i/headshots/nba/players/full/4066668.png','2023-02-15 08:00:05'),(1591,'Pascal','Siakam','pascal siakam',14,'Toronto Raptors','6\' 8\"','Power Forward','F','230 lbs',28,'#43',49,37.7,27.9,10.4,366,0.765,721,0.52,201,0.343,0.519,0.571,25.2,7.8,11.7,6.1,26.3,0.82,0.55,2.57,11.3,118.8,108.9,'https://a.espncdn.com/combiner/i?img=/i/headshots/nba/players/full/3149673.png','2023-02-15 08:00:06'),(1592,'Chandler','Hutchison','chandler hutchison',NULL,'','6\' 6\"','Small Forward',NULL,'210 lbs',25,'#35',0,0,0,0,0,0,0,0,0,0,0,0,0,0,0,0,0,0,0,0,0,0,0,'https://a.espncdn.com/combiner/i?img=/i/headshots/nba/players/full/3149010.png','2022-11-26 21:27:47'),(1593,'Jaylen','Brown','jaylen brown',2,'Boston Celtics','6\' 6\"','Shooting Guard','G-F','223 lbs',26,'#7',48,35.6,31.6,11.8,262,0.779,605,0.582,366,0.331,0.549,0.585,26.5,7,10.8,3.2,15.6,1.1,0.46,3.04,9.4,109.5,106.1,'https://a.espncdn.com/combiner/i?img=/i/headshots/nba/players/full/3917376.png','2023-02-16 09:00:04'),(1594,'Sam','Hauser','sam hauser',2,'Boston Celtics','6\' 7\"','Small Forward','F','217 lbs',24,'#30',57,15.8,14.8,6.2,15,0.667,47,0.638,234,0.415,0.625,0.628,6.3,2.6,9.1,0.7,6.5,0.3,0.21,0.33,5.7,122.8,106.8,'https://a.espncdn.com/combiner/i?img=/i/headshots/nba/players/full/4065804.png','2023-02-16 09:00:05'),(1595,'Al','Horford','al horford',2,'Boston Celtics','6\' 9\"','Center','C-F','240 lbs',36,'#42',45,30.7,11.8,7.5,18,0.722,118,0.542,218,0.422,0.601,0.606,9.3,6.2,11.1,2.6,11.5,0.49,0.91,0.62,6.9,128.3,108.4,'https://a.espncdn.com/combiner/i?img=/i/headshots/nba/players/full/3213.png','2023-02-16 09:00:05'),(1596,'Payton','Pritchard','payton pritchard',2,'Boston Celtics','6\' 1\"','Point Guard','G','195 lbs',24,'#11',42,12.8,18.6,13.1,13,0.692,73,0.507,120,0.342,0.51,0.518,4.9,1.5,6.3,1.1,11.7,0.33,0.02,0.71,6.3,102.4,109.8,'https://a.espncdn.com/combiner/i?img=/i/headshots/nba/players/full/4066354.png','2023-02-16 09:00:06'),(1597,'Marcus','Smart','marcus smart',2,'Boston Celtics','6\' 4\"','Point Guard','G','220 lbs',28,'#36',42,32.4,16.9,18.8,73,0.767,173,0.543,222,0.333,0.519,0.546,11.1,3.5,5.9,7.1,30,1.4,0.4,2.36,8,113.9,106.5,'https://a.espncdn.com/combiner/i?img=/i/headshots/nba/players/full/2990992.png','2023-02-16 09:00:06'),(1598,'Jayson','Tatum','jayson tatum',2,'Boston Celtics','6\' 8\"','Small Forward','F-G','210 lbs',24,'#0',55,37.3,32.9,10.3,472,0.864,666,0.547,512,0.357,0.542,0.608,30.6,8.6,12.7,4.5,20.6,1.04,0.78,2.89,11.3,118.7,107,'https://a.espncdn.com/combiner/i?img=/i/headshots/nba/players/full/4065648.png','2023-02-16 09:00:06'),(1599,'Grant','Williams','grant williams',2,'Boston Celtics','6\' 6\"','Power Forward','F','236 lbs',23,'#12',58,27.9,12.8,13.9,94,0.83,151,0.536,215,0.414,0.586,0.622,8.7,4.8,9.5,1.8,8.7,0.64,0.38,1.14,6.1,120.3,105.4,'https://a.espncdn.com/combiner/i?img=/i/headshots/nba/players/full/4066218.png','2023-02-16 09:00:07'),(1600,'Robert','Williams III','robert williams iii',2,'Boston Celtics','6\' 9\"','Center','C-F','237 lbs',25,'#44',23,23.6,12.2,14.6,23,0.652,118,0.746,1,0,0.739,0.74,8.3,8.9,20.7,1.7,10,0.52,1.13,0.96,8.5,147.7,104.4,'https://a.espncdn.com/combiner/i?img=/i/headshots/nba/players/full/4066211.png','2023-02-16 09:00:07'),(1601,'Bruce','Brown','bruce brown',17,'Denver Nuggets','6\' 4\"','Small Forward','G-F','202 lbs',26,'#11',58,28.8,17,14.6,88,0.716,320,0.556,201,0.388,0.566,0.583,11.3,3.8,7.8,3.7,16.7,1.09,0.62,1.66,7.5,113.5,109,'https://a.espncdn.com/combiner/i?img=/i/headshots/nba/players/full/4065670.png','2023-02-16 09:00:04'),(1602,'DeAndre\'','Bembry','deandre\' bembry',NULL,'','6\' 5\"','Shooting Guard',NULL,'210 lbs',27,'#95',0,0,0,0,0,0,0,0,0,0,0,0,0,0,0,0,0,0,0,0,0,0,0,'https://a.espncdn.com/combiner/i?img=/i/headshots/nba/players/full/3062667.png','2022-11-26 21:27:47'),(1603,'Bruno','Fernando','bruno fernando',19,'Houston Rockets','6\' 10\"','Power Forward','F-C','240 lbs',24,'#20',31,11.7,15,15.1,44,0.682,92,0.522,1,0,0.516,0.561,4.1,3.9,18.3,1,11.9,0.19,1,0.65,8.6,118.4,100.1,'https://a.espncdn.com/combiner/i?img=/i/headshots/nba/players/full/4277952.png','2023-02-16 09:00:05'),(1604,'Enes','Freedom','enes freedom',NULL,'','6\' 10\"','Center',NULL,'250 lbs',29,'#13',0,0,0,0,0,0,0,0,0,0,0,0,0,0,0,0,0,0,0,0,0,0,0,'https://a.espncdn.com/combiner/i?img=/i/headshots/nba/players/full/6447.png','2022-11-26 21:27:47'),(1605,'Ron','Harper Jr.','ron harper jr.',14,'Toronto Raptors','6\' 6\"','Guard','F','245 lbs',22,'#8',3,3.1,22.6,0,0,0,2,0.5,3,0.667,0.8,0.8,2.7,0.7,12.1,0,0,0,0,0,0,0,0,'https://a.espncdn.com/combiner/i?img=/i/headshots/nba/players/full/4397251.png','2023-02-13 08:20:05'),(1606,'Juancho','Hernangomez','juancho hernangomez',14,'Toronto Raptors','6\' 9\"','Power Forward','F','214 lbs',27,'#41',41,14.8,9.4,11.1,16,0.563,47,0.66,66,0.258,0.5,0.508,3,3,11.4,0.6,5.1,0.39,0.15,0.37,4.7,108.7,110.8,'https://a.espncdn.com/combiner/i?img=/i/headshots/nba/players/full/4017839.png','2023-02-15 08:00:05'),(1607,'Christian','Koloko','christian koloko',14,'Toronto Raptors','7\' 1\"','Forward','C','230 lbs',22,'#35',45,14.6,10.7,10.8,53,0.66,116,0.517,9,0.111,0.492,0.533,3.5,3.2,12.6,0.5,4.4,0.29,1.07,0.4,4.9,120,101.4,'https://a.espncdn.com/combiner/i?img=/i/headshots/nba/players/full/4431778.png','2023-02-13 08:20:05'),(1608,'Gary','Trent Jr.','gary trent jr.',14,'Toronto Raptors','6\' 5\"','Shooting Guard','G-F','209 lbs',23,'#33',50,33.6,21.8,5.3,175,0.834,381,0.512,358,0.369,0.532,0.571,18.6,2.6,4.3,1.6,7.3,1.66,0.28,0.92,5.1,117.5,113.9,'https://a.espncdn.com/combiner/i?img=/i/headshots/nba/players/full/4277843.png','2023-02-15 08:00:06'),(1609,'Blake','Griffin','blake griffin',2,'Boston Celtics','6\' 9\"','Power Forward','F','250 lbs',33,'#91',26,14.4,13.5,11.2,24,0.625,45,0.622,47,0.404,0.614,0.624,4.9,3.4,13.1,1.3,12,0.31,0.19,0.5,7.7,128.7,100,'https://a.espncdn.com/combiner/i?img=/i/headshots/nba/players/full/3989.png','2023-02-16 09:00:05'),(1610,'Kevin','Durant','kevin durant',3,'Brooklyn Nets','6\' 10\"','Power Forward','F','240 lbs',34,'#7',39,36,31.7,13.7,285,0.937,545,0.622,189,0.376,0.607,0.674,29.7,6.7,10.6,5.3,25.1,0.82,1.49,3.49,11.3,122.8,110.7,'https://a.espncdn.com/combiner/i?img=/i/headshots/nba/players/full/3202.png','2023-02-16 09:00:05'),(1611,'Kessler','Edwards','kessler edwards',3,'Brooklyn Nets','6\' 7\"','Small Forward','F','203 lbs',22,'#14',1,10.2,4.2,0,0,0,0,0,1,0,0,0,0,1,5.6,2,21.9,0,0,0,0,94.8,121.1,'https://a.espncdn.com/combiner/i?img=/i/headshots/nba/players/full/4397693.png','2023-02-17 19:10:06'),(1612,'Joe','Harris','joe harris',3,'Brooklyn Nets','6\' 6\"','Small Forward','G-F','220 lbs',31,'#12',51,23.8,14.2,8.3,24,0.625,98,0.561,246,0.423,0.613,0.616,8.6,2.6,6.3,1.6,9.1,0.51,0.25,0.63,5.5,119.1,109.4,'https://a.espncdn.com/combiner/i?img=/i/headshots/nba/players/full/2528794.png','2023-02-16 09:00:05'),(1613,'Kyrie','Irving','kyrie irving',16,'Brooklyn Nets','6\' 2\"','Point Guard','G','195 lbs',30,'#11',4,38.4,27.5,10.8,18,1,40,0.625,35,0.429,0.633,0.681,28.3,4.8,7.3,7,33.3,1.25,0.75,2.5,10.2,133.9,111.3,'https://a.espncdn.com/combiner/i?img=/i/headshots/nba/players/full/6442.png','2023-02-17 19:10:05'),(1614,'Day\'Ron','Sharpe','day\'ron sharpe',3,'Brooklyn Nets','6\' 9\"','Center','F','265 lbs',21,'#20',32,10.2,19,19.4,27,0.593,94,0.532,6,0.667,0.56,0.572,4,3.8,21.4,0.7,9.8,0.16,0.5,0.84,8.6,115.8,96.4,'https://a.espncdn.com/combiner/i?img=/i/headshots/nba/players/full/4432194.png','2023-02-16 09:00:06'),(1615,'Cam','Thomas','cam thomas',3,'Brooklyn Nets','6\' 3\"','Shooting Guard','G','210 lbs',21,'#24',41,16.6,27.8,10.2,135,0.844,233,0.476,88,0.409,0.514,0.584,10.8,1.7,5.8,1.6,14.2,0.37,0.12,1.05,7.4,112.1,113.7,'https://a.espncdn.com/combiner/i?img=/i/headshots/nba/players/full/4432174.png','2023-02-16 09:00:06'),(1616,'LaMelo','Ball','lamelo ball',4,'Charlotte Hornets','6\' 7\"','Point Guard','G','180 lbs',21,'#1',33,35.4,29.7,13.7,110,0.864,318,0.456,351,0.365,0.504,0.536,23.3,6.3,9.4,8.4,37.7,1.3,0.33,3.45,12.1,108.7,109.2,'https://a.espncdn.com/combiner/i?img=/i/headshots/nba/players/full/4432816.png','2023-02-16 09:00:04'),(1617,'Miles','Bridges','miles bridges',NULL,'','6\' 7\"','Small Forward',NULL,'225 lbs',24,'#0',0,0,0,0,0,0,0,0,0,0,0,0,0,0,0,0,0,0,0,0,0,0,0,'https://a.espncdn.com/combiner/i?img=/i/headshots/nba/players/full/4066383.png','2022-11-26 21:27:47'),(1618,'James','Bouknight','james bouknight',4,'Charlotte Hornets','6\' 4\"','Shooting Guard','G','190 lbs',22,'#2',26,13.6,17.8,12.6,22,0.682,58,0.414,64,0.25,0.393,0.421,4.3,2,7.6,1.1,10.5,0.5,0.15,0.73,6.2,86.5,111.3,'https://a.espncdn.com/combiner/i?img=/i/headshots/nba/players/full/4431712.png','2023-02-16 09:00:04'),(1619,'Gordon','Hayward','gordon hayward',4,'Charlotte Hornets','6\' 7\"','Small Forward','F','225 lbs',32,'#20',34,31.2,19.3,12.8,106,0.811,270,0.522,111,0.315,0.508,0.553,13.9,4.2,7.1,3.6,16.5,0.88,0.21,1.85,7.6,109,116.6,'https://a.espncdn.com/combiner/i?img=/i/headshots/nba/players/full/4249.png','2023-02-16 09:00:05'),(1620,'James','Harden','james harden',13,'Philadelphia 76ers','6\' 5\"','Shooting Guard','G','220 lbs',33,'#1',41,36.4,25.3,16.4,263,0.863,298,0.513,297,0.387,0.547,0.618,21.4,6.2,9.9,10.8,45.1,1.2,0.59,3.39,12.4,124.4,109.3,'https://a.espncdn.com/combiner/i?img=/i/headshots/nba/players/full/3992.png','2023-02-16 09:00:05'),(1621,'Precious','Achiuwa','precious achiuwa',14,'Toronto Raptors','6\' 8\"','Power Forward','F','225 lbs',23,'#5',35,23.6,19.1,11.1,97,0.691,212,0.571,75,0.253,0.521,0.555,10.5,6.7,16.2,1,6.3,0.69,0.69,1.17,7,113.5,107.2,'https://a.espncdn.com/combiner/i?img=/i/headshots/nba/players/full/4431679.png','2023-02-15 08:00:04'),(1622,'Otto','Porter Jr.','otto porter jr.',14,'Toronto Raptors','6\' 8\"','Small Forward','F','198 lbs',29,'#32',8,18.3,10.9,10.7,8,1,13,0.692,17,0.353,0.6,0.656,5.5,2.4,7.4,1,7.2,1.38,0,0.5,5.2,132.5,112.1,'https://a.espncdn.com/combiner/i?img=/i/headshots/nba/players/full/2594922.png','2023-02-15 08:00:06'),(1623,'Simone','Fontecchio','simone fontecchio',30,'Utah Jazz','6\' 8\"','Forward','F','209 lbs',26,'#16',31,9.6,18.7,13.5,16,0.688,33,0.455,75,0.32,0.472,0.491,3.6,1.1,6.4,0.5,7.2,0.13,0.19,0.58,5.2,98.3,112.6,'https://a.espncdn.com/combiner/i?img=/i/headshots/nba/players/full/3899664.png','2023-02-16 09:00:05'),(1624,'Cody','Martin','cody martin',4,'Charlotte Hornets','6\' 6\"','Small Forward','F','205 lbs',27,'#11',7,19.1,12.8,4.9,7,0.571,22,0.5,14,0.214,0.431,0.448,5,3.4,9.5,1.6,10.8,0.57,0.14,0.29,6.3,108.4,110.3,'https://a.espncdn.com/combiner/i?img=/i/headshots/nba/players/full/3138161.png','2023-02-16 09:00:06'),(1625,'Jalen','McDaniels','jalen mcdaniels',4,'Charlotte Hornets','6\' 9\"','Power Forward','F-C','205 lbs',24,'#6',3,18.7,11.4,0,1,1,11,0.455,3,0.667,0.571,0.589,5.7,4.3,13.6,1.3,10,0.33,0,0,6.8,140.4,102.6,'https://a.espncdn.com/combiner/i?img=/i/headshots/nba/players/full/4066731.png','2023-02-17 19:10:05'),(1626,'Kelly','Oubre Jr.','kelly oubre jr.',4,'Charlotte Hornets','6\' 6\"','Shooting Guard','F-G','203 lbs',26,'#12',35,32.6,26.6,6,140,0.714,364,0.503,260,0.308,0.486,0.515,20.2,5.1,8.3,1.2,5.8,1.57,0.37,1.26,6.1,104.5,110.2,'https://a.espncdn.com/combiner/i?img=/i/headshots/nba/players/full/3133603.png','2023-02-16 09:00:06'),(1627,'Nick','Richards','nick richards',4,'Charlotte Hornets','7\' 0\"','Center','C','245 lbs',24,'#4',45,17.2,16.7,12.5,124,0.726,218,0.619,0,0,0.619,0.66,8,5.8,17.6,0.5,4.3,0.2,0.96,0.87,6.6,130.2,105.3,'https://a.espncdn.com/combiner/i?img=/i/headshots/nba/players/full/4278076.png','2023-02-16 09:00:06'),(1628,'Fred','VanVleet','fred vanvleet',14,'Toronto Raptors','6\' 1\"','Shooting Guard','G','197 lbs',28,'#23',50,36.9,23.2,9.4,214,0.893,381,0.451,436,0.344,0.486,0.541,19.7,4.3,6.6,6.6,26.3,1.58,0.62,1.9,8.9,116.9,110.4,'https://a.espncdn.com/combiner/i?img=/i/headshots/nba/players/full/2991230.png','2023-02-15 08:00:07'),(1629,'Thaddeus','Young','thaddeus young',14,'Toronto Raptors','6\' 8\"','Power Forward','F','235 lbs',34,'#21',47,16,13.2,16.2,26,0.692,154,0.643,31,0.161,0.576,0.588,4.9,3.3,11.8,1.5,12.9,1.13,0.11,0.81,7.2,119.3,104.4,'https://a.espncdn.com/combiner/i?img=/i/headshots/nba/players/full/3244.png','2023-02-15 08:00:07'),(1630,'Ochai','Agbaji','ochai agbaji',30,'Utah Jazz','6\' 5\"','Guard','G','215 lbs',22,'#30',37,15.1,11.2,7.4,16,0.625,52,0.635,78,0.397,0.612,0.617,4.6,1.7,6.1,0.5,4.2,0.14,0.11,0.3,4.2,125.4,113.3,'https://a.espncdn.com/combiner/i?img=/i/headshots/nba/players/full/4397018.png','2023-02-16 09:00:04'),(1631,'Nickeil','Alexander-Walker','nickeil alexander-walker',30,'Utah Jazz','6\' 5\"','Shooting Guard','G','205 lbs',24,'#6',2,3.1,20.7,33.3,0,0,2,0.5,0,0,0.5,0.5,1,0.5,9.1,0,0,0,0,0.5,0,0,0,'https://a.espncdn.com/combiner/i?img=/i/headshots/nba/players/full/4278039.png','2023-02-17 19:10:04'),(1632,'Udoka','Azubuike','udoka azubuike',30,'Utah Jazz','7\' 0\"','Center','C-F','270 lbs',23,'#20',24,5.7,11.3,27.3,6,0.333,24,0.875,0,0,0.875,0.826,1.8,2.1,20,0.3,6.1,0.13,0.25,0.42,7.3,125.1,107,'https://a.espncdn.com/combiner/i?img=/i/headshots/nba/players/full/4066299.png','2023-02-16 09:00:04'),(1633,'Malik','Beasley','malik beasley',30,'Utah Jazz','6\' 4\"','Shooting Guard','G','187 lbs',25,'#5',3,20.3,26.3,10.5,0,0,9,0.556,25,0.32,0.5,0.5,11.3,2.3,6.1,1,7.3,1.33,0,1.33,5.8,90.4,107.4,'https://a.espncdn.com/combiner/i?img=/i/headshots/nba/players/full/3907822.png','2023-02-17 19:10:04'),(1634,'Leandro','Bolmaro','leandro bolmaro',30,'Utah Jazz','6\' 6\"','Shooting Guard','F','200 lbs',22,'#10',14,4.9,15.9,26.9,0,0,15,0.2,4,0,0.158,0.158,0.4,0.5,5.6,0.5,12.3,0.14,0.07,0.5,3.8,51.5,107.2,'https://a.espncdn.com/combiner/i?img=/i/headshots/nba/players/full/4683025.png','2023-02-16 09:00:04'),(1635,'Jordan','Clarkson','jordan clarkson',30,'Utah Jazz','6\' 4\"','Point Guard','G','194 lbs',30,'#00',58,32.5,28,13.8,231,0.818,541,0.529,443,0.345,0.524,0.562,21,4.1,6.8,4.2,20.2,0.52,0.22,3,8.8,109.5,115.9,'https://a.espncdn.com/combiner/i?img=/i/headshots/nba/players/full/2528426.png','2023-02-16 09:00:04'),(1636,'Mike','Conley','mike conley',30,'Utah Jazz','6\' 1\"','Point Guard','G','175 lbs',35,'#11',3,30.5,12.9,18,4,0.75,8,0.375,13,0.308,0.429,0.461,7,2,3.7,6,24.2,1.67,0,1.67,5.7,106.6,114.1,'https://a.espncdn.com/combiner/i?img=/i/headshots/nba/players/full/3195.png','2023-02-17 19:10:04'),(1637,'Talen','Horton-Tucker','talen horton-tucker',30,'Utah Jazz','6\' 4\"','Shooting Guard','G','234 lbs',22,'#0',46,16.5,22.8,13.6,83,0.735,201,0.493,119,0.261,0.455,0.494,7.7,2.5,8.2,2.9,24.6,0.61,0.41,1.22,9.3,105.3,110.4,'https://a.espncdn.com/combiner/i?img=/i/headshots/nba/players/full/4396991.png','2023-02-16 09:00:05'),(1638,'Will','Barton','will barton',15,'Washington Wizards','6\' 5\"','Small Forward','G','181 lbs',31,'#5',40,19.6,19.4,12.9,45,0.778,147,0.395,137,0.38,0.479,0.505,7.7,2.8,7.8,2.4,16.6,0.43,0.25,1.13,7.6,101.7,113.3,'https://a.espncdn.com/combiner/i?img=/i/headshots/nba/players/full/6579.png','2023-02-17 08:20:04'),(1639,'Ersan','Ilyasova','ersan ilyasova',NULL,'','6\' 9\"','Power Forward',NULL,'235 lbs',34,'#77',0,0,0,0,0,0,0,0,0,0,0,0,0,0,0,0,0,0,0,0,0,0,0,'https://a.espncdn.com/combiner/i?img=/i/headshots/nba/players/full/2767.png','2022-11-26 21:27:47'),(1640,'Denzel','Valentine','denzel valentine',NULL,'','6\' 4\"','Guard',NULL,'220 lbs',28,'#45',0,0,0,0,0,0,0,0,0,0,0,0,0,0,0,0,0,0,0,0,0,0,0,'https://a.espncdn.com/combiner/i?img=/i/headshots/nba/players/full/2999549.png','2022-11-26 21:27:47'),(1641,'Justin','Holiday','justin holiday',1,'Atlanta Hawks','6\' 6\"','Small Forward','F-G','180 lbs',33,'#8',28,14.7,14.1,8.8,0,0,38,0.474,87,0.345,0.504,0.504,4.5,0.8,3,0.9,7.7,0.18,0.36,0.43,4,100.8,112.7,'https://a.espncdn.com/combiner/i?img=/i/headshots/nba/players/full/2284101.png','2023-02-16 09:00:05'),(1642,'Ish','Smith','ish smith',17,'Denver Nuggets','6\' 0\"','Point Guard','G','175 lbs',34,'#14',30,10.4,18.7,26.1,2,0.5,92,0.424,6,0.333,0.429,0.43,2.8,1.4,7.9,2.4,30,0.2,0.2,1.17,8.1,89.6,109.3,'https://a.espncdn.com/combiner/i?img=/i/headshots/nba/players/full/4305.png','2023-02-16 09:00:06'),(1643,'Chris','Duarte','chris duarte',8,'Indiana Pacers','6\' 5\"','Shooting Guard','G','190 lbs',25,'#3',36,19.3,19.5,10.2,66,0.833,123,0.431,138,0.297,0.439,0.49,7.9,2.4,7,1.5,10.6,0.5,0.22,0.92,6.3,100,113.6,'https://a.espncdn.com/combiner/i?img=/i/headshots/nba/players/full/4592402.png','2023-02-16 09:00:05'),(1644,'T.J.','McConnell','t.j. mcconnell',8,'Indiana Pacers','6\' 1\"','Point Guard','G','190 lbs',30,'#9',57,19.6,18.3,20.9,48,0.854,323,0.533,41,0.439,0.547,0.57,7.7,2.9,8.2,5,37.1,1.04,0.09,1.79,9.8,113.6,113,'https://a.espncdn.com/combiner/i?img=/i/headshots/nba/players/full/2530530.png','2023-02-16 09:00:06'),(1645,'Domantas','Sabonis','domantas sabonis',28,'Sacramento Kings','6\' 11\"','Power Forward','F-C','240 lbs',26,'#10',55,34.6,21,17,305,0.764,571,0.641,66,0.348,0.629,0.67,18.8,12.3,20.4,6.9,28.9,0.84,0.45,2.87,13.5,132,104.1,'https://a.espncdn.com/combiner/i?img=/i/headshots/nba/players/full/3155942.png','2023-02-15 08:00:06'),(1646,'Walker','Kessler','walker kessler',30,'Utah Jazz','7\' 1\"','Center','C','245 lbs',21,'#24',57,21.3,13.2,12.1,114,0.544,285,0.712,0,0,0.712,0.698,8.2,7.7,19.8,0.8,5,0.4,2.05,0.81,6.9,138.2,106.4,'https://a.espncdn.com/combiner/i?img=/i/headshots/nba/players/full/4433136.png','2023-02-16 09:00:05'),(1647,'Zylan','Cheatham','zylan cheatham',NULL,'','6\' 8\"','Forward',NULL,'220 lbs',26,'#45',0,0,0,0,0,0,0,0,0,0,0,0,0,0,0,0,0,0,0,0,0,0,0,'https://a.espncdn.com/combiner/i?img=/i/headshots/nba/players/full/3137713.png','2022-11-26 21:27:47'),(1648,'Alize','Johnson','alize johnson',NULL,'','6\' 7\"','Forward','F','210 lbs',26,'#19',4,7.4,15.3,36.8,2,0.5,4,0.75,2,0,0.5,0.509,1.8,2.5,18.8,0.3,4.3,0.25,0,1,6,74,109.2,'https://a.espncdn.com/combiner/i?img=/i/headshots/nba/players/full/4067045.png','2023-02-16 09:00:05'),(1649,'Lauri','Markkanen','lauri markkanen',30,'Utah Jazz','6\' 11\"','Power Forward','F-C','240 lbs',25,'#23',54,34.3,25.4,8.8,308,0.877,488,0.594,398,0.412,0.605,0.657,24.9,8.6,13.7,1.8,8.4,0.63,0.63,1.81,8.5,128.2,112.4,'https://a.espncdn.com/combiner/i?img=/i/headshots/nba/players/full/4066336.png','2023-02-16 09:00:06'),(1650,'Kelly','Olynyk','kelly olynyk',30,'Utah Jazz','6\' 11\"','Power Forward','F-C','240 lbs',31,'#41',48,28.2,17.4,18.7,143,0.853,220,0.568,173,0.405,0.585,0.638,12.1,5.3,10.3,3.3,15.9,0.96,0.56,2.19,8.5,118.7,105,'https://a.espncdn.com/combiner/i?img=/i/headshots/nba/players/full/2489663.png','2023-02-16 09:00:06'),(1651,'Micah','Potter','micah potter',30,'Utah Jazz','6\' 10\"','Center','F','248 lbs',24,'#25',3,4.8,5.8,0,0,0,2,1,0,0,1,1,1.3,1,11.4,0.7,18.8,0,0,0,8.1,212.3,106.8,'https://a.espncdn.com/combiner/i?img=/i/headshots/nba/players/full/4066399.png','2023-02-16 09:00:06'),(1652,'Collin','Sexton','collin sexton',30,'Utah Jazz','6\' 1\"','Point Guard','G','190 lbs',23,'#2',47,24,23.2,13.3,197,0.822,338,0.538,117,0.41,0.558,0.618,14.3,2.2,5,2.9,17.7,0.57,0.13,1.77,7.5,120.1,112.4,'https://a.espncdn.com/combiner/i?img=/i/headshots/nba/players/full/4277811.png','2023-02-16 09:00:06'),(1653,'Jarred','Vanderbilt','jarred vanderbilt',30,'Utah Jazz','6\' 9\"','Power Forward','F','214 lbs',23,'#8',3,22.2,11.2,11.3,4,1,14,0.714,0,0,0.714,0.761,8,6,14.4,3,18.3,1.33,0.33,0.67,9.4,153.3,104.3,'https://a.espncdn.com/combiner/i?img=/i/headshots/nba/players/full/4278077.png','2023-02-17 19:10:05'),(1654,'Deni','Avdija','deni avdija',15,'Washington Wizards','6\' 9\"','Small Forward','F','210 lbs',21,'#9',56,26.3,16.4,14.6,125,0.752,249,0.53,170,0.294,0.494,0.536,9.1,6.3,13.2,2.5,12.8,0.89,0.48,1.45,8,107.8,103.9,'https://a.espncdn.com/combiner/i?img=/i/headshots/nba/players/full/4683021.png','2023-02-17 08:20:04'),(1655,'Devon','Dotson','devon dotson',15,'Washington Wizards','6\' 1\"','Guard','G','185 lbs',23,'#15',6,8.9,9.8,25,0,0,6,0,3,0.333,0.167,0.167,0.5,1.7,10.4,1.3,17.7,0.83,0,0.5,4.6,86.6,97.4,'https://a.espncdn.com/combiner/i?img=/i/headshots/nba/players/full/4397016.png','2023-02-17 08:20:04'),(1656,'Dakota','Mathias','dakota mathias',NULL,'','6\' 4\"','Guard',NULL,'200 lbs',27,'#33',0,0,0,0,0,0,0,0,0,0,0,0,0,0,0,0,0,0,0,0,0,0,0,'https://a.espncdn.com/combiner/i?img=/i/headshots/nba/players/full/3136991.png','2022-11-26 21:27:47'),(1657,'Killian','Tillie','killian tillie',NULL,'','6\' 9\"','Small Forward',NULL,'220 lbs',24,'#35',0,0,0,0,0,0,0,0,0,0,0,0,0,0,0,0,0,0,0,0,0,0,0,'https://a.espncdn.com/combiner/i?img=/i/headshots/nba/players/full/4066651.png','2022-11-26 21:27:47'),(1658,'Yves','Pons','yves pons',NULL,'','6\' 5\"','Shooting Guard',NULL,'206 lbs',23,'#5',0,0,0,0,0,0,0,0,0,0,0,0,0,0,0,0,0,0,0,0,0,0,0,'https://a.espncdn.com/combiner/i?img=/i/headshots/nba/players/full/4278116.png','2022-11-26 21:27:47'),(1659,'Xavier','Tillman','xavier tillman',22,'Memphis Grizzlies','6\' 8\"','Center','F','245 lbs',23,'#2',38,14.7,13.1,11.2,54,0.5,125,0.632,10,0.3,0.619,0.611,5.1,3.8,13.6,1.1,9.7,0.76,0.37,0.53,7.5,128.8,104.7,'https://a.espncdn.com/combiner/i?img=/i/headshots/nba/players/full/4277964.png','2023-02-16 09:00:06'),(1660,'Ziaire','Williams','ziaire williams',22,'Memphis Grizzlies','6\' 9\"','Shooting Guard','F','185 lbs',21,'#8',28,17.4,16.5,14.8,17,0.765,78,0.603,81,0.247,0.484,0.502,6,2.5,7.4,0.9,6.5,0.43,0.18,1.04,5.5,95.1,104.2,'https://a.espncdn.com/combiner/i?img=/i/headshots/nba/players/full/4433137.png','2023-02-16 09:00:07'),(1661,'Bam','Adebayo','bam adebayo',9,'Miami Heat','6\' 9\"','Center','C-F','255 lbs',25,'#13',54,35.4,25.8,12.2,302,0.805,837,0.55,11,0.091,0.544,0.594,21.6,10,16.3,3.3,16.4,1.2,0.81,2.52,10.1,116.8,103.6,'https://a.espncdn.com/combiner/i?img=/i/headshots/nba/players/full/4066261.png','2023-02-16 09:00:04'),(1662,'Bradley','Beal','bradley beal',15,'Washington Wizards','6\' 4\"','Shooting Guard','G','207 lbs',29,'#3',36,32.9,28.5,12.7,158,0.854,440,0.575,168,0.375,0.572,0.613,23.1,3.5,5.9,5.2,26,0.89,0.64,2.75,9.1,116.9,113.4,'https://a.espncdn.com/combiner/i?img=/i/headshots/nba/players/full/6580.png','2023-02-17 08:20:04'),(1663,'Xavier','Sneed','xavier sneed',NULL,'','6\' 5\"','Forward',NULL,'215 lbs',24,'#19',0,0,0,0,0,0,0,0,0,0,0,0,0,0,0,0,0,0,0,0,0,0,0,'https://a.espncdn.com/combiner/i?img=/i/headshots/nba/players/full/4066303.png','2022-11-26 21:27:47'),(1664,'Vernon','Carey Jr.','vernon carey jr.',15,'Washington Wizards','6\' 9\"','Center','F-C','270 lbs',21,'#13',11,2.6,16.6,18.4,2,1,8,0.25,0,0,0.25,0.338,0.5,1,21.4,0.3,13.1,0.18,0.18,0.18,8.2,0,0,'https://a.espncdn.com/combiner/i?img=/i/headshots/nba/players/full/4431669.png','2023-02-15 08:00:04'),(1665,'Johnny','Davis','johnny davis',15,'Washington Wizards','6\' 5\"','Guard','G','195 lbs',20,'#1',13,4.7,15.1,9.4,3,1,14,0.357,4,0.25,0.361,0.414,1.2,0.6,7.2,0.2,4.2,0.08,0.08,0.15,4.5,86.2,96.4,'https://a.espncdn.com/combiner/i?img=/i/headshots/nba/players/full/4432356.png','2023-02-17 08:20:04'),(1666,'Jon','Teske','jon teske',NULL,'','7\' 1\"','Center',NULL,'265 lbs',24,'#15',0,0,0,0,0,0,0,0,0,0,0,0,0,0,0,0,0,0,0,0,0,0,0,'https://a.espncdn.com/combiner/i?img=/i/headshots/nba/players/full/4066378.png','2022-11-26 21:27:47'),(1667,'Daniel','Gafford','daniel gafford',15,'Washington Wizards','6\' 9\"','Center','F-C','234 lbs',24,'#21',56,18.8,15.3,14.4,139,0.64,255,0.745,0,0,0.745,0.742,8.4,5.3,15.6,0.9,7.2,0.36,1.32,0.95,7.3,138.3,104.2,'https://a.espncdn.com/combiner/i?img=/i/headshots/nba/players/full/4278049.png','2023-02-17 08:20:04'),(1668,'Taj','Gibson','taj gibson',15,'Washington Wizards','6\' 9\"','Forward','F','232 lbs',37,'#67',35,10.1,15.7,14.8,32,0.688,79,0.608,16,0.25,0.568,0.596,3.7,2,11,0.8,10.5,0.37,0.29,0.54,7.2,117.6,97.2,'https://a.espncdn.com/combiner/i?img=/i/headshots/nba/players/full/3986.png','2023-02-17 08:20:04'),(1669,'Anthony','Gill','anthony gill',15,'Washington Wizards','6\' 7\"','Power Forward','F','230 lbs',30,'#16',41,10,11.2,8.5,29,0.828,65,0.738,19,0.158,0.625,0.667,3.1,1.4,7.7,0.5,6.5,0.12,0.2,0.22,5.2,136.4,107.8,'https://a.espncdn.com/combiner/i?img=/i/headshots/nba/players/full/2581184.png','2023-02-17 08:20:04'),(1670,'Jordan','Goodwin','jordan goodwin',15,'Washington Wizards','6\' 3\"','Guard','G','200 lbs',24,'#7',40,18.1,16.2,13.4,44,0.75,147,0.483,67,0.388,0.514,0.542,6.3,3.3,10,2.5,18.4,1.03,0.53,0.9,8.2,114.3,106.3,'https://a.espncdn.com/combiner/i?img=/i/headshots/nba/players/full/4278402.png','2023-02-17 08:20:04'),(1671,'Rui','Hachimura','rui hachimura',15,'Washington Wizards','6\' 8\"','Power Forward','F','230 lbs',24,'#8',11,26.2,17.1,4.3,33,0.606,69,0.536,28,0.286,0.505,0.529,10.7,6.1,12.4,0.5,2.8,0.36,0.27,0.45,4.9,112.2,114.4,'https://a.espncdn.com/combiner/i?img=/i/headshots/nba/players/full/4066648.png','2023-02-17 19:10:04'),(1672,'Monte','Morris','monte morris',15,'Washington Wizards','6\' 2\"','Point Guard','G','183 lbs',27,'#22',50,28.1,15.2,10,67,0.806,245,0.535,167,0.401,0.562,0.586,10.3,3.4,6.7,5.3,26,0.72,0.16,0.98,8.1,126.1,113.9,'https://a.espncdn.com/combiner/i?img=/i/headshots/nba/players/full/3059310.png','2023-02-17 08:20:05'),(1673,'Kristaps','Porzingis','kristaps porzingis',15,'Washington Wizards','7\' 3\"','Center','F-C','240 lbs',27,'#6',50,32.5,27.4,10.5,350,0.843,494,0.551,270,0.37,0.552,0.62,22.8,8.6,14.7,2.5,12.1,0.88,1.52,2.16,9.7,121.1,105.7,'https://a.espncdn.com/combiner/i?img=/i/headshots/nba/players/full/3102531.png','2023-02-17 08:20:05'),(1674,'Delon','Wright','delon wright',15,'Washington Wizards','6\' 5\"','Shooting Guard','G','185 lbs',30,'#55',29,22.5,12.8,14.6,31,0.903,85,0.541,65,0.308,0.507,0.55,6.2,3.2,7.9,3.7,21.3,2,0.28,0.97,7.4,121.6,108.9,'https://a.espncdn.com/combiner/i?img=/i/headshots/nba/players/full/3064447.png','2023-02-17 08:20:06'),(1675,'Jordan','Schakel','jordan schakel',NULL,'','6\' 6\"','Forward','G','200 lbs',24,'#20',2,3.1,14,0,0,0,1,0,1,1,0.75,0.75,1.5,0,0,0.5,22.7,0.5,0,0,0,0,0,'https://a.espncdn.com/combiner/i?img=/i/headshots/nba/players/full/4278707.png','2023-02-15 08:00:06'),(1676,'Dejounte','Murray','dejounte murray',1,'Atlanta Hawks','6\' 4\"','Shooting Guard','G','180 lbs',26,'#5',54,36.5,24.6,10.5,134,0.836,668,0.507,303,0.363,0.519,0.544,20.7,5.5,8.1,6.1,24.3,1.54,0.33,2.24,9.7,111.1,114.1,'https://a.espncdn.com/combiner/i?img=/i/headshots/nba/players/full/3907497.png','2023-02-16 09:00:06'),(1677,'Khem','Birch','khem birch',14,'Toronto Raptors','6\' 9\"','Center','C','233 lbs',30,'#24',20,8.1,11.1,19,5,0.8,30,0.6,2,0.5,0.609,0.629,2.2,1.3,8.8,0.4,5.8,0.25,0.25,0.4,5.2,113.2,103.2,'https://a.espncdn.com/combiner/i?img=/i/headshots/nba/players/full/2578240.png','2023-02-15 08:00:04'),(1678,'Jaylen','Morris','jaylen morris',NULL,'','6\' 5\"','Forward',NULL,'185 lbs',26,'#30',0,0,0,0,0,0,0,0,0,0,0,0,0,0,0,0,0,0,0,0,0,0,0,'https://a.espncdn.com/combiner/i?img=/i/headshots/nba/players/full/3952343.png','2022-11-26 21:27:47'),(1679,'Bojan','Bogdanovic','bojan bogdanovic',7,'Detroit Pistons','6\' 7\"','Small Forward','F','226 lbs',33,'#44',56,32.1,25.8,11.6,298,0.883,503,0.547,334,0.407,0.572,0.631,21.8,3.7,6.3,2.6,13.5,0.59,0.13,2.27,7.4,118.6,117.7,'https://a.espncdn.com/combiner/i?img=/i/headshots/nba/players/full/3593.png','2023-02-16 09:00:04'),(1680,'Cassius','Winston','cassius winston',NULL,'','6\' 1\"','Point Guard',NULL,'185 lbs',24,'#5',0,0,0,0,0,0,0,0,0,0,0,0,0,0,0,0,0,0,0,0,0,0,0,'https://a.espncdn.com/combiner/i?img=/i/headshots/nba/players/full/4066382.png','2022-11-26 21:27:47'),(1681,'Raul','Neto','raul neto',6,'Cleveland Cavaliers','6\' 2\"','Point Guard','G','180 lbs',30,'#19',39,10.3,12,12,25,0.92,49,0.653,35,0.314,0.577,0.632,3.1,0.9,5.3,1.4,18.1,0.41,0.08,0.33,6.1,131,104.9,'https://a.espncdn.com/combiner/i?img=/i/headshots/nba/players/full/2968361.png','2023-02-16 09:00:06'),(1682,'Corey','Kispert','corey kispert',15,'Washington Wizards','6\' 6\"','Small Forward','F','224 lbs',23,'#24',50,27.2,13.1,9.7,59,0.864,120,0.6,225,0.413,0.613,0.639,9.5,2.7,5.5,1.2,6.1,0.58,0.12,0.8,4.6,120.8,114.6,'https://a.espncdn.com/combiner/i?img=/i/headshots/nba/players/full/4280151.png','2023-02-17 08:20:05'),(1683,'Kyle','Kuzma','kyle kuzma',15,'Washington Wizards','6\' 9\"','Small Forward','F','221 lbs',27,'#33',53,34.9,27.9,13.1,196,0.719,545,0.536,403,0.337,0.523,0.548,21.4,7.6,12,3.9,17.5,0.49,0.49,2.94,9.8,104.2,110.1,'https://a.espncdn.com/combiner/i?img=/i/headshots/nba/players/full/3134907.png','2023-02-17 08:20:05'),(1684,'Isaiah','Todd','isaiah todd',15,'Washington Wizards','6\' 9\"','Power Forward','F','219 lbs',21,'#14',4,3.2,13.8,0,0,0,1,1,3,0,0.25,0.25,0.5,0,0,0,0,0,0,0,0,0,0,'https://a.espncdn.com/combiner/i?img=/i/headshots/nba/players/full/4715198.png','2023-02-07 08:10:06'),(1685,'Tremont','Waters','tremont waters',NULL,'','5\' 10\"','Guard',NULL,'175 lbs',24,'#51',0,0,0,0,0,0,0,0,0,0,0,0,0,0,0,0,0,0,0,0,0,0,0,'https://a.espncdn.com/combiner/i?img=/i/headshots/nba/players/full/4278080.png','2022-11-26 21:27:47'),(1686,'Brad','Wanamaker','brad wanamaker',NULL,'','6\' 3\"','Point Guard',NULL,'210 lbs',32,'#10',0,0,0,0,0,0,0,0,0,0,0,0,0,0,0,0,0,0,0,0,0,0,0,'https://a.espncdn.com/combiner/i?img=/i/headshots/nba/players/full/6507.png','2022-11-26 21:27:47'),(1687,'Craig','Sword','craig sword',NULL,'','6\' 3\"','Guard',NULL,'196 lbs',28,'#32',0,0,0,0,0,0,0,0,0,0,0,0,0,0,0,0,0,0,0,0,0,0,0,'https://a.espncdn.com/combiner/i?img=/i/headshots/nba/players/full/2991312.png','2022-11-26 21:27:47');
/*!40000 ALTER TABLE `nba_player_data` ENABLE KEYS */;
UNLOCK TABLES;

--
-- Table structure for table `nba_team_details`
--

DROP TABLE IF EXISTS `nba_team_details`;
/*!40101 SET @saved_cs_client     = @@character_set_client */;
/*!50503 SET character_set_client = utf8mb4 */;
CREATE TABLE `nba_team_details` (
  `id` int unsigned NOT NULL AUTO_INCREMENT,
  `team_id` int unsigned NOT NULL DEFAULT '0',
  `nba_api_team_id` int NOT NULL DEFAULT '0',
  `win` int NOT NULL DEFAULT '0',
  `loss` int NOT NULL DEFAULT '0',
  `win_percentage` varchar(10) COLLATE utf8mb4_unicode_ci DEFAULT NULL,
  `loss_percentage` varchar(10) COLLATE utf8mb4_unicode_ci DEFAULT NULL,
  `last_ten_win` int NOT NULL DEFAULT '0',
  `last_ten_loss` int NOT NULL DEFAULT '0',
  `conference_rank` int NOT NULL DEFAULT '0',
  `conference_win` int NOT NULL DEFAULT '0',
  `conference_loss` int NOT NULL DEFAULT '0',
  `home_win` int NOT NULL DEFAULT '0',
  `home_loss` int NOT NULL DEFAULT '0',
  `away_win` int NOT NULL DEFAULT '0',
  `away_loss` int NOT NULL DEFAULT '0',
  `win_streak` int NOT NULL DEFAULT '0',
  `games_behind` varchar(10) COLLATE utf8mb4_unicode_ci DEFAULT NULL,
  `points` int NOT NULL DEFAULT '0',
  `updated_at` timestamp NULL DEFAULT CURRENT_TIMESTAMP ON UPDATE CURRENT_TIMESTAMP,
  PRIMARY KEY (`id`),
  UNIQUE KEY `nba_api_team_id` (`nba_api_team_id`),
  KEY `team_id` (`team_id`),
  CONSTRAINT `nba_team_details_ibfk_1` FOREIGN KEY (`team_id`) REFERENCES `nba_teams` (`id`) ON DELETE RESTRICT
) ENGINE=InnoDB AUTO_INCREMENT=1171574 DEFAULT CHARSET=utf8mb4 COLLATE=utf8mb4_unicode_ci;
/*!40101 SET character_set_client = @saved_cs_client */;

--
-- Dumping data for table `nba_team_details`
--

LOCK TABLES `nba_team_details` WRITE;
/*!40000 ALTER TABLE `nba_team_details` DISABLE KEYS */;
INSERT INTO `nba_team_details` VALUES (1,1,132,29,30,'0.492','0.508',0,0,2,0,0,0,0,0,0,0,'0',0,'2023-02-17 19:10:04'),(2,2,133,42,17,'0.712','0.288',0,0,1,0,0,0,0,0,0,0,'0',0,'2023-02-16 07:10:01'),(3,3,134,34,24,'0.586','0.414',0,0,3,0,0,0,0,0,0,0,'0',0,'2023-02-17 19:10:04'),(4,4,135,17,43,'0.283','0.717',0,0,5,0,0,0,0,0,0,0,'0',0,'2023-02-17 19:10:04'),(5,5,136,26,33,'0.441','0.559',0,0,3,0,0,0,0,0,0,0,'0',0,'2023-02-17 19:10:04'),(6,6,137,38,23,'0.623','0.377',0,0,2,0,0,0,0,0,0,0,'0',0,'2023-02-17 19:10:04'),(7,7,140,15,44,'0.254','0.746',0,0,5,0,0,0,0,0,0,0,'0',0,'2023-02-17 19:10:04'),(8,8,143,26,34,'0.433','0.567',0,0,4,0,0,0,0,0,0,0,'0',0,'2023-02-17 19:10:04'),(9,9,147,32,27,'0.542','0.458',0,0,1,0,0,0,0,0,0,0,'0',0,'2023-02-17 19:10:04'),(10,10,148,41,17,'0.707','0.293',0,0,1,0,0,0,0,0,0,0,'0',0,'2023-02-17 19:10:04'),(11,11,151,33,27,'0.550','0.450',0,0,4,0,0,0,0,0,0,0,'0',0,'2023-02-17 19:10:04'),(12,12,153,24,35,'0.407','0.593',0,0,4,0,0,0,0,0,0,0,'0',0,'2023-02-17 19:10:04'),(13,13,154,38,19,'0.667','0.333',0,0,2,0,0,0,0,0,0,0,'0',0,'2023-02-17 19:10:04'),(14,14,159,28,31,'0.475','0.525',0,0,5,0,0,0,0,0,0,0,'0',0,'2023-02-17 19:10:04'),(15,15,161,28,30,'0.483','0.517',0,0,3,0,0,0,0,0,0,0,'0',0,'2023-02-17 19:10:04'),(16,16,138,31,29,'0.517','0.483',0,0,2,0,0,0,0,0,0,0,'0',0,'2023-02-17 19:10:04'),(17,17,139,41,18,'0.695','0.305',0,0,1,0,0,0,0,0,0,0,'0',0,'2023-02-16 07:10:01'),(18,18,141,29,29,'0.500','0.500',0,0,4,0,0,0,0,0,0,0,'0',0,'2023-02-17 19:10:04'),(19,19,142,13,45,'0.224','0.776',0,0,5,0,0,0,0,0,0,0,'0',0,'2023-02-17 19:10:04'),(20,20,144,33,28,'0.541','0.459',0,0,2,0,0,0,0,0,0,0,'0',0,'2023-02-17 19:10:04'),(21,21,145,27,32,'0.458','0.542',0,0,5,0,0,0,0,0,0,0,'0',0,'2023-02-17 19:10:04'),(22,22,146,35,22,'0.614','0.386',0,0,1,0,0,0,0,0,0,0,'0',0,'2023-02-17 19:10:04'),(23,23,149,31,30,'0.508','0.492',0,0,2,0,0,0,0,0,0,0,'0',0,'2023-02-17 19:10:04'),(24,24,150,30,29,'0.508','0.492',0,0,3,0,0,0,0,0,0,0,'0',0,'2023-02-17 19:10:04'),(25,25,152,28,29,'0.491','0.509',0,0,3,0,0,0,0,0,0,0,'0',0,'2023-02-17 19:10:04'),(26,26,155,32,28,'0.533','0.467',0,0,3,0,0,0,0,0,0,0,'0',0,'2023-02-17 19:10:04'),(27,27,156,28,30,'0.483','0.517',0,0,4,0,0,0,0,0,0,0,'0',0,'2023-02-17 19:10:04'),(28,28,157,32,25,'0.561','0.439',0,0,1,0,0,0,0,0,0,0,'0',0,'2023-02-17 19:10:04'),(29,29,158,14,45,'0.237','0.763',0,0,4,0,0,0,0,0,0,0,'0',0,'2023-02-17 19:10:04'),(30,30,160,29,31,'0.483','0.517',0,0,5,0,0,0,0,0,0,0,'0',0,'2023-02-17 19:10:04');
/*!40000 ALTER TABLE `nba_team_details` ENABLE KEYS */;
UNLOCK TABLES;

--
-- Table structure for table `nba_team_followers`
--

DROP TABLE IF EXISTS `nba_team_followers`;
/*!40101 SET @saved_cs_client     = @@character_set_client */;
/*!50503 SET character_set_client = utf8mb4 */;
CREATE TABLE `nba_team_followers` (
  `id` int unsigned NOT NULL AUTO_INCREMENT,
  `team_id` int unsigned NOT NULL,
  `user_id` int unsigned NOT NULL,
  `created_at` timestamp NULL DEFAULT CURRENT_TIMESTAMP,
  PRIMARY KEY (`id`),
  KEY `team_id` (`team_id`),
  KEY `user_id` (`user_id`),
  CONSTRAINT `nba_team_followers_ibfk_1` FOREIGN KEY (`team_id`) REFERENCES `nba_teams` (`id`) ON DELETE RESTRICT,
  CONSTRAINT `nba_team_followers_ibfk_2` FOREIGN KEY (`user_id`) REFERENCES `users` (`id`) ON DELETE RESTRICT
) ENGINE=InnoDB AUTO_INCREMENT=108 DEFAULT CHARSET=utf8mb4 COLLATE=utf8mb4_unicode_ci;
/*!40101 SET character_set_client = @saved_cs_client */;

--
-- Dumping data for table `nba_team_followers`
--

LOCK TABLES `nba_team_followers` WRITE;
/*!40000 ALTER TABLE `nba_team_followers` DISABLE KEYS */;
INSERT INTO `nba_team_followers` VALUES (3,16,1,'2021-12-16 01:53:32'),(4,21,1,'2021-12-16 01:53:36'),(5,20,1,'2021-12-16 02:19:16'),(6,5,1,'2021-12-16 02:21:07'),(9,1,2,'2021-12-17 01:20:40'),(12,20,2,'2021-12-17 01:22:42'),(14,23,2,'2021-12-17 01:22:51'),(17,2,3,'2021-12-19 20:32:17'),(18,3,3,'2021-12-19 20:32:18'),(19,4,3,'2021-12-19 20:32:20'),(20,5,3,'2021-12-19 20:32:21'),(21,7,3,'2021-12-19 20:33:30'),(22,8,3,'2021-12-19 20:33:31'),(23,9,3,'2021-12-19 20:33:32'),(24,10,3,'2021-12-19 20:33:33'),(25,11,3,'2021-12-19 20:33:33'),(26,12,3,'2021-12-19 20:33:35'),(28,1,3,'2021-12-19 20:36:30'),(29,2,2,'2021-12-22 00:24:42'),(30,4,2,'2021-12-22 00:35:06'),(31,5,2,'2021-12-22 00:35:08'),(32,6,2,'2021-12-22 00:35:10'),(33,7,2,'2021-12-22 00:35:11'),(34,8,2,'2021-12-22 00:35:13'),(35,21,2,'2021-12-22 00:35:21'),(36,25,2,'2021-12-22 00:35:27'),(38,6,3,'2021-12-22 01:36:36'),(43,3,2,'2022-01-05 00:07:49'),(44,3,1,'2022-02-14 15:00:13'),(60,2,6,'2022-04-20 05:38:56'),(61,21,6,'2022-04-20 05:39:00'),(62,1,6,'2022-04-20 05:39:37'),(63,4,6,'2022-04-20 05:39:47'),(69,10,2,'2022-07-19 20:04:53'),(70,11,2,'2022-07-19 20:04:55'),(73,1,1,'2022-09-01 20:42:41'),(74,2,1,'2022-09-01 22:37:50'),(75,6,1,'2022-09-01 22:37:54'),(91,17,2,'2022-12-15 00:31:33'),(96,2,10,'2023-01-29 22:10:18'),(97,3,10,'2023-01-29 22:12:41'),(99,5,10,'2023-01-29 23:47:56'),(100,6,10,'2023-01-29 23:47:58'),(101,10,10,'2023-01-29 23:48:02'),(104,16,10,'2023-01-29 23:48:09'),(105,18,10,'2023-01-29 23:48:10'),(106,21,10,'2023-01-29 23:48:22'),(107,20,10,'2023-01-29 23:48:25');
/*!40000 ALTER TABLE `nba_team_followers` ENABLE KEYS */;
UNLOCK TABLES;

--
-- Table structure for table `nba_teams`
--

DROP TABLE IF EXISTS `nba_teams`;
/*!40101 SET @saved_cs_client     = @@character_set_client */;
/*!50503 SET character_set_client = utf8mb4 */;
CREATE TABLE `nba_teams` (
  `id` int unsigned NOT NULL AUTO_INCREMENT,
  `nba_api_team_id` int NOT NULL DEFAULT '0',
  `full_name` varchar(100) COLLATE utf8mb4_unicode_ci DEFAULT NULL,
  `short_name` varchar(20) COLLATE utf8mb4_unicode_ci DEFAULT NULL,
  `nickname` varchar(50) COLLATE utf8mb4_unicode_ci DEFAULT NULL,
  `conference` varchar(10) COLLATE utf8mb4_unicode_ci DEFAULT NULL,
  `logo_url` varchar(200) COLLATE utf8mb4_unicode_ci DEFAULT NULL,
  `big_image_url` varchar(200) COLLATE utf8mb4_unicode_ci DEFAULT NULL,
  `points` int NOT NULL DEFAULT '0',
  `updated_at` timestamp NULL DEFAULT CURRENT_TIMESTAMP ON UPDATE CURRENT_TIMESTAMP,
  `follow_count` int DEFAULT '0',
  PRIMARY KEY (`id`),
  UNIQUE KEY `nba_api_team_id` (`nba_api_team_id`)
) ENGINE=InnoDB AUTO_INCREMENT=31 DEFAULT CHARSET=utf8mb4 COLLATE=utf8mb4_unicode_ci;
/*!40101 SET character_set_client = @saved_cs_client */;

--
-- Dumping data for table `nba_teams`
--

LOCK TABLES `nba_teams` WRITE;
/*!40000 ALTER TABLE `nba_teams` DISABLE KEYS */;
INSERT INTO `nba_teams` VALUES (1,132,'Atlanta Hawks','ATL','Hawks','east','https://upload.wikimedia.org/wikipedia/fr/e/ee/Hawks_2016.png','https://trashtalk-assets.s3.us-west-1.amazonaws.com/nbabanners/AtlantaHawksBanner.png',0,'2023-02-09 21:10:30',4),(2,133,'Boston Celtics','BOS','Celtics','east','https://upload.wikimedia.org/wikipedia/fr/thumb/6/65/Celtics_de_Boston_logo.svg/1024px-Celtics_de_Boston_logo.svg.png','https://trashtalk-assets.s3.us-west-1.amazonaws.com/nbabanners/BostonCelticsBanner.png',0,'2023-02-09 21:11:11',5),(3,134,'Brooklyn Nets','BKN','Nets','east','https://upload.wikimedia.org/wikipedia/commons/thumb/4/44/Brooklyn_Nets_newlogo.svg/130px-Brooklyn_Nets_newlogo.svg.png','https://trashtalk-assets.s3.us-west-1.amazonaws.com/nbabanners/BrooklynNetsBanner.png',0,'2023-02-09 21:11:34',4),(4,135,'Charlotte Hornets','CHA','Hornets','east','https://upload.wikimedia.org/wikipedia/fr/thumb/f/f3/Hornets_de_Charlotte_logo.svg/1200px-Hornets_de_Charlotte_logo.svg.png','https://trashtalk-assets.s3.us-west-1.amazonaws.com/nbabanners/CharlotteHornetsBanner.png',0,'2023-02-09 21:11:47',3),(5,136,'Chicago Bulls','CHI','Bulls','east','https://upload.wikimedia.org/wikipedia/fr/thumb/d/d1/Bulls_de_Chicago_logo.svg/1200px-Bulls_de_Chicago_logo.svg.png','https://trashtalk-assets.s3.us-west-1.amazonaws.com/nbabanners/ChicagoBullsBanner.png',0,'2023-02-09 21:12:02',4),(6,137,'Cleveland Cavaliers','CLE','Cavaliers','east','https://upload.wikimedia.org/wikipedia/fr/thumb/0/06/Cavs_de_Cleveland_logo_2017.png/150px-Cavs_de_Cleveland_logo_2017.png','https://trashtalk-assets.s3.us-west-1.amazonaws.com/nbabanners/ClevelandCavaliersBanner.png',0,'2023-02-09 21:12:17',4),(7,140,'Detroit Pistons','DET','Pistons','east','https://upload.wikimedia.org/wikipedia/commons/thumb/6/6a/Detroit_Pistons_primary_logo_2017.png/150px-Detroit_Pistons_primary_logo_2017.png','https://trashtalk-assets.s3.us-west-1.amazonaws.com/nbabanners/DetroitPistonsBanner.png',0,'2023-02-09 21:10:14',2),(8,143,'Indiana Pacers','IND','Pacers','east','https://upload.wikimedia.org/wikipedia/fr/thumb/c/cf/Pacers_de_l%27Indiana_logo.svg/1180px-Pacers_de_l%27Indiana_logo.svg.png','https://trashtalk-assets.s3.us-west-1.amazonaws.com/nbabanners/IndianaPacersWallpaper.png',0,'2023-02-09 21:12:46',2),(9,147,'Miami Heat','MIA','Heat','east','https://upload.wikimedia.org/wikipedia/fr/thumb/1/1c/Miami_Heat_-_Logo.svg/1200px-Miami_Heat_-_Logo.svg.png','https://trashtalk-assets.s3.us-west-1.amazonaws.com/nbabanners/MiamiHeatBanner.png',0,'2023-02-09 21:13:06',1),(10,148,'Milwaukee Bucks','MIL','Bucks','east','https://upload.wikimedia.org/wikipedia/fr/3/34/Bucks2015.png','https://trashtalk-assets.s3.us-west-1.amazonaws.com/nbabanners/MilwaukeeBucksBanner.png',0,'2023-02-09 21:13:26',3),(11,151,'New York Knicks','NYK','Knicks','east','https://upload.wikimedia.org/wikipedia/fr/d/dc/NY_Knicks_Logo_2011.png','https://trashtalk-assets.s3.us-west-1.amazonaws.com/nbabanners/NewYorkKnicksBanner.png',0,'2023-02-09 21:13:46',2),(12,153,'Orlando Magic','ORL','Magic','east','https://upload.wikimedia.org/wikipedia/fr/b/bd/Orlando_Magic_logo_2010.png','https://trashtalk-assets.s3.us-west-1.amazonaws.com/nbabanners/OrlandoMagicBanner.png',0,'2023-02-09 21:14:01',1),(13,154,'Philadelphia 76ers','PHI','76ers','east','https://upload.wikimedia.org/wikipedia/fr/4/48/76ers_2016.png','https://trashtalk-assets.s3.us-west-1.amazonaws.com/nbabanners/Philadelphia76ersBanner.png',0,'2023-02-09 21:14:24',0),(14,159,'Toronto Raptors','TOR','Raptors','east','https://upload.wikimedia.org/wikipedia/fr/8/89/Raptors2015.png','https://trashtalk-assets.s3.us-west-1.amazonaws.com/nbabanners/TorontoRaptorsBanner.png',0,'2023-02-09 21:14:46',0),(15,161,'Washington Wizards','WAS','Wizards','east','https://upload.wikimedia.org/wikipedia/fr/archive/d/d6/20161212034849%21Wizards2015.png','https://trashtalk-assets.s3.us-west-1.amazonaws.com/nbabanners/WashingtonWizardsBanner.png',0,'2023-02-09 21:15:08',0),(16,138,'Dallas Mavericks','DAL','Mavericks','west','https://upload.wikimedia.org/wikipedia/fr/thumb/b/b8/Mavericks_de_Dallas_logo.svg/150px-Mavericks_de_Dallas_logo.svg.png','https://trashtalk-assets.s3.us-west-1.amazonaws.com/nbabanners/DallasMavericksBanner.png',0,'2023-02-09 21:15:34',2),(17,139,'Denver Nuggets','DEN','Nuggets','west','https://upload.wikimedia.org/wikipedia/fr/thumb/3/35/Nuggets_de_Denver_2018.png/180px-Nuggets_de_Denver_2018.png','https://trashtalk-assets.s3.us-west-1.amazonaws.com/nbabanners/DenverNuggetsBanner.png',0,'2023-02-09 21:15:55',1),(18,141,'Golden State Warriors','GSW','Warriors','west','https://upload.wikimedia.org/wikipedia/fr/thumb/d/de/Warriors_de_Golden_State_logo.svg/1200px-Warriors_de_Golden_State_logo.svg.png','https://trashtalk-assets.s3.us-west-1.amazonaws.com/nbabanners/GoldenStateWarriorsBanner.png',0,'2023-02-09 21:16:21',1),(19,142,'Houston Rockets','HOU','Rockets','west','https://upload.wikimedia.org/wikipedia/fr/thumb/d/de/Houston_Rockets_logo_2003.png/330px-Houston_Rockets_logo_2003.png','https://trashtalk-assets.s3.us-west-1.amazonaws.com/nbabanners/HoustonRocketsBanner.png',0,'2023-02-09 21:16:45',0),(20,144,'LA Clippers','LAC','Clippers','west','https://upload.wikimedia.org/wikipedia/fr/d/d6/Los_Angeles_Clippers_logo_2010.png','https://trashtalk-assets.s3.us-west-1.amazonaws.com/TeamRectanges/LAClippers.png',0,'2023-01-29 23:48:25',3),(21,145,'Los Angeles Lakers','LAL','Lakers','west','https://upload.wikimedia.org/wikipedia/commons/thumb/3/3c/Los_Angeles_Lakers_logo.svg/220px-Los_Angeles_Lakers_logo.svg.png','https://trashtalk-assets.s3.us-west-1.amazonaws.com/nbabanners/LALakersBanner.png',0,'2023-02-09 21:17:27',4),(22,146,'Memphis Grizzlies','MEM','Grizzlies','west','https://upload.wikimedia.org/wikipedia/en/thumb/f/f1/Memphis_Grizzlies.svg/1200px-Memphis_Grizzlies.svg.png','https://trashtalk-assets.s3.us-west-1.amazonaws.com/nbabanners/MemphisGrizzliesBanner.png',0,'2023-02-09 21:17:40',0),(23,149,'Minnesota Timberwolves','MIN','Timberwolves','west','https://upload.wikimedia.org/wikipedia/fr/thumb/d/d9/Timberwolves_du_Minnesota_logo_2017.png/200px-Timberwolves_du_Minnesota_logo_2017.png','https://trashtalk-assets.s3.us-west-1.amazonaws.com/nbabanners/MinnesotaTimberwolvesBanner.png',0,'2023-02-09 21:17:57',1),(24,150,'New Orleans Pelicans','NOP','Pelicans','west','https://upload.wikimedia.org/wikipedia/fr/thumb/2/21/New_Orleans_Pelicans.png/200px-New_Orleans_Pelicans.png','https://trashtalk-assets.s3.us-west-1.amazonaws.com/nbabanners/NewOrleansPelicansBanner.png',0,'2023-02-09 21:18:15',0),(25,152,'Oklahoma City Thunder','OKC','Thunder','west','https://upload.wikimedia.org/wikipedia/fr/thumb/4/4f/Thunder_d%27Oklahoma_City_logo.svg/1200px-Thunder_d%27Oklahoma_City_logo.svg.png','https://trashtalk-assets.s3.us-west-1.amazonaws.com/nbabanners/OklahomaCityThunderBanner.png',0,'2023-02-09 21:18:32',1),(26,155,'Phoenix Suns','PHX','Suns','west','https://upload.wikimedia.org/wikipedia/fr/5/56/Phoenix_Suns_2013.png','https://trashtalk-assets.s3.us-west-1.amazonaws.com/nbabanners/PhoenixSunsBanner.png',0,'2023-02-09 21:20:18',0),(27,156,'Portland Trail Blazers','POR','Trail Blazers','west','https://upload.wikimedia.org/wikipedia/en/thumb/2/21/Portland_Trail_Blazers_logo.svg/1200px-Portland_Trail_Blazers_logo.svg.png','https://trashtalk-assets.s3.us-west-1.amazonaws.com/nbabanners/PortlandTrailblazersBanner.png',0,'2023-02-09 21:20:35',0),(28,157,'Sacramento Kings','SAC','Kings','west','https://upload.wikimedia.org/wikipedia/fr/thumb/9/95/Kings_de_Sacramento_logo.svg/1200px-Kings_de_Sacramento_logo.svg.png','https://trashtalk-assets.s3.us-west-1.amazonaws.com/nbabanners/SacramentoKingsBanner.png',0,'2023-02-09 21:20:46',0),(29,158,'San Antonio Spurs','SAS','Spurs','west','https://upload.wikimedia.org/wikipedia/fr/0/0e/San_Antonio_Spurs_2018.png','https://trashtalk-assets.s3.us-west-1.amazonaws.com/nbabanners/SanAntonioSpursBanner.png',0,'2023-02-09 21:21:02',0),(30,160,'Utah Jazz','UTA','Jazz','west','https://upload.wikimedia.org/wikipedia/fr/3/3b/Jazz_de_l%27Utah_logo.png','https://trashtalk-assets.s3.us-west-1.amazonaws.com/nbabanners/UtahJazzBanner.png',0,'2023-02-09 21:21:19',0);
/*!40000 ALTER TABLE `nba_teams` ENABLE KEYS */;
UNLOCK TABLES;
/*!50003 SET @saved_cs_client      = @@character_set_client */ ;
/*!50003 SET @saved_cs_results     = @@character_set_results */ ;
/*!50003 SET @saved_col_connection = @@collation_connection */ ;
/*!50003 SET character_set_client  = utf8mb4 */ ;
/*!50003 SET character_set_results = utf8mb4 */ ;
/*!50003 SET collation_connection  = utf8mb4_0900_ai_ci */ ;
/*!50003 SET @saved_sql_mode       = @@sql_mode */ ;
/*!50003 SET sql_mode              = 'ONLY_FULL_GROUP_BY,STRICT_TRANS_TABLES,NO_ZERO_IN_DATE,NO_ZERO_DATE,ERROR_FOR_DIVISION_BY_ZERO,NO_ENGINE_SUBSTITUTION' */ ;
DELIMITER ;;
/*!50003 CREATE*/ /*!50017 DEFINER=`root`@`localhost`*/ /*!50003 TRIGGER `nba_team_to_team_details` AFTER INSERT ON `nba_teams` FOR EACH ROW BEGIN
    INSERT INTO `nba_team_details` SET `team_id` = NEW.id, `nba_api_team_id` = NEW.nba_api_team_id;
  END */;;
DELIMITER ;
/*!50003 SET sql_mode              = @saved_sql_mode */ ;
/*!50003 SET character_set_client  = @saved_cs_client */ ;
/*!50003 SET character_set_results = @saved_cs_results */ ;
/*!50003 SET collation_connection  = @saved_col_connection */ ;

--
-- Table structure for table `post_comment_likes`
--

DROP TABLE IF EXISTS `post_comment_likes`;
/*!40101 SET @saved_cs_client     = @@character_set_client */;
/*!50503 SET character_set_client = utf8mb4 */;
CREATE TABLE `post_comment_likes` (
  `id` int unsigned NOT NULL AUTO_INCREMENT,
  `user_id` int unsigned NOT NULL,
  `post_comment_id` int unsigned NOT NULL,
  `created_at` timestamp NOT NULL DEFAULT CURRENT_TIMESTAMP,
  PRIMARY KEY (`id`),
  KEY `post_comment_id` (`post_comment_id`),
  CONSTRAINT `post_comment_likes_ibfk_1` FOREIGN KEY (`post_comment_id`) REFERENCES `post_comments` (`id`) ON DELETE RESTRICT
) ENGINE=InnoDB AUTO_INCREMENT=177 DEFAULT CHARSET=utf8mb4 COLLATE=utf8mb4_unicode_ci;
/*!40101 SET character_set_client = @saved_cs_client */;

--
-- Dumping data for table `post_comment_likes`
--

LOCK TABLES `post_comment_likes` WRITE;
/*!40000 ALTER TABLE `post_comment_likes` DISABLE KEYS */;
INSERT INTO `post_comment_likes` VALUES (56,1,52,'2022-03-04 01:05:18'),(58,2,53,'2022-03-05 02:15:42'),(60,2,49,'2022-03-05 02:15:58'),(62,2,54,'2022-03-17 02:29:31'),(65,5,54,'2022-03-17 02:31:23'),(68,3,54,'2022-03-17 02:31:28'),(69,5,57,'2022-03-17 02:32:30'),(71,9,56,'2022-05-25 02:04:08'),(74,2,61,'2022-06-05 03:11:02'),(77,10,62,'2022-06-05 03:23:56'),(78,10,68,'2022-06-05 21:47:45'),(81,17,79,'2022-06-06 00:31:55'),(84,10,79,'2022-06-15 00:38:31'),(93,10,84,'2022-08-28 22:53:56'),(94,10,83,'2022-08-28 22:53:57'),(95,10,88,'2022-08-28 22:53:59'),(96,2,88,'2022-08-28 23:00:52'),(100,10,89,'2022-09-04 22:27:15'),(102,9,51,'2022-09-04 23:06:40'),(110,1,92,'2022-09-09 18:10:53'),(111,1,91,'2022-09-09 18:50:03'),(117,1,94,'2022-09-10 22:30:52'),(119,1,101,'2022-09-10 22:38:45'),(121,1,107,'2022-09-10 22:54:42'),(137,1,113,'2022-09-10 23:38:29'),(138,2,115,'2022-09-11 18:28:00'),(140,2,112,'2022-09-11 18:28:06'),(142,2,116,'2022-09-13 00:36:37'),(143,1,51,'2022-09-16 21:22:25'),(144,1,116,'2022-09-16 22:23:17'),(145,2,117,'2022-09-17 00:25:15'),(146,10,117,'2022-09-17 00:31:53'),(147,1,119,'2022-09-17 19:18:59'),(149,9,121,'2022-09-18 21:55:40'),(150,10,122,'2022-09-18 22:00:59'),(151,10,121,'2022-09-18 22:01:19'),(152,1,122,'2022-09-23 19:27:16'),(153,1,132,'2022-09-24 20:44:20'),(154,10,133,'2022-09-25 22:46:38'),(155,10,134,'2022-09-25 23:05:38'),(156,2,137,'2022-10-02 22:52:54'),(158,10,138,'2022-10-02 22:53:31'),(159,10,136,'2022-10-02 22:53:35'),(161,9,138,'2022-10-05 02:01:28'),(162,9,137,'2022-10-05 02:01:44'),(163,2,139,'2022-10-05 03:34:40'),(164,1,139,'2022-11-04 18:57:15'),(165,1,134,'2022-11-06 21:30:57'),(166,10,137,'2022-12-07 02:04:40'),(167,2,124,'2022-12-11 18:41:10'),(169,9,148,'2022-12-15 03:06:37'),(170,9,158,'2023-01-23 00:03:45'),(171,10,154,'2023-01-29 22:07:21'),(173,10,152,'2023-01-29 22:07:24'),(174,10,150,'2023-01-29 22:11:20'),(175,1,128,'2023-02-03 07:06:53'),(176,1,160,'2023-02-03 21:29:08');
/*!40000 ALTER TABLE `post_comment_likes` ENABLE KEYS */;
UNLOCK TABLES;

--
-- Table structure for table `post_comment_trash`
--

DROP TABLE IF EXISTS `post_comment_trash`;
/*!40101 SET @saved_cs_client     = @@character_set_client */;
/*!50503 SET character_set_client = utf8mb4 */;
CREATE TABLE `post_comment_trash` (
  `id` int unsigned NOT NULL AUTO_INCREMENT,
  `user_id` int unsigned NOT NULL,
  `post_comment_id` int unsigned NOT NULL,
  `created_at` timestamp NOT NULL DEFAULT CURRENT_TIMESTAMP,
  PRIMARY KEY (`id`),
  KEY `post_comment_id` (`post_comment_id`),
  CONSTRAINT `post_comment_trash_ibfk_1` FOREIGN KEY (`post_comment_id`) REFERENCES `post_comments` (`id`) ON DELETE RESTRICT
) ENGINE=InnoDB AUTO_INCREMENT=126 DEFAULT CHARSET=utf8mb4 COLLATE=utf8mb4_unicode_ci;
/*!40101 SET character_set_client = @saved_cs_client */;

--
-- Dumping data for table `post_comment_trash`
--

LOCK TABLES `post_comment_trash` WRITE;
/*!40000 ALTER TABLE `post_comment_trash` DISABLE KEYS */;
INSERT INTO `post_comment_trash` VALUES (45,2,52,'2022-03-05 02:15:40'),(49,2,50,'2022-03-05 02:15:49'),(51,2,55,'2022-03-17 02:30:16'),(53,5,55,'2022-03-17 02:31:20'),(57,3,55,'2022-03-17 02:31:27'),(58,3,57,'2022-03-17 02:34:10'),(59,3,56,'2022-03-17 02:34:18'),(60,9,57,'2022-05-25 01:39:29'),(61,9,55,'2022-05-25 02:04:11'),(66,10,73,'2022-06-05 21:47:49'),(67,10,74,'2022-06-05 21:47:51'),(71,9,79,'2022-06-21 23:15:06'),(75,10,82,'2022-08-28 22:53:48'),(76,10,85,'2022-08-28 22:53:50'),(77,10,86,'2022-08-28 22:53:52'),(78,10,87,'2022-08-28 22:53:54'),(80,1,89,'2022-08-31 00:06:38'),(92,1,95,'2022-09-10 22:30:33'),(108,1,112,'2022-09-10 23:20:43'),(109,1,111,'2022-09-10 23:38:22'),(111,2,114,'2022-09-11 18:28:03'),(113,2,113,'2022-09-11 18:28:10'),(114,9,44,'2022-09-12 15:16:12'),(115,1,120,'2022-09-17 19:19:00'),(118,2,138,'2022-10-02 22:52:59'),(120,2,136,'2022-10-05 03:34:43'),(121,9,159,'2023-01-23 00:03:59'),(125,10,149,'2023-01-29 22:11:32');
/*!40000 ALTER TABLE `post_comment_trash` ENABLE KEYS */;
UNLOCK TABLES;

--
-- Table structure for table `post_comments`
--

DROP TABLE IF EXISTS `post_comments`;
/*!40101 SET @saved_cs_client     = @@character_set_client */;
/*!50503 SET character_set_client = utf8mb4 */;
CREATE TABLE `post_comments` (
  `id` int unsigned NOT NULL AUTO_INCREMENT,
  `uid` varchar(100) COLLATE utf8mb4_unicode_ci DEFAULT NULL,
  `post_id` int unsigned NOT NULL,
  `user_id` int unsigned NOT NULL,
  `message` varchar(500) COLLATE utf8mb4_unicode_ci DEFAULT NULL,
  `reply_count` int DEFAULT '0',
  `like_count` int DEFAULT '0',
  `trash_count` int DEFAULT '0',
  `created_at` timestamp NOT NULL DEFAULT CURRENT_TIMESTAMP,
  `points` int DEFAULT '0',
  PRIMARY KEY (`id`),
  KEY `user_id` (`user_id`),
  KEY `post_id` (`post_id`),
  CONSTRAINT `post_comments_ibfk_1` FOREIGN KEY (`user_id`) REFERENCES `users` (`id`) ON DELETE RESTRICT,
  CONSTRAINT `post_comments_ibfk_2` FOREIGN KEY (`post_id`) REFERENCES `posts` (`id`) ON DELETE RESTRICT
) ENGINE=InnoDB AUTO_INCREMENT=161 DEFAULT CHARSET=utf8mb4 COLLATE=utf8mb4_unicode_ci;
/*!40101 SET character_set_client = @saved_cs_client */;

--
-- Dumping data for table `post_comments`
--

LOCK TABLES `post_comments` WRITE;
/*!40000 ALTER TABLE `post_comments` DISABLE KEYS */;
INSERT INTO `post_comments` VALUES (43,NULL,23,1,'Hi',0,0,0,'2022-02-17 01:43:13',0),(44,NULL,22,1,'Shdbss',0,0,1,'2022-02-17 01:44:07',0),(45,NULL,23,1,'Cool',0,0,0,'2022-02-17 01:44:32',0),(46,NULL,24,1,'Bat',0,0,0,'2022-02-17 01:55:29',0),(47,NULL,24,1,'Also  says Neom not pchow',0,0,0,'2022-02-17 01:55:46',0),(48,NULL,24,1,'Oh that was discussed',0,0,0,'2022-02-17 01:55:53',0),(49,NULL,25,1,'',0,1,0,'2022-02-27 22:25:06',0),(50,NULL,25,1,'🦷',0,0,1,'2022-02-27 22:25:13',0),(51,NULL,22,1,'1234567889-/;()$&&@',0,2,0,'2022-02-27 22:25:51',0),(52,NULL,25,1,'',0,1,1,'2022-02-27 23:21:30',0),(53,NULL,25,1,'',0,1,0,'2022-03-04 05:19:27',0),(54,NULL,26,2,'Demar - the 4q king',0,3,0,'2022-03-17 02:29:18',0),(55,NULL,26,2,'Ja is overrated - pretty much old Westbrook.',0,0,4,'2022-03-17 02:30:04',0),(56,NULL,26,3,'Demar an old head who jus havin a good year smh 🤦‍♂️',0,1,1,'2022-03-17 02:32:11',0),(57,NULL,26,5,'Spurs fucked up and traded a king 👑',0,1,2,'2022-03-17 02:32:19',0),(61,NULL,31,10,'Let’s go Celtics',0,1,0,'2022-06-05 03:10:09',0),(62,NULL,31,2,'Fucking lakers?',0,1,0,'2022-06-05 03:10:58',0),(67,NULL,31,9,'Fg',0,0,0,'2022-06-05 03:24:55',0),(68,NULL,31,10,'Filling it',0,1,0,'2022-06-05 03:24:57',0),(69,NULL,31,9,'',0,0,0,'2022-06-05 03:24:58',0),(70,NULL,31,9,'Bvfu',0,0,0,'2022-06-05 03:25:01',0),(71,NULL,31,2,'Celtics fucking suck',0,0,0,'2022-06-05 03:25:02',0),(72,NULL,31,10,'Fillerup',0,0,0,'2022-06-05 03:25:04',0),(73,NULL,31,9,'Bfchksdvv',0,0,1,'2022-06-05 03:25:08',0),(74,NULL,31,2,'No one picked the warriros',0,0,1,'2022-06-05 03:25:12',0),(79,NULL,38,28,'Al Horford',0,2,1,'2022-06-06 00:31:30',0),(82,NULL,42,10,'Hellll nawwww',0,0,1,'2022-08-28 22:52:29',0),(83,NULL,42,10,'Trippin trippin',0,1,0,'2022-08-28 22:52:36',0),(84,NULL,42,10,'You crazy',0,1,0,'2022-08-28 22:53:03',0),(85,NULL,42,10,'So nurs',0,0,1,'2022-08-28 22:53:07',0),(86,NULL,42,10,'So nuts',0,0,1,'2022-08-28 22:53:14',0),(87,NULL,42,10,'Wow',0,0,1,'2022-08-28 22:53:21',0),(88,NULL,42,10,'Wild',0,2,0,'2022-08-28 22:53:38',0),(89,NULL,43,10,'Laybronnnn james',0,1,1,'2022-08-28 22:54:35',0),(90,NULL,44,2,'Fucking tight nowl',0,0,0,'2022-09-02 06:14:00',0),(91,NULL,45,10,'❗️❗️❗️',0,1,0,'2022-09-04 23:04:44',0),(92,NULL,45,10,'Yooo',0,1,0,'2022-09-04 23:06:51',0),(93,NULL,45,1,'Test',0,0,0,'2022-09-09 18:11:02',0),(94,NULL,46,1,'Test',0,1,0,'2022-09-10 22:28:32',0),(95,NULL,46,1,'Test 1',0,0,1,'2022-09-10 22:30:13',0),(96,NULL,46,1,'Test 2',0,0,0,'2022-09-10 22:30:56',0),(97,NULL,45,1,'123',0,0,0,'2022-09-10 22:33:59',0),(98,NULL,45,1,'Test 123',0,0,0,'2022-09-10 22:34:23',0),(99,NULL,46,1,'Test',0,0,0,'2022-09-10 22:35:49',0),(100,NULL,46,1,'12345',0,0,0,'2022-09-10 22:36:31',0),(101,NULL,46,1,'1',0,1,0,'2022-09-10 22:37:21',0),(102,NULL,46,1,'2',0,0,0,'2022-09-10 22:39:54',0),(103,NULL,46,1,'3',0,0,0,'2022-09-10 22:41:08',0),(104,NULL,46,1,'123',0,0,0,'2022-09-10 22:42:43',0),(105,NULL,46,1,'4',0,0,0,'2022-09-10 22:49:30',0),(106,NULL,46,1,'11',0,0,0,'2022-09-10 22:49:34',0),(107,NULL,46,1,'123',0,1,0,'2022-09-10 22:54:06',0),(108,NULL,46,1,'Test 123',0,0,0,'2022-09-10 22:54:55',0),(109,NULL,44,1,'Lol wattttt',0,0,0,'2022-09-10 22:55:09',0),(110,NULL,43,1,'New comment',0,0,0,'2022-09-10 23:01:26',0),(111,NULL,47,1,'Some comment',0,0,1,'2022-09-10 23:02:52',0),(112,NULL,47,1,'Test 2',0,1,1,'2022-09-10 23:18:06',0),(113,NULL,47,1,'Test',0,1,1,'2022-09-10 23:38:24',0),(114,NULL,47,1,'1234',0,0,1,'2022-09-10 23:39:44',0),(115,NULL,47,2,'Hell no 2 is better',0,1,0,'2022-09-11 18:27:53',0),(116,NULL,48,2,'Test',0,2,0,'2022-09-13 00:36:28',0),(117,NULL,50,2,'PP2 balled out though. Excited to see this thumb play next year!',0,2,0,'2022-09-17 00:25:09',0),(118,NULL,50,10,'Anyone who voted Jayson Tatum is a bum 🚮',0,0,0,'2022-09-17 00:32:33',0),(119,NULL,48,1,'Test 1',0,1,0,'2022-09-17 19:18:55',0),(120,NULL,48,1,'Test 3',0,0,1,'2022-09-17 19:18:57',0),(121,NULL,54,2,'Absolutely this is just like Donald Sterling. In the modern day of sports this is unacceptable. You want players to play for you when you’re dropping n bombs my guy?',0,2,0,'2022-09-18 21:52:32',0),(122,NULL,55,2,'NO WAY I just checked this and this it real',0,2,0,'2022-09-18 21:55:04',0),(123,NULL,55,10,'she snack sized 🫣',0,0,0,'2022-09-18 21:55:34',0),(124,NULL,56,10,'100% he’s the best thing to happen to my Suns. He can go head to head to any player currently active or not. I can bet my life that he’ll end up in the Hall of Fame .',0,1,0,'2022-09-18 21:57:15',0),(125,NULL,22,10,'Hooo',0,0,0,'2022-09-18 21:58:04',0),(126,NULL,22,10,'Test',0,0,0,'2022-09-18 21:58:15',0),(127,NULL,22,10,'Testttt',0,0,0,'2022-09-18 21:58:18',0),(128,NULL,22,2,'Heiavd',0,1,0,'2022-09-18 21:58:20',0),(129,NULL,22,2,'Shdudbskan shsha is hab did did sisosmfu iDisk d',0,0,0,'2022-09-18 21:58:42',0),(130,NULL,22,10,'Yoooooooooooo this is a test about commenting on this stuff right now I don’t think nothing is too wrong',0,0,0,'2022-09-18 22:00:05',0),(131,NULL,22,10,'Hshahhahahahajajajajjajahsufisjsnfjsidifjejajajdndnjdndnajsifiendndhdhshshsjdjajaj',0,0,0,'2022-09-18 22:00:39',0),(132,NULL,53,10,'Zion walks up to you while you wit your girl and he slaps her ass. What you doing? 🫣',0,1,0,'2022-09-18 22:06:10',0),(133,NULL,57,2,'Asians for black lives 😂😂',0,1,0,'2022-09-25 22:22:21',0),(134,NULL,59,2,'Build a team around this duuuu',0,2,0,'2022-09-25 22:37:34',0),(135,NULL,57,10,'Free ime udoka !',0,0,0,'2022-09-25 22:46:51',0),(136,NULL,61,2,'Luka over Steph?? What a trash take. Booker over both my dudes',0,1,1,'2022-10-02 22:50:50',0),(137,NULL,61,2,'Giannis>Steph',0,3,0,'2022-10-02 22:51:08',0),(138,NULL,61,9,'It’s gonna be jokic again but Steph still owns the nba',0,2,1,'2022-10-02 22:52:27',0),(139,NULL,61,10,'You tripping if you thinking Booker is gonna in the MVP discussion. Even Embiid is a for sure lock over Book 😭',0,2,0,'2022-10-02 22:55:24',0),(140,NULL,62,2,'Nice just gotta make sure it doesn’t overwrite the profile pic!',0,0,0,'2022-12-11 18:38:59',0),(141,NULL,69,2,'Miss you Kobe',0,0,0,'2022-12-15 00:02:20',0),(142,NULL,69,2,'Test',0,0,0,'2022-12-15 00:02:22',0),(143,NULL,69,2,'Test',0,0,0,'2022-12-15 00:02:26',0),(144,NULL,52,9,'',0,0,0,'2022-12-15 02:36:45',0),(145,NULL,52,9,'',0,0,0,'2022-12-15 02:37:58',0),(146,NULL,52,9,'',0,0,0,'2022-12-15 02:37:59',0),(147,NULL,52,9,'',0,0,0,'2022-12-15 02:38:00',0),(148,NULL,65,9,'No',0,1,0,'2022-12-15 03:06:31',0),(149,NULL,67,1,'Test',0,0,1,'2022-12-18 00:14:19',0),(150,NULL,67,1,'Test',0,1,0,'2022-12-18 00:15:47',0),(151,NULL,77,2,'Tshwbdi',0,0,0,'2022-12-19 00:07:07',0),(152,NULL,76,9,'Jsshdjs',0,1,0,'2022-12-19 00:07:12',0),(153,NULL,77,9,'Jdkshdjjd',0,0,0,'2022-12-19 00:07:21',0),(154,NULL,76,10,'Test',0,1,0,'2022-12-19 00:09:07',0),(155,NULL,77,10,'',0,0,0,'2022-12-19 00:12:50',0),(156,NULL,77,10,'',0,0,0,'2022-12-19 00:12:52',0),(157,NULL,77,10,'Yo',0,0,0,'2022-12-19 00:13:02',0),(158,NULL,78,9,'Staples center',0,1,0,'2023-01-23 00:03:43',0),(159,NULL,78,9,'Testing',0,0,1,'2023-01-23 00:03:55',0),(160,NULL,82,10,'Dame',0,1,0,'2023-01-29 22:19:01',0);
/*!40000 ALTER TABLE `post_comments` ENABLE KEYS */;
UNLOCK TABLES;

--
-- Table structure for table `post_likes`
--

DROP TABLE IF EXISTS `post_likes`;
/*!40101 SET @saved_cs_client     = @@character_set_client */;
/*!50503 SET character_set_client = utf8mb4 */;
CREATE TABLE `post_likes` (
  `id` int unsigned NOT NULL AUTO_INCREMENT,
  `user_id` int unsigned NOT NULL,
  `post_id` int unsigned NOT NULL,
  `created_at` timestamp NOT NULL DEFAULT CURRENT_TIMESTAMP,
  PRIMARY KEY (`id`),
  KEY `post_id` (`post_id`),
  CONSTRAINT `post_likes_ibfk_1` FOREIGN KEY (`post_id`) REFERENCES `posts` (`id`) ON DELETE RESTRICT
) ENGINE=InnoDB AUTO_INCREMENT=292 DEFAULT CHARSET=utf8mb4 COLLATE=utf8mb4_unicode_ci;
/*!40101 SET character_set_client = @saved_cs_client */;

--
-- Dumping data for table `post_likes`
--

LOCK TABLES `post_likes` WRITE;
/*!40000 ALTER TABLE `post_likes` DISABLE KEYS */;
INSERT INTO `post_likes` VALUES (83,1,23,'2022-02-17 01:41:00'),(84,2,25,'2022-03-05 02:16:01'),(85,2,26,'2022-03-17 02:28:53'),(90,2,31,'2022-06-05 03:09:42'),(92,10,31,'2022-06-05 03:10:33'),(93,9,33,'2022-06-05 03:17:21'),(97,10,38,'2022-06-15 00:38:33'),(105,2,43,'2022-08-28 22:57:20'),(114,2,42,'2022-09-02 22:58:48'),(115,2,41,'2022-09-02 22:58:53'),(118,10,33,'2022-09-04 22:26:38'),(143,10,42,'2022-09-04 23:05:22'),(148,10,45,'2022-09-04 23:31:56'),(149,10,43,'2022-09-04 23:31:59'),(150,2,44,'2022-09-04 23:39:44'),(151,2,45,'2022-09-04 23:39:49'),(157,1,45,'2022-09-10 22:33:25'),(164,1,46,'2022-09-10 22:49:40'),(167,2,48,'2022-09-11 18:33:04'),(168,2,46,'2022-09-11 18:33:09'),(169,2,38,'2022-09-11 18:33:15'),(170,2,35,'2022-09-11 18:33:20'),(172,10,46,'2022-09-12 00:09:45'),(173,9,22,'2022-09-12 15:16:25'),(174,10,49,'2022-09-15 00:38:44'),(178,1,48,'2022-09-16 21:50:37'),(180,1,49,'2022-09-16 22:23:10'),(181,2,50,'2022-09-17 00:23:58'),(182,10,50,'2022-09-17 00:29:24'),(183,10,51,'2022-09-17 00:29:30'),(184,1,50,'2022-09-17 19:18:23'),(185,10,48,'2022-09-18 21:13:59'),(187,10,56,'2022-09-18 21:54:24'),(190,10,55,'2022-09-18 22:01:01'),(191,10,53,'2022-09-18 22:01:03'),(193,1,57,'2022-09-24 07:32:31'),(194,2,59,'2022-09-25 22:37:16'),(198,4,59,'2022-10-05 00:43:41'),(200,9,61,'2022-10-05 02:01:31'),(203,1,44,'2022-11-06 21:30:07'),(204,1,59,'2022-11-06 21:31:00'),(205,2,53,'2022-11-07 20:57:59'),(208,1,61,'2022-12-11 01:44:37'),(210,1,42,'2022-12-11 01:45:10'),(211,1,60,'2022-12-11 01:45:20'),(212,2,62,'2022-12-11 18:38:12'),(213,2,66,'2022-12-11 20:41:15'),(214,2,65,'2022-12-11 20:41:18'),(215,2,64,'2022-12-11 20:41:21'),(217,2,68,'2022-12-11 20:45:19'),(218,10,68,'2022-12-11 20:45:22'),(220,10,65,'2022-12-11 20:45:30'),(221,10,64,'2022-12-11 20:45:32'),(222,10,57,'2022-12-11 20:46:08'),(223,10,58,'2022-12-11 20:46:12'),(224,10,59,'2022-12-11 20:46:14'),(225,10,60,'2022-12-11 20:46:16'),(226,10,61,'2022-12-11 20:46:18'),(228,10,63,'2022-12-11 20:46:24'),(229,10,62,'2022-12-11 20:48:18'),(230,10,52,'2022-12-11 20:48:59'),(231,2,69,'2022-12-15 00:02:09'),(232,9,68,'2022-12-15 02:28:15'),(233,9,54,'2022-12-15 02:35:13'),(235,9,57,'2022-12-15 02:52:54'),(237,9,52,'2022-12-15 02:53:00'),(243,1,53,'2022-12-18 00:31:12'),(245,1,67,'2022-12-18 02:58:28'),(246,2,77,'2022-12-19 00:07:01'),(247,2,76,'2022-12-19 00:07:03'),(248,9,77,'2022-12-19 00:08:17'),(249,9,76,'2022-12-19 00:08:18'),(250,10,76,'2022-12-19 00:09:03'),(251,10,77,'2022-12-19 00:15:05'),(252,10,74,'2022-12-19 00:15:12'),(254,10,72,'2022-12-19 00:15:21'),(257,9,80,'2023-01-25 17:23:04'),(258,10,81,'2023-01-29 22:06:40'),(259,10,80,'2023-01-29 22:06:42'),(260,10,79,'2023-01-29 22:06:44'),(261,10,78,'2023-01-29 22:06:48'),(262,10,75,'2023-01-29 22:06:51'),(264,10,67,'2023-01-29 22:12:27'),(266,1,80,'2023-01-29 23:41:32'),(267,2,83,'2023-01-29 23:53:07'),(269,10,83,'2023-02-01 02:11:10'),(270,10,73,'2023-02-01 02:11:20'),(271,10,69,'2023-02-01 02:11:24'),(272,1,76,'2023-02-03 01:34:58'),(273,1,78,'2023-02-03 05:49:00'),(276,1,81,'2023-02-03 07:15:12'),(278,1,69,'2023-02-04 01:51:52'),(286,1,79,'2023-02-07 20:06:56'),(287,1,83,'2023-02-07 20:07:03'),(288,1,22,'2023-02-07 20:07:15'),(290,1,84,'2023-02-16 23:05:02'),(291,1,85,'2023-02-17 17:58:57');
/*!40000 ALTER TABLE `post_likes` ENABLE KEYS */;
UNLOCK TABLES;

--
-- Table structure for table `post_poll_options`
--

DROP TABLE IF EXISTS `post_poll_options`;
/*!40101 SET @saved_cs_client     = @@character_set_client */;
/*!50503 SET character_set_client = utf8mb4 */;
CREATE TABLE `post_poll_options` (
  `id` int unsigned NOT NULL AUTO_INCREMENT,
  `post_id` int unsigned NOT NULL,
  `option_id` int DEFAULT '0',
  `option_name` varchar(100) COLLATE utf8mb4_unicode_ci DEFAULT NULL,
  PRIMARY KEY (`id`),
  KEY `post_id` (`post_id`),
  CONSTRAINT `post_poll_options_ibfk_1` FOREIGN KEY (`post_id`) REFERENCES `posts` (`id`) ON DELETE RESTRICT
) ENGINE=InnoDB AUTO_INCREMENT=78 DEFAULT CHARSET=utf8mb4 COLLATE=utf8mb4_unicode_ci;
/*!40101 SET character_set_client = @saved_cs_client */;

--
-- Dumping data for table `post_poll_options`
--

LOCK TABLES `post_poll_options` WRITE;
/*!40000 ALTER TABLE `post_poll_options` DISABLE KEYS */;
INSERT INTO `post_poll_options` VALUES (1,22,1,'1'),(2,22,2,'2'),(3,22,3,'3'),(4,23,1,'Kyle Lowry'),(5,23,2,'Kyle Lowry'),(6,23,3,'Kyle Lowry'),(7,24,1,'Character limit '),(8,24,2,'This keyboard gotta go wh'),(9,24,3,'en I’m don’t typing.'),(10,24,4,'Only four options can be+'),(11,25,1,'Option 1'),(12,25,2,'Option 2'),(13,25,3,'Option 3'),(14,26,1,'Ja'),(15,26,2,'Demar'),(16,28,1,'Option 1'),(17,28,2,'Option 2'),(18,28,3,'Option 3'),(19,31,1,'(So sick of the) Warriors'),(20,31,2,'Young gun Celtics '),(21,31,3,'Los Angeles lakers'),(22,32,1,'Steph Curry '),(23,32,2,'Jayson Tatum '),(24,32,3,''),(25,33,1,'BOS +4.5'),(26,33,2,'GSW -4.5'),(27,34,1,'OVER 215.5'),(28,34,2,'UNDER 215.5'),(29,35,1,'OVER 28.5 points'),(30,35,2,'UNDER 28.5 points'),(31,38,1,'What can brown do for you'),(32,38,2,'Chef curry'),(33,38,3,'Tatum'),(34,44,1,'Greatest'),(35,44,2,'Nah'),(36,45,1,'Steph curry’s mom'),(37,45,2,'Beyonce'),(38,46,1,'Vanessa Bryant'),(39,46,2,'Michael B Jordan'),(40,46,3,'Lebrons hairline '),(41,47,1,'1'),(42,47,2,'2'),(43,49,1,'Tabak'),(44,49,2,'Shanks'),(45,50,1,'Jason Tatum'),(46,50,2,'Steph Curry'),(47,50,3,'Jordan Poole'),(48,50,4,'Jaylen Brown'),(49,51,1,'SONYA CURRY'),(50,51,2,'NICKI SMITH '),(51,53,1,'Zion Williamson'),(52,53,2,'Brandon Ingram'),(53,53,3,'Jose Alvarado'),(54,58,1,'Larry bird'),(55,58,2,'Magic Johnson'),(56,68,1,'Steph - offense '),(57,68,2,'Jokic - offense'),(58,68,3,'kd - offense'),(59,69,1,'Not AD'),(60,69,2,'I miss Kobe '),(61,76,1,'Answer 1 '),(62,76,2,'Answer 2 '),(63,77,1,'A1'),(64,77,2,'A2'),(65,78,1,'Test 1'),(66,78,2,'Test 2'),(67,78,3,'Test 3'),(68,79,1,'Chicago '),(69,79,2,'Stupidos'),(70,80,1,'Yes'),(71,80,2,'Yes'),(72,81,1,'🐐'),(73,81,2,'🤡'),(74,83,1,'Kobe'),(75,83,2,'Kobe'),(76,83,3,'Kobe'),(77,83,4,'Kobe');
/*!40000 ALTER TABLE `post_poll_options` ENABLE KEYS */;
UNLOCK TABLES;

--
-- Table structure for table `post_poll_votes`
--

DROP TABLE IF EXISTS `post_poll_votes`;
/*!40101 SET @saved_cs_client     = @@character_set_client */;
/*!50503 SET character_set_client = utf8mb4 */;
CREATE TABLE `post_poll_votes` (
  `id` int unsigned NOT NULL AUTO_INCREMENT,
  `post_id` int unsigned NOT NULL,
  `option_id` int unsigned NOT NULL,
  `user_id` int unsigned NOT NULL,
  PRIMARY KEY (`id`),
  UNIQUE KEY `poll_vote` (`post_id`,`user_id`),
  CONSTRAINT `post_poll_votes_ibfk_1` FOREIGN KEY (`post_id`) REFERENCES `posts` (`id`) ON DELETE RESTRICT
) ENGINE=InnoDB AUTO_INCREMENT=160 DEFAULT CHARSET=utf8mb4 COLLATE=utf8mb4_unicode_ci;
/*!40101 SET character_set_client = @saved_cs_client */;

--
-- Dumping data for table `post_poll_votes`
--

LOCK TABLES `post_poll_votes` WRITE;
/*!40000 ALTER TABLE `post_poll_votes` DISABLE KEYS */;
INSERT INTO `post_poll_votes` VALUES (1,22,3,1),(2,23,3,1),(3,24,1,1),(4,25,2,2),(5,24,2,2),(6,25,1,1),(7,24,4,3),(8,25,2,3),(9,26,1,2),(10,26,2,3),(11,26,1,5),(12,22,2,2),(13,26,1,10),(14,26,1,6),(15,26,2,9),(16,28,1,9),(17,31,3,2),(18,31,2,10),(19,32,2,10),(20,33,1,10),(21,33,2,2),(22,32,3,2),(23,35,1,9),(24,34,1,9),(25,33,2,9),(26,35,1,10),(27,34,1,10),(28,32,2,9),(29,35,1,17),(30,28,1,4),(31,38,2,21),(32,38,2,17),(33,38,2,28),(34,38,1,9),(35,35,2,30),(36,38,2,16),(37,33,1,16),(38,38,1,34),(39,38,1,10),(40,22,1,9),(41,31,2,9),(42,22,3,10),(43,35,1,2),(44,33,1,1),(45,38,1,2),(46,44,1,1),(47,44,1,2),(48,34,1,2),(49,44,1,10),(50,45,1,10),(51,45,1,2),(52,46,2,1),(53,45,1,1),(54,35,1,1),(55,38,2,1),(56,34,1,1),(58,47,1,1),(59,47,1,2),(60,46,1,2),(61,47,1,10),(62,46,3,10),(63,49,1,2),(64,49,2,10),(65,49,2,1),(66,50,2,2),(67,51,1,2),(68,50,2,10),(69,51,1,10),(70,51,1,1),(71,50,1,1),(72,53,1,9),(73,53,3,2),(74,53,2,10),(75,50,2,9),(76,53,1,1),(77,58,2,2),(78,58,1,9),(79,58,2,10),(80,58,1,1),(93,68,1,10),(99,68,2,2),(111,68,1,9),(113,69,2,2),(122,69,1,1),(124,68,1,1),(125,76,1,9),(126,77,1,9),(127,77,1,2),(128,77,1,10),(129,76,2,2),(130,76,1,10),(131,69,2,10),(132,77,1,1),(133,78,1,9),(134,78,2,2),(135,79,1,2),(136,80,1,2),(137,81,2,2),(138,81,1,9),(139,80,1,9),(140,81,1,1),(141,76,1,1),(142,80,1,1),(143,79,1,1),(144,78,1,1),(145,81,1,10),(146,78,2,10),(147,79,2,10),(148,83,3,2),(149,83,1,10),(150,79,1,9),(151,83,2,9),(152,83,1,1),(153,83,1,41),(154,83,1,42),(155,81,1,42),(156,80,2,42),(157,79,2,42),(158,78,1,42),(159,76,2,42);
/*!40000 ALTER TABLE `post_poll_votes` ENABLE KEYS */;
UNLOCK TABLES;

--
-- Table structure for table `post_trash`
--

DROP TABLE IF EXISTS `post_trash`;
/*!40101 SET @saved_cs_client     = @@character_set_client */;
/*!50503 SET character_set_client = utf8mb4 */;
CREATE TABLE `post_trash` (
  `id` int unsigned NOT NULL AUTO_INCREMENT,
  `user_id` int unsigned NOT NULL,
  `post_id` int unsigned NOT NULL,
  `created_at` timestamp NOT NULL DEFAULT CURRENT_TIMESTAMP,
  PRIMARY KEY (`id`),
  KEY `post_id` (`post_id`),
  CONSTRAINT `post_trash_ibfk_1` FOREIGN KEY (`post_id`) REFERENCES `posts` (`id`) ON DELETE RESTRICT
) ENGINE=InnoDB AUTO_INCREMENT=181 DEFAULT CHARSET=utf8mb4 COLLATE=utf8mb4_unicode_ci;
/*!40101 SET character_set_client = @saved_cs_client */;

--
-- Dumping data for table `post_trash`
--

LOCK TABLES `post_trash` WRITE;
/*!40000 ALTER TABLE `post_trash` DISABLE KEYS */;
INSERT INTO `post_trash` VALUES (74,5,26,'2022-03-17 02:28:58'),(76,3,26,'2022-03-17 02:34:07'),(82,9,32,'2022-06-21 23:04:24'),(101,10,41,'2022-09-04 22:27:20'),(110,10,44,'2022-09-04 23:10:18'),(112,1,43,'2022-09-09 17:48:45'),(129,2,54,'2022-09-18 21:52:43'),(130,2,56,'2022-09-18 21:54:07'),(131,9,56,'2022-09-18 21:54:59'),(132,1,54,'2022-09-24 07:34:29'),(133,2,57,'2022-09-25 22:22:41'),(137,2,61,'2022-10-05 03:34:12'),(138,1,47,'2022-11-06 21:30:03'),(152,9,67,'2022-12-15 03:05:33'),(158,10,71,'2022-12-19 00:15:23'),(160,9,78,'2023-01-23 00:03:33'),(165,10,54,'2023-01-29 22:12:25'),(167,9,82,'2023-01-29 23:40:41'),(179,10,82,'2023-02-09 01:39:41'),(180,42,82,'2023-02-15 22:39:39');
/*!40000 ALTER TABLE `post_trash` ENABLE KEYS */;
UNLOCK TABLES;

--
-- Table structure for table `posts`
--

DROP TABLE IF EXISTS `posts`;
/*!40101 SET @saved_cs_client     = @@character_set_client */;
/*!50503 SET character_set_client = utf8mb4 */;
CREATE TABLE `posts` (
  `id` int unsigned NOT NULL AUTO_INCREMENT,
  `uid` varchar(100) COLLATE utf8mb4_unicode_ci DEFAULT NULL,
  `user_id` int unsigned NOT NULL,
  `title` varchar(100) COLLATE utf8mb4_unicode_ci DEFAULT NULL,
  `image_url` varchar(100) COLLATE utf8mb4_unicode_ci DEFAULT NULL,
  `post_type` int DEFAULT '0',
  `comment_count` int DEFAULT '0',
  `view_count` int DEFAULT '0',
  `like_count` int DEFAULT '0',
  `trash_count` int DEFAULT '0',
  `created_at` timestamp NOT NULL DEFAULT CURRENT_TIMESTAMP,
  `active` tinyint DEFAULT '1',
  `points` int DEFAULT '0',
  `game_id` int DEFAULT '0',
  `team_id` int DEFAULT '0',
  `player_id` int DEFAULT '0',
  `body` text COLLATE utf8mb4_unicode_ci,
  PRIMARY KEY (`id`),
  KEY `user_id` (`user_id`),
  CONSTRAINT `posts_ibfk_1` FOREIGN KEY (`user_id`) REFERENCES `users` (`id`) ON DELETE RESTRICT
) ENGINE=InnoDB AUTO_INCREMENT=86 DEFAULT CHARSET=utf8mb4 COLLATE=utf8mb4_unicode_ci;
/*!40101 SET character_set_client = @saved_cs_client */;

--
-- Dumping data for table `posts`
--

LOCK TABLES `posts` WRITE;
/*!40000 ALTER TABLE `posts` DISABLE KEYS */;
INSERT INTO `posts` VALUES (22,NULL,1,'Test','',1,9,0,1,0,'2022-02-13 22:58:24',1,47,0,1,0,NULL),(23,NULL,1,'Who has the bigger booty','',1,2,0,0,0,'2022-02-16 01:03:21',1,0,0,0,0,NULL),(24,NULL,1,'Okay so bugs off the bar ','',1,3,0,0,0,'2022-02-17 01:55:07',1,0,0,0,0,NULL),(25,NULL,2,'Test1','',1,4,0,0,0,'2022-02-25 22:28:53',1,0,0,0,0,NULL),(26,NULL,5,'Who deserves to be in the mvp race more? ','',1,4,0,0,0,'2022-03-17 02:27:41',1,0,0,0,0,NULL),(28,NULL,2,'Question ','',1,0,0,0,0,'2022-06-04 23:52:45',1,0,0,0,0,NULL),(31,NULL,2,'Who y’all got for Game 2?','',1,10,0,0,0,'2022-06-05 03:09:27',1,0,0,0,0,NULL),(32,NULL,10,'Who would win a 1v1? ','',1,0,0,0,0,'2022-06-05 03:09:39',1,0,0,0,0,NULL),(33,NULL,9,'BOS @ GSW - SPREAD','',1,0,0,0,0,'2022-06-05 03:11:37',1,0,0,0,0,NULL),(34,NULL,9,'BOS @ GSW - TOTAL','',1,0,0,0,0,'2022-06-05 03:13:12',1,0,0,0,0,NULL),(35,NULL,9,'Steph Curry POINTS','',1,0,0,0,0,'2022-06-05 03:16:01',1,0,0,0,0,NULL),(38,NULL,17,'Who gonna have the most 4q points','',1,1,0,0,0,'2022-06-06 00:27:37',1,0,0,0,0,NULL),(41,NULL,1,'TEST TITLE','',0,0,0,0,0,'2022-08-28 16:19:52',1,0,0,0,0,'Lorem ipsum dolor sit amet, consectetur adipiscing elit, sed do eiusmod tempor incididunt ut labore et dolore magna aliqua. Ut enim ad minim veniam, quis nostrud exercitation ullamco laboris nisi ut aliquip ex ea commodo consequat. Duis aute irure dolor in reprehenderit in voluptate velit esse cillum dolore eu fugiat nulla pariatur. Excepteur sint occaecat cupidatat non proident, sunt in culpa qui officia deserunt mollit anim id est laborum.'),(42,NULL,2,'Is Steph curry’s wife hot','',0,7,0,1,0,'2022-08-28 22:15:06',1,1,0,0,0,'Hell no'),(43,NULL,10,'JEREMY LIN > LEBRON JAMES ','',0,2,0,0,0,'2022-08-28 22:38:43',1,0,0,0,0,'Linsanity could have gotten more rings than LGB ever '),(44,NULL,1,'Greatest or nah','',1,2,0,1,0,'2022-09-01 22:37:33',1,2,0,2,0,''),(45,NULL,2,'Who’s mom would you hit','',1,5,0,0,0,'2022-09-04 23:04:20',1,0,0,0,0,'Who is better'),(46,NULL,2,'Who’s your goat? ','',1,13,0,0,0,'2022-09-06 22:28:31',1,0,0,0,0,''),(47,NULL,1,'Some Post','',1,5,0,0,1,'2022-09-10 23:02:40',1,2,0,0,0,''),(48,NULL,2,'Who are your fav ex-nba players','',0,3,0,2,0,'2022-09-11 18:31:56',1,11,0,0,0,'Scalabrine\nBen Wallace\nRon Artest\n'),(49,NULL,2,'Gskansv','',1,0,0,1,0,'2022-09-15 00:03:29',1,0,0,18,0,''),(50,NULL,2,'Who deserves FMVP this year?','',1,2,0,3,0,'2022-09-17 00:23:21',1,5,0,0,0,''),(51,NULL,10,'Who would you pull up to the game with?','',1,0,0,1,0,'2022-09-17 00:29:09',1,2,0,0,0,''),(52,NULL,9,'Too many warriors fans in here! ','',0,4,0,2,0,'2022-09-17 00:31:09',1,27,0,0,0,'Fckin sucks Celtics lost… Tatum gotta put on some muscle! '),(53,NULL,2,'Which pel is most likely to steal yagirl','',1,1,0,3,0,'2022-09-18 21:41:00',1,16,0,24,0,''),(54,NULL,10,'Should Robert Sarver be banned for life?','',0,1,0,1,3,'2022-09-18 21:48:22',1,16,0,26,0,'The NBPA Executive Director is pushing the NBA to ban Phoenix Suns owner Robert Sarver for life. The NBA recently suspended Sarver for 1 year with a $10million fine after investigation found he “said the N word in repeating or purporting to repeat a Black person on at least five occasions during his tenure, including after being advised not to do so\" and \"made many sex-related comments in the workplace.\"\n\nShould he banned for life like Donald Sterling (ex Clippers owner)? 🤔'),(55,NULL,9,'Fun fact ','',0,2,0,1,0,'2022-09-18 21:51:02',1,12,0,24,0,'Did y’all know BI dated a tiny person?!!! '),(56,NULL,2,'Devin booker is a current top 5 player','',0,1,0,1,2,'2022-09-18 21:54:05',1,9,0,26,0,'Basically the new bean'),(57,NULL,9,'FUCK Robert sarver ','',0,2,0,3,1,'2022-09-18 22:02:03',1,17,0,26,0,'FUCK Robert Sarver. #asiansforblacklives '),(58,NULL,2,'Test','',1,0,0,1,0,'2022-09-25 22:36:03',1,11,0,0,0,''),(59,NULL,2,'This man is the goat','',0,1,0,4,0,'2022-09-25 22:37:12',1,13,0,1,141,'Make em dance dance'),(60,NULL,10,'FREE IME UDOKA','',0,0,0,2,0,'2022-09-25 22:46:27',1,4,0,2,0,'My Celtics  don’t deserve this '),(61,NULL,10,'MVP Prediction for 2022-23?','',0,4,0,3,1,'2022-10-02 22:46:14',1,32,0,18,0,'As much as I love Steph, I gotta give it to Luka. Bro been waiting to get one for a minute now.  Who do you guys have for this new season? '),(62,NULL,1,'Image Post','https://trashtalk-public.s3.us-east-2.amazonaws.com/dev-post-images/1-1670732067014.png',0,1,0,2,0,'2022-12-11 04:14:30',1,10,0,0,0,'Awefawefawefawefawefawef'),(63,NULL,2,'Test','',0,0,0,1,0,'2022-12-11 20:38:19',1,2,0,0,0,'Whoa'),(64,NULL,10,'Wow ','https://trashtalk-public.s3.us-east-2.amazonaws.com/dev-post-images/10-1670791156246.png',0,0,0,2,0,'2022-12-11 20:39:38',1,4,0,0,0,'Get in the gameeee'),(65,NULL,10,'Best lefty','https://trashtalk-public.s3.us-east-2.amazonaws.com/dev-post-images/10-1670791236510.png',0,1,0,2,0,'2022-12-11 20:40:53',1,8,0,0,0,'Lol Ben Simmons '),(66,NULL,2,'Test2','',0,0,0,1,0,'2022-12-11 20:41:02',1,1,0,0,0,'Test '),(67,NULL,10,'Test real photo','https://trashtalk-public.s3.us-east-2.amazonaws.com/dev-post-images/10-1670791289969.png',0,2,0,2,1,'2022-12-11 20:41:46',1,27,0,0,0,'Always watching'),(68,NULL,10,'The best player per category ','https://trashtalk-public.s3.us-east-2.amazonaws.com/dev-post-images/10-1670791386120.png',1,0,0,3,0,'2022-12-11 20:43:48',1,14,0,0,0,'Always watching'),(69,NULL,2,'Will lakers ever make clutch freethrows?','https://trashtalk-public.s3.us-east-2.amazonaws.com/dev-post-images/2-1671062512902.png',1,3,0,3,0,'2022-12-15 00:01:58',1,26,0,0,0,''),(70,NULL,1,'Test','https://trashtalk-public.s3.us-east-2.amazonaws.com/dev-post-images/1-1671332731600.png',0,0,0,0,0,'2022-12-18 03:05:33',1,0,0,0,0,'Game post'),(71,NULL,1,'Test','',0,0,0,0,1,'2022-12-18 03:06:04',1,1,1122586,0,0,'Test game post'),(72,NULL,1,'Test 2','https://trashtalk-public.s3.us-east-2.amazonaws.com/dev-post-images/1-1671332826240.png',0,0,0,1,0,'2022-12-18 03:07:07',1,1,1122586,0,0,'Awefawef'),(73,NULL,1,'Test 3','https://trashtalk-public.s3.us-east-2.amazonaws.com/dev-post-images/1-1671332910975.png',0,0,0,1,0,'2022-12-18 03:08:31',1,3,1122586,0,0,'12341'),(74,NULL,10,'Test','https://trashtalk-public.s3.us-east-2.amazonaws.com/dev-post-images/10-1671407625711.png',0,0,0,1,0,'2022-12-18 23:53:58',1,1,0,0,0,'Test'),(75,NULL,10,'Test 2 ','https://trashtalk-public.s3.us-east-2.amazonaws.com/dev-post-images/10-1671407664942.png',0,0,0,1,0,'2022-12-18 23:54:31',1,2,0,0,0,'Another '),(76,NULL,2,'Test','',1,2,0,4,0,'2022-12-19 00:06:40',1,24,0,0,0,''),(77,NULL,2,'Test2','',1,5,0,3,0,'2022-12-19 00:06:53',1,36,0,0,0,''),(78,NULL,9,'Test ','https://trashtalk-public.s3.us-east-2.amazonaws.com/dev-post-images/9-1674432134983.png',1,2,0,2,1,'2023-01-23 00:02:42',1,27,0,0,0,''),(79,NULL,2,'Who’s taking the dub','',1,0,0,2,0,'2023-01-25 01:15:18',1,12,2608335,0,0,''),(80,NULL,2,'Do you miss kobe ','https://trashtalk-public.s3.us-east-2.amazonaws.com/dev-post-images/2-1674609476592.png',1,0,0,3,0,'2023-01-25 01:18:16',1,11,0,0,0,''),(81,NULL,2,'Okay honestly 🐐 or 🤡 ','https://trashtalk-public.s3.us-east-2.amazonaws.com/dev-post-images/2-1674610076737.png',1,0,0,2,0,'2023-01-25 01:27:59',1,13,0,21,1210,''),(82,NULL,10,'DAME TIME ','',0,1,0,0,3,'2023-01-29 22:18:27',1,13,0,27,1382,'DAME TIME '),(83,NULL,2,'Test','',1,0,0,3,0,'2023-01-29 23:53:02',1,18,0,0,0,''),(84,NULL,42,'Hoops to go\n','',0,0,0,1,0,'2023-02-14 16:46:36',1,1,3482031,0,0,'I love Boston '),(85,NULL,1,'Test','',0,0,0,1,0,'2023-02-17 17:58:52',1,1,0,0,0,'Yo');
/*!40000 ALTER TABLE `posts` ENABLE KEYS */;
UNLOCK TABLES;

--
-- Table structure for table `raffle_tickets`
--

DROP TABLE IF EXISTS `raffle_tickets`;
/*!40101 SET @saved_cs_client     = @@character_set_client */;
/*!50503 SET character_set_client = utf8mb4 */;
CREATE TABLE `raffle_tickets` (
  `id` int unsigned NOT NULL AUTO_INCREMENT,
  `raffle_id` int unsigned NOT NULL,
  `user_id` int unsigned NOT NULL,
  `ticket_id` int unsigned NOT NULL,
  PRIMARY KEY (`id`),
  KEY `user_id` (`user_id`),
  KEY `raffle_id` (`raffle_id`),
  KEY `ticket_id` (`ticket_id`),
  CONSTRAINT `raffle_tickets_ibfk_1` FOREIGN KEY (`user_id`) REFERENCES `users` (`id`) ON DELETE CASCADE,
  CONSTRAINT `raffle_tickets_ibfk_2` FOREIGN KEY (`raffle_id`) REFERENCES `raffles` (`id`) ON DELETE CASCADE,
  CONSTRAINT `raffle_tickets_ibfk_3` FOREIGN KEY (`ticket_id`) REFERENCES `user_raffle_tickets` (`id`) ON DELETE CASCADE
) ENGINE=InnoDB AUTO_INCREMENT=4 DEFAULT CHARSET=utf8mb4 COLLATE=utf8mb4_unicode_ci;
/*!40101 SET character_set_client = @saved_cs_client */;

--
-- Dumping data for table `raffle_tickets`
--

LOCK TABLES `raffle_tickets` WRITE;
/*!40000 ALTER TABLE `raffle_tickets` DISABLE KEYS */;
INSERT INTO `raffle_tickets` VALUES (1,1,1,1),(2,1,2,2),(3,2,2,3);
/*!40000 ALTER TABLE `raffle_tickets` ENABLE KEYS */;
UNLOCK TABLES;

--
-- Table structure for table `raffles`
--

DROP TABLE IF EXISTS `raffles`;
/*!40101 SET @saved_cs_client     = @@character_set_client */;
/*!50503 SET character_set_client = utf8mb4 */;
CREATE TABLE `raffles` (
  `id` int unsigned NOT NULL AUTO_INCREMENT,
  `name` varchar(300) COLLATE utf8mb4_unicode_ci DEFAULT NULL,
  `image_url` varchar(300) COLLATE utf8mb4_unicode_ci DEFAULT NULL,
  `closes_at` timestamp NULL DEFAULT NULL,
  PRIMARY KEY (`id`)
) ENGINE=InnoDB AUTO_INCREMENT=16 DEFAULT CHARSET=utf8mb4 COLLATE=utf8mb4_unicode_ci;
/*!40101 SET character_set_client = @saved_cs_client */;

--
-- Dumping data for table `raffles`
--

LOCK TABLES `raffles` WRITE;
/*!40000 ALTER TABLE `raffles` DISABLE KEYS */;
INSERT INTO `raffles` VALUES (1,'test 1','','2023-01-16 19:24:12'),(2,'test 2','','2023-01-16 19:24:17'),(3,'test 3','','2023-01-16 19:24:22'),(4,'test 4','','2023-01-16 19:24:37'),(5,'test 1','','2023-01-24 01:58:31'),(6,'test 2','','2023-01-24 01:58:36'),(7,'some test 3','','2023-01-24 01:58:43'),(8,'test 1','https://trashtalk-assets.s3.us-west-1.amazonaws.com/SB+LOBSTER.png','2023-01-31 10:18:42'),(9,'test 2','https://trashtalk-assets.s3.us-west-1.amazonaws.com/kobe+bryant+card.png','2023-01-31 10:19:36'),(10,'test 3','https://trashtalk-assets.s3.us-west-1.amazonaws.com/lebron+james+action+figure.png','2023-01-31 10:20:05'),(11,'test 4','https://trashtalk-assets.s3.us-west-1.amazonaws.com/jordan+1+chicago+.png','2023-01-31 10:20:36'),(12,'test 5','https://trashtalk-assets.s3.us-west-1.amazonaws.com/jordan+11+retro+cherry.png','2023-01-31 10:20:56'),(13,'test 6','https://trashtalk-assets.s3.us-west-1.amazonaws.com/jordan+4+retro+military+black.png','2023-01-31 10:21:15'),(14,'test 7','https://trashtalk-assets.s3.us-west-1.amazonaws.com/chronicles+panini+21box.png','2023-01-31 10:21:38'),(15,'test 8','https://trashtalk-assets.s3.us-west-1.amazonaws.com/jordan+1+blue.png','2023-01-31 10:22:00');
/*!40000 ALTER TABLE `raffles` ENABLE KEYS */;
UNLOCK TABLES;

--
-- Table structure for table `user_codes`
--

DROP TABLE IF EXISTS `user_codes`;
/*!40101 SET @saved_cs_client     = @@character_set_client */;
/*!50503 SET character_set_client = utf8mb4 */;
CREATE TABLE `user_codes` (
  `user_id` int unsigned NOT NULL,
  `code` varchar(30) COLLATE utf8mb4_unicode_ci DEFAULT NULL,
  `type` int DEFAULT '0',
  `created_at` timestamp NOT NULL DEFAULT CURRENT_TIMESTAMP,
  UNIQUE KEY `user_id` (`user_id`,`type`),
  CONSTRAINT `user_codes_ibfk_1` FOREIGN KEY (`user_id`) REFERENCES `users` (`id`) ON DELETE RESTRICT
) ENGINE=InnoDB DEFAULT CHARSET=utf8mb4 COLLATE=utf8mb4_unicode_ci;
/*!40101 SET character_set_client = @saved_cs_client */;

--
-- Dumping data for table `user_codes`
--

LOCK TABLES `user_codes` WRITE;
/*!40000 ALTER TABLE `user_codes` DISABLE KEYS */;
INSERT INTO `user_codes` VALUES (24,'16f4fg47',0,'2022-06-05 23:49:20');
/*!40000 ALTER TABLE `user_codes` ENABLE KEYS */;
UNLOCK TABLES;

--
-- Table structure for table `user_followers`
--

DROP TABLE IF EXISTS `user_followers`;
/*!40101 SET @saved_cs_client     = @@character_set_client */;
/*!50503 SET character_set_client = utf8mb4 */;
CREATE TABLE `user_followers` (
  `id` int unsigned NOT NULL AUTO_INCREMENT,
  `user_id` int unsigned NOT NULL,
  `following_id` int unsigned NOT NULL,
  `created_at` timestamp NOT NULL DEFAULT CURRENT_TIMESTAMP,
  PRIMARY KEY (`id`),
  UNIQUE KEY `user_following_id` (`user_id`,`following_id`),
  KEY `following_id` (`following_id`),
  CONSTRAINT `user_followers_ibfk_1` FOREIGN KEY (`user_id`) REFERENCES `users` (`id`) ON DELETE CASCADE,
  CONSTRAINT `user_followers_ibfk_2` FOREIGN KEY (`following_id`) REFERENCES `users` (`id`) ON DELETE CASCADE
) ENGINE=InnoDB AUTO_INCREMENT=40 DEFAULT CHARSET=utf8mb4 COLLATE=utf8mb4_unicode_ci;
/*!40101 SET character_set_client = @saved_cs_client */;

--
-- Dumping data for table `user_followers`
--

LOCK TABLES `user_followers` WRITE;
/*!40000 ALTER TABLE `user_followers` DISABLE KEYS */;
INSERT INTO `user_followers` VALUES (4,6,2,'2022-04-20 05:42:40'),(9,6,3,'2022-04-20 05:44:23'),(10,6,4,'2022-04-20 05:44:24'),(11,6,8,'2022-04-20 05:44:28'),(12,9,6,'2022-04-20 12:38:23'),(14,9,5,'2022-04-20 12:44:56'),(15,9,7,'2022-04-20 12:44:57'),(20,2,1,'2022-04-22 00:45:18'),(21,10,9,'2022-04-22 00:45:19'),(22,2,4,'2022-04-22 00:45:25'),(23,4,1,'2022-05-05 00:55:19'),(24,4,5,'2022-05-05 00:55:31'),(25,28,9,'2022-06-06 00:22:02'),(26,10,30,'2022-06-08 01:18:53'),(27,10,29,'2022-06-08 01:18:56'),(28,10,33,'2022-06-08 01:19:04'),(29,10,32,'2022-06-08 01:19:06'),(30,10,31,'2022-06-08 01:19:07'),(31,10,27,'2022-06-08 01:19:11'),(32,10,22,'2022-06-08 01:19:16'),(33,10,20,'2022-06-08 01:19:18'),(34,10,17,'2022-06-08 01:19:20'),(35,10,16,'2022-08-14 19:41:39'),(36,1,2,'2022-09-01 22:38:21'),(37,1,34,'2022-09-01 22:38:27'),(38,2,10,'2022-09-25 22:43:39'),(39,9,21,'2022-12-15 03:07:23');
/*!40000 ALTER TABLE `user_followers` ENABLE KEYS */;
UNLOCK TABLES;

--
-- Table structure for table `user_post_hides`
--

DROP TABLE IF EXISTS `user_post_hides`;
/*!40101 SET @saved_cs_client     = @@character_set_client */;
/*!50503 SET character_set_client = utf8mb4 */;
CREATE TABLE `user_post_hides` (
  `id` int unsigned NOT NULL AUTO_INCREMENT,
  `user_id` int unsigned NOT NULL,
  `post_id` int unsigned NOT NULL,
  `created_at` timestamp NULL DEFAULT CURRENT_TIMESTAMP,
  PRIMARY KEY (`id`)
) ENGINE=InnoDB AUTO_INCREMENT=7 DEFAULT CHARSET=utf8mb4 COLLATE=utf8mb4_unicode_ci;
/*!40101 SET character_set_client = @saved_cs_client */;

--
-- Dumping data for table `user_post_hides`
--

LOCK TABLES `user_post_hides` WRITE;
/*!40000 ALTER TABLE `user_post_hides` DISABLE KEYS */;
INSERT INTO `user_post_hides` VALUES (6,10,82,'2023-02-09 01:40:27');
/*!40000 ALTER TABLE `user_post_hides` ENABLE KEYS */;
UNLOCK TABLES;

--
-- Table structure for table `user_post_reports`
--

DROP TABLE IF EXISTS `user_post_reports`;
/*!40101 SET @saved_cs_client     = @@character_set_client */;
/*!50503 SET character_set_client = utf8mb4 */;
CREATE TABLE `user_post_reports` (
  `id` int unsigned NOT NULL AUTO_INCREMENT,
  `user_id` int unsigned NOT NULL,
  `post_id` int unsigned NOT NULL,
  `created_at` timestamp NULL DEFAULT CURRENT_TIMESTAMP,
  PRIMARY KEY (`id`)
) ENGINE=InnoDB AUTO_INCREMENT=4 DEFAULT CHARSET=utf8mb4 COLLATE=utf8mb4_unicode_ci;
/*!40101 SET character_set_client = @saved_cs_client */;

--
-- Dumping data for table `user_post_reports`
--

LOCK TABLES `user_post_reports` WRITE;
/*!40000 ALTER TABLE `user_post_reports` DISABLE KEYS */;
INSERT INTO `user_post_reports` VALUES (3,10,82,'2023-02-09 01:40:27');
/*!40000 ALTER TABLE `user_post_reports` ENABLE KEYS */;
UNLOCK TABLES;

--
-- Table structure for table `user_raffle_tickets`
--

DROP TABLE IF EXISTS `user_raffle_tickets`;
/*!40101 SET @saved_cs_client     = @@character_set_client */;
/*!50503 SET character_set_client = utf8mb4 */;
CREATE TABLE `user_raffle_tickets` (
  `id` int unsigned NOT NULL AUTO_INCREMENT,
  `user_id` int unsigned NOT NULL,
  PRIMARY KEY (`id`),
  KEY `user_id` (`user_id`),
  CONSTRAINT `user_raffle_tickets_ibfk_1` FOREIGN KEY (`user_id`) REFERENCES `users` (`id`) ON DELETE CASCADE
) ENGINE=InnoDB AUTO_INCREMENT=4 DEFAULT CHARSET=utf8mb4 COLLATE=utf8mb4_unicode_ci;
/*!40101 SET character_set_client = @saved_cs_client */;

--
-- Dumping data for table `user_raffle_tickets`
--

LOCK TABLES `user_raffle_tickets` WRITE;
/*!40000 ALTER TABLE `user_raffle_tickets` DISABLE KEYS */;
INSERT INTO `user_raffle_tickets` VALUES (1,1),(2,2),(3,2);
/*!40000 ALTER TABLE `user_raffle_tickets` ENABLE KEYS */;
UNLOCK TABLES;

--
-- Table structure for table `user_user_hides`
--

DROP TABLE IF EXISTS `user_user_hides`;
/*!40101 SET @saved_cs_client     = @@character_set_client */;
/*!50503 SET character_set_client = utf8mb4 */;
CREATE TABLE `user_user_hides` (
  `id` int unsigned NOT NULL AUTO_INCREMENT,
  `user_id` int unsigned NOT NULL,
  `hidden_user_id` int unsigned NOT NULL,
  `created_at` timestamp NULL DEFAULT CURRENT_TIMESTAMP,
  PRIMARY KEY (`id`)
) ENGINE=InnoDB AUTO_INCREMENT=2 DEFAULT CHARSET=utf8mb4 COLLATE=utf8mb4_unicode_ci;
/*!40101 SET character_set_client = @saved_cs_client */;

--
-- Dumping data for table `user_user_hides`
--

LOCK TABLES `user_user_hides` WRITE;
/*!40000 ALTER TABLE `user_user_hides` DISABLE KEYS */;
/*!40000 ALTER TABLE `user_user_hides` ENABLE KEYS */;
UNLOCK TABLES;

--
-- Table structure for table `users`
--

DROP TABLE IF EXISTS `users`;
/*!40101 SET @saved_cs_client     = @@character_set_client */;
/*!50503 SET character_set_client = utf8mb4 */;
CREATE TABLE `users` (
  `id` int unsigned NOT NULL AUTO_INCREMENT,
  `uid` varchar(100) COLLATE utf8mb4_unicode_ci DEFAULT NULL,
  `username` varchar(100) COLLATE utf8mb4_unicode_ci DEFAULT NULL,
  `password` varchar(512) COLLATE utf8mb4_unicode_ci DEFAULT NULL,
  `email` varchar(100) COLLATE utf8mb4_unicode_ci DEFAULT NULL,
  `avatar_url` varchar(200) COLLATE utf8mb4_unicode_ci DEFAULT NULL,
  `created_at` timestamp NOT NULL DEFAULT CURRENT_TIMESTAMP,
  `verified` tinyint DEFAULT '0',
  `admin` tinyint DEFAULT '0',
  `bio` varchar(400) COLLATE utf8mb4_unicode_ci DEFAULT NULL,
  `user_uid` varchar(200) COLLATE utf8mb4_unicode_ci DEFAULT NULL,
  PRIMARY KEY (`id`),
  UNIQUE KEY `username` (`username`),
  UNIQUE KEY `email` (`email`)
) ENGINE=InnoDB AUTO_INCREMENT=43 DEFAULT CHARSET=utf8mb4 COLLATE=utf8mb4_unicode_ci;
/*!40101 SET character_set_client = @saved_cs_client */;

--
-- Dumping data for table `users`
--

LOCK TABLES `users` WRITE;
/*!40000 ALTER TABLE `users` DISABLE KEYS */;
INSERT INTO `users` VALUES (1,'44bf0d3b-ad25-4464-9276-48e6b86cbae1','neom','$2a$10$tths35N2Mr1n1cFUtgX0Me0wA9slLaVy3OEUX9cdFycH8Ictu3a2O','test','https://trashtalk-public.s3.us-east-2.amazonaws.com/profile_images/user-44bf0d3b-ad25-4464-9276-48e6b86cbae1.png','2021-11-21 18:50:56',1,1,'New bio what what up the butt','1b9d6bcd-bbfd-4b2d-9b5d-ab8dfbbd4bed'),(2,'44bf0d3b-ad25-4464-9276-48e6b86cbae2','PhoenixPointGod','$2a$10$tths35N2Mr1n1cFUtgX0Me0wA9slLaVy3OEUX9cdFycH8Ictu3a2O','sam@tt.com','https://trashtalk-public.s3.us-east-2.amazonaws.com/profile_images/user-44bf0d3b-ad25-4464-9276-48e6b86cbae2.png','2021-11-21 18:50:56',1,1,'Duck chuck','1b9d6bcd-bbfd-4b2d-9b5d-ab8dfbbd4bee'),(3,'44bf0d3b-ad25-4464-9276-48e6b86cbae3','LebronJamesHairline','$2a$10$tths35N2Mr1n1cFUtgX0Me0wA9slLaVy3OEUX9cdFycH8Ictu3a2O','dk@tt.com',NULL,'2021-11-21 18:50:56',1,1,' Change examplennnbb','1b9d6bcd-bbfd-4b2d-9b5d-ab8dfbbd4bef'),(4,'44bf0d3b-ad25-4464-9276-48e6b86cbae4','Peter','$2a$10$tths35N2Mr1n1cFUtgX0Me0wA9slLaVy3OEUX9cdFycH8Ictu3a2O','peter@tt.com','https://trashtalk-public.s3.us-east-2.amazonaws.com/profile_images/user-4.png','2021-11-21 18:50:56',1,1,'My name is Peter','1b9d6bcd-bbfd-4b2d-9b5d-ab8dfbbd4beg'),(5,'44bf0d3b-ad25-4464-9276-48e6b86cbae5','Fuckboy69','$2a$10$tths35N2Mr1n1cFUtgX0Me0wA9slLaVy3OEUX9cdFycH8Ictu3a2O','phil@tt.com',NULL,'2021-11-21 18:50:56',1,1,'Kansnnsnsanns','1b9d6bcd-bbfd-4b2d-9b5d-ab8dfbbd4beh'),(6,'44bf0d3b-ad25-4464-9276-48e6b86cbae9','Iamnoel','$2a$10$NFyQJGA81ZrgcSnCeT/eR.K8b4XhsdGsrsMJQ6c.PwjQi3N9D72ya','noeleom@gmail.com',NULL,'2022-04-10 17:47:52',1,0,'This is my real account',NULL),(7,'c2e6f43b-8486-45ce-b131-84794a1becd4','PeterBen90','$2a$10$PofGUOvu45O3X0FRkkj.GucI2n0/gm2rG39gQoAbC7K0oAWIyTkaW','peterbenvenuto90@gmail.com',NULL,'2022-04-10 22:41:29',1,0,NULL,NULL),(8,'b35b58dc-213f-4f83-a584-1e46d14a44ed','BoobMan','$2a$10$PofGUOvu45O3X0FRkkj.Gusu5Pn5OhKMod35MLe42NIo550zwH6Z2','samuel.s.eom@gmail.com',NULL,'2022-04-10 22:43:00',1,0,NULL,NULL),(9,'51f477a6-1a60-4292-9ecc-2c9a9ebc2213','Shaquille.Oatmeal','$2a$10$PofGUOvu45O3X0FRkkj.Gu00JNNizpLGhtSv0gPNDSNB..XU7lmZS','pchow@trashtalksportsapp.com','https://trashtalk-public.s3.us-east-2.amazonaws.com/profile_images/user-51f477a6-1a60-4292-9ecc-2c9a9ebc2213.png','2022-04-10 22:44:06',1,0,'Bitchass ',NULL),(10,'1b0f4acf-cd8b-4ecf-bfe4-475699dce850','The_Truth_Hurts','$2a$10$PofGUOvu45O3X0FRkkj.GutbWf3ogKpi4.i2On6yNe8o.YOC0bwLG','dkuark@gmail.com','https://trashtalk-public.s3.us-east-2.amazonaws.com/profile_images/user-1b0f4acf-cd8b-4ecf-bfe4-475699dce850.png','2022-04-10 22:44:21',1,0,'\nDELL CURRY COMIN FOR YOUR WIFE !!!! 👀👀👀👀👀',NULL),(16,'fea1bbd3-0ded-409c-acbb-45dba60b9119','TestNoelGOC','$2a$10$44xl3aGEY7Eswsy/mxXYRe85TT2La.403ivgeuJwj5UM9nHvJ7Loy','noel@getonecrew.com',NULL,'2022-05-27 01:21:22',1,0,NULL,NULL),(17,'44280b28-0b37-4e04-8b5d-12ecbb1b7269','ReggieShmurda','$2a$10$1UN2ZUp7hEgVsIibRF5rd.LaDMzjkQp4cTkk/Y8E73o/8Z785TVE.','sameomonster@gmail.com',NULL,'2022-06-05 21:35:24',1,0,NULL,NULL),(18,'fac42bf4-a6a6-465f-b8a8-0d7e04780609','smdjdj','$2a$10$1UN2ZUp7hEgVsIibRF5rd.Ktk8QDkXTyczddblvSUKqqmLe33emk6','paulshark023@gmail.com',NULL,'2022-06-05 21:48:01',1,0,NULL,NULL),(19,'0e89fa4a-8598-4c2e-a4f6-d79b3b3d1b32','FlatEarther','$2a$10$1UN2ZUp7hEgVsIibRF5rd.zHkxOsoq8pRUM0JR1feOrgVSbsQsr1O','d.yang0111@gmail.com',NULL,'2022-06-05 22:24:13',1,0,NULL,NULL),(20,'967a8995-a933-4cdf-9fb9-dd1f57576048','KoreanJesus','$2a$10$1UN2ZUp7hEgVsIibRF5rd.2r1rGFfW45q7F0FpaMdu9b6nvV2vDpK','daniel.ck.park@gmail.com',NULL,'2022-06-05 22:32:17',1,0,NULL,NULL),(21,'47ffdb50-2043-4b5c-a0af-4aa7991e11b0','Emez','$2a$10$1UN2ZUp7hEgVsIibRF5rd.u8kJkeJsZSm2ar1WnXA1KJJRjbvzj0e','sinj4588@gmail.com',NULL,'2022-06-05 23:09:21',1,0,NULL,NULL),(22,'4f5a004f-0781-44e7-bc66-ffd8403a821a','Sk9','$2a$10$1UN2ZUp7hEgVsIibRF5rd.nOWLi/txa1JjwoSnIWGXeM0huTracjC','sylviaaakim@yahoo.com',NULL,'2022-06-05 23:10:47',1,0,'Live laugh trash talk xd',NULL),(23,'491d2f3a-9b23-4612-baca-84eec885071a','buckleupjonny','$2a$10$1UN2ZUp7hEgVsIibRF5rd.Tcs0NzmCjc1BeONvH2enu/dPIToA1zK','jonjchoi88@gmail.com',NULL,'2022-06-05 23:14:28',1,0,NULL,NULL),(24,'2ed50843-d6fd-44e3-ab97-002b8e33bf73','Tina_ Montana ','$2a$10$1UN2ZUp7hEgVsIibRF5rd.Il8JOs0ax5TkdQIfr0c0kl/dcCzyyIW','ccasarez22@gmail.com',NULL,'2022-06-05 23:49:20',0,0,NULL,NULL),(27,'5318a0e0-e947-43e7-8aa6-cc36b0255ffa','noisivolien','$2a$10$1UN2ZUp7hEgVsIibRF5rd.rVgnFtYKtQ5t1rxanCoCNXPG4pIIAr6','neil.senegal@gmail.com',NULL,'2022-06-06 00:10:09',1,0,NULL,NULL),(28,'5fbb3d9f-dd34-42f4-8ee2-febdb50010b7','AlGOATford','$2a$10$1UN2ZUp7hEgVsIibRF5rd.6jMj0RkU4vPrTNMX9KyLDzmy2KdVcQq','yashdoshi111@gmail.com',NULL,'2022-06-06 00:17:28',1,0,NULL,NULL),(29,'a99526ab-7416-4195-a46c-8373f98fb0f0','Tina Montata','$2a$10$1UN2ZUp7hEgVsIibRF5rd.DXZ98mdi1xfsZbpXr4e4jr3KWusL81G','ccasarez22@yahoo.com',NULL,'2022-06-06 00:27:57',1,0,NULL,NULL),(30,'c3851455-c622-4889-a80b-865f4cccf286','AlexsTrashTalk28','$2a$10$1UN2ZUp7hEgVsIibRF5rd.ykq.IXaSa95iCYsBEx1mpVh48VRs9Du','alexsnursinginfo@gmail.com',NULL,'2022-06-06 00:33:05',1,0,NULL,NULL),(31,'2194820c-795f-41f4-9a72-b6966d445b9e','sammowu','$2a$10$1UN2ZUp7hEgVsIibRF5rd.TahRfc.bPPaiH1Uqh.oTtLgzFLTQ0Pa','sammowu@gmail.com',NULL,'2022-06-06 00:34:42',1,0,NULL,NULL),(32,'fec11acd-fccb-452b-81dc-0b6e7151f147','dm44880','$2a$10$1UN2ZUp7hEgVsIibRF5rd.mLX8OGeb2IiGzXz.P1NoVE0JTzumaBO','danmai44880@gmail.com',NULL,'2022-06-06 00:45:05',1,0,NULL,NULL),(33,'bfdee37b-bd63-4693-98f7-3c27e9c345ec','Mwood777','$2a$10$1UN2ZUp7hEgVsIibRF5rd.ZkThHnaDllJmmJmfA1fMjITSOuHjorW','mwood777@icloud.com',NULL,'2022-06-06 00:59:32',1,0,NULL,NULL),(34,'092813a7-f2cf-495e-9e81-9b5f78c3d3d6','Chiameow','$2a$10$1UN2ZUp7hEgVsIibRF5rd.OB0FB/dK5BQWDxrxNsCmSlaqJ3xRQLK','iamchiawu@gmail.com',NULL,'2022-06-06 01:52:01',1,0,NULL,NULL),(35,'e109227c-ffe6-45a5-b6f6-22d99a0e5c17','ewwsports','$2a$10$1UN2ZUp7hEgVsIibRF5rd.RinCk0O2dQ0TfpYXd.tDQIen/E86bk6','nojerms@gmail.com',NULL,'2022-06-06 02:13:13',1,0,NULL,NULL),(40,'306f46e0-5005-4ef9-9c70-67f0f4b27451','iostest','$2a$10$F3lW2NSvRZxJRCIsNTCd5uEFAzKvABYSxfvCbWsUkuWyF/BQzRuu2','iostest',NULL,'2023-02-07 18:21:52',1,0,NULL,NULL),(41,'917cb775-3c6d-479e-8f41-5346eed43856','4PFBETS','$2a$10$ChikNsfIGxBUbKR7lOP55urmehOrvJACWl0iFPfKYoAHJqMMCPypa','4pfbets@gmail.com',NULL,'2023-02-14 06:43:06',1,0,NULL,NULL),(42,'40252580-7821-40d8-b9a7-ebc58143d42f','ryry663','$2a$10$ChikNsfIGxBUbKR7lOP55uF2.RnMh3ddAb7PkYRWxb5UQtPA3XxPW','rlerman1234@gmail.com',NULL,'2023-02-14 16:44:16',1,0,'I love sports ',NULL);
/*!40000 ALTER TABLE `users` ENABLE KEYS */;
UNLOCK TABLES;
/*!50003 SET @saved_cs_client      = @@character_set_client */ ;
/*!50003 SET @saved_cs_results     = @@character_set_results */ ;
/*!50003 SET @saved_col_connection = @@collation_connection */ ;
/*!50003 SET character_set_client  = utf8mb4 */ ;
/*!50003 SET character_set_results = utf8mb4 */ ;
/*!50003 SET collation_connection  = utf8mb4_0900_ai_ci */ ;
/*!50003 SET @saved_sql_mode       = @@sql_mode */ ;
/*!50003 SET sql_mode              = 'ONLY_FULL_GROUP_BY,STRICT_TRANS_TABLES,NO_ZERO_IN_DATE,NO_ZERO_DATE,ERROR_FOR_DIVISION_BY_ZERO,NO_ENGINE_SUBSTITUTION' */ ;
DELIMITER ;;
/*!50003 CREATE*/ /*!50017 DEFINER=`root`@`localhost`*/ /*!50003 TRIGGER `users_game_data` AFTER INSERT ON `users` FOR EACH ROW BEGIN
    INSERT INTO `users_game_data` SET `user_id` = NEW.id;
  END */;;
DELIMITER ;
/*!50003 SET sql_mode              = @saved_sql_mode */ ;
/*!50003 SET character_set_client  = @saved_cs_client */ ;
/*!50003 SET character_set_results = @saved_cs_results */ ;
/*!50003 SET collation_connection  = @saved_col_connection */ ;
/*!50003 SET @saved_cs_client      = @@character_set_client */ ;
/*!50003 SET @saved_cs_results     = @@character_set_results */ ;
/*!50003 SET @saved_col_connection = @@collation_connection */ ;
/*!50003 SET character_set_client  = utf8mb4 */ ;
/*!50003 SET character_set_results = utf8mb4 */ ;
/*!50003 SET collation_connection  = utf8mb4_0900_ai_ci */ ;
/*!50003 SET @saved_sql_mode       = @@sql_mode */ ;
/*!50003 SET sql_mode              = 'ONLY_FULL_GROUP_BY,STRICT_TRANS_TABLES,NO_ZERO_IN_DATE,NO_ZERO_DATE,ERROR_FOR_DIVISION_BY_ZERO,NO_ENGINE_SUBSTITUTION' */ ;
DELIMITER ;;
/*!50003 CREATE*/ /*!50017 DEFINER=`root`@`localhost`*/ /*!50003 TRIGGER `users_auth_data` AFTER INSERT ON `users` FOR EACH ROW BEGIN
    INSERT INTO `users_auth` SET `user_id` = NEW.id;
  END */;;
DELIMITER ;
/*!50003 SET sql_mode              = @saved_sql_mode */ ;
/*!50003 SET character_set_client  = @saved_cs_client */ ;
/*!50003 SET character_set_results = @saved_cs_results */ ;
/*!50003 SET collation_connection  = @saved_col_connection */ ;

--
-- Table structure for table `users_auth`
--

DROP TABLE IF EXISTS `users_auth`;
/*!40101 SET @saved_cs_client     = @@character_set_client */;
/*!50503 SET character_set_client = utf8mb4 */;
CREATE TABLE `users_auth` (
  `user_id` int unsigned NOT NULL,
  `token` varchar(500) COLLATE utf8mb4_unicode_ci DEFAULT NULL,
  `created_at` timestamp NOT NULL DEFAULT CURRENT_TIMESTAMP,
  KEY `user_id` (`user_id`),
  CONSTRAINT `users_auth_ibfk_1` FOREIGN KEY (`user_id`) REFERENCES `users` (`id`) ON DELETE RESTRICT
) ENGINE=InnoDB DEFAULT CHARSET=utf8mb4 COLLATE=utf8mb4_unicode_ci;
/*!40101 SET character_set_client = @saved_cs_client */;

--
-- Dumping data for table `users_auth`
--

LOCK TABLES `users_auth` WRITE;
/*!40000 ALTER TABLE `users_auth` DISABLE KEYS */;
INSERT INTO `users_auth` VALUES (1,NULL,'2021-11-21 18:50:56'),(2,NULL,'2021-11-21 18:50:56'),(3,NULL,'2021-11-21 18:50:56'),(4,NULL,'2021-11-21 18:50:56'),(5,NULL,'2021-11-21 18:50:56'),(6,NULL,'2022-04-10 17:47:52'),(7,NULL,'2022-04-10 22:41:29'),(8,NULL,'2022-04-10 22:43:00'),(9,NULL,'2022-04-10 22:44:06'),(10,NULL,'2022-04-10 22:44:21'),(16,NULL,'2022-05-27 01:21:22'),(17,NULL,'2022-06-05 21:35:24'),(18,NULL,'2022-06-05 21:48:01'),(19,NULL,'2022-06-05 22:24:13'),(20,NULL,'2022-06-05 22:32:17'),(21,NULL,'2022-06-05 23:09:21'),(22,NULL,'2022-06-05 23:10:47'),(23,NULL,'2022-06-05 23:14:28'),(24,NULL,'2022-06-05 23:49:20'),(27,NULL,'2022-06-06 00:10:09'),(28,NULL,'2022-06-06 00:17:28'),(29,NULL,'2022-06-06 00:27:57'),(30,NULL,'2022-06-06 00:33:05'),(31,NULL,'2022-06-06 00:34:42'),(32,NULL,'2022-06-06 00:45:05'),(33,NULL,'2022-06-06 00:59:32'),(34,NULL,'2022-06-06 01:52:01'),(35,NULL,'2022-06-06 02:13:13'),(40,NULL,'2023-02-07 18:21:52'),(41,NULL,'2023-02-14 06:43:06'),(42,NULL,'2023-02-14 16:44:16');
/*!40000 ALTER TABLE `users_auth` ENABLE KEYS */;
UNLOCK TABLES;

--
-- Table structure for table `users_game_data`
--

DROP TABLE IF EXISTS `users_game_data`;
/*!40101 SET @saved_cs_client     = @@character_set_client */;
/*!50503 SET character_set_client = utf8mb4 */;
CREATE TABLE `users_game_data` (
  `user_id` int unsigned NOT NULL,
  `points` int NOT NULL DEFAULT '0',
  KEY `user_id` (`user_id`),
  CONSTRAINT `users_game_data_ibfk_1` FOREIGN KEY (`user_id`) REFERENCES `users` (`id`) ON DELETE RESTRICT
) ENGINE=InnoDB DEFAULT CHARSET=utf8mb4 COLLATE=utf8mb4_unicode_ci;
/*!40101 SET character_set_client = @saved_cs_client */;

--
-- Dumping data for table `users_game_data`
--

LOCK TABLES `users_game_data` WRITE;
/*!40000 ALTER TABLE `users_game_data` DISABLE KEYS */;
INSERT INTO `users_game_data` VALUES (1,0),(2,0),(3,0),(4,0),(5,0),(6,0),(7,0),(8,0),(9,0),(10,0),(16,0),(17,0),(18,0),(19,0),(20,0),(21,0),(22,0),(23,0),(24,0),(27,0),(28,0),(29,0),(30,0),(31,0),(32,0),(33,0),(34,0),(35,0),(40,0),(41,0),(42,0);
/*!40000 ALTER TABLE `users_game_data` ENABLE KEYS */;
UNLOCK TABLES;
/*!40103 SET TIME_ZONE=@OLD_TIME_ZONE */;

/*!40101 SET SQL_MODE=@OLD_SQL_MODE */;
/*!40014 SET FOREIGN_KEY_CHECKS=@OLD_FOREIGN_KEY_CHECKS */;
/*!40014 SET UNIQUE_CHECKS=@OLD_UNIQUE_CHECKS */;
/*!40101 SET CHARACTER_SET_CLIENT=@OLD_CHARACTER_SET_CLIENT */;
/*!40101 SET CHARACTER_SET_RESULTS=@OLD_CHARACTER_SET_RESULTS */;
/*!40101 SET COLLATION_CONNECTION=@OLD_COLLATION_CONNECTION */;
/*!40111 SET SQL_NOTES=@OLD_SQL_NOTES */;

-- Dump completed on 2023-02-17 19:11:20
